search_term,month,search_index
camping lessons,2015-01,39
camping lessons,2015-02,41
camping lessons,2015-03,52
camping lessons,2015-04,61
camping lessons,2015-05,71
camping lessons,2015-06,100
camping lessons,2015-07,91
camping lessons,2015-08,78
camping lessons,2015-09,43
camping lessons,2015-10,29
camping lessons,2015-11,23
camping lessons,2015-12,37
camping lessons,2016-01,35
camping lessons,2016-02,46
camping lessons,2016-03,49
camping lessons,2016-04,48
camping lessons,2016-05,62
camping lessons,2016-06,81
camping lessons,2016-07,64
camping lessons,2016-08,59
camping lessons,2016-09,46
camping lessons,2016-10,29
camping lessons,2016-11,21
camping lessons,2016-12,24
camping lessons,2017-01,34
camping lessons,2017-02,46
camping lessons,2017-03,48
camping lessons,2017-04,45
camping lessons,2017-05,60
camping lessons,2017-06,83
camping lessons,2017-07,82
camping lessons,2017-08,68
camping lessons,2017-09,33
camping lessons,2017-10,33
camping lessons,2017-11,26
camping lessons,2017-12,36
camping lessons,2018-01,42
camping lessons,2018-02,41
camping lessons,2018-03,49
camping lessons,2018-04,49
camping lessons,2018-05,73
camping lessons,2018-06,73
camping lessons,2018-07,83
camping lessons,2018-08,65
camping lessons,2018-09,46
camping lessons,2018-10,30
camping lessons,2018-11,28
camping lessons,2018-12,20
camping lessons,2019-01,39
camping lessons,2019-02,41
camping lessons,2019-03,29
camping lessons,2019-04,44
camping lessons,2019-05,54
camping lessons,2019-06,69
camping lessons,2019-07,73
camping lessons,2019-08,49
camping lessons,2019-09,38
camping lessons,2019-10,21
camping lessons,2019-11,30
camping lessons,2019-12,26
camping lessons,2020-01,32
camping lessons,2020-02,32
camping lessons,2020-03,23
camping lessons,2020-04,16
camping lessons,2020-05,37
camping lessons,2020-06,63
camping lessons,2020-07,72
camping lessons,2020-08,61
camping lessons,2020-09,34
camping lessons,2020-10,16
camping lessons,2020-11,24
camping lessons,2020-12,30
camping lessons,2021-01,26
camping lessons,2021-02,26
camping lessons,2021-03,42
camping lessons,2021-04,48
camping lessons,2021-05,62
camping lessons,2021-06,64
camping lessons,2021-07,70
camping lessons,2021-08,66
camping lessons,2021-09,33
camping lessons,2021-10,31
camping lessons,2021-11,30
camping lessons,2021-12,29
camping lessons,2022-01,43
camping lessons,2022-02,29
camping lessons,2022-03,64
camping lessons,2022-04,50
camping lessons,2022-05,57
camping lessons,2022-06,56
camping lessons,2022-07,76
camping lessons,2022-08,51
camping lessons,2022-09,31
camping lessons,2022-10,31
camping lessons,2022-11,31
camping lessons,2022-12,34
camping lessons,2023-01,35
camping lessons,2023-02,35
camping lessons,2023-03,41
camping lessons,2023-04,46
camping lessons,2023-05,51
camping lessons,2023-06,58
camping lessons,2023-07,53
camping lessons,2023-08,48
camping lessons,2023-09,26
camping lessons,2023-10,21
camping lessons,2023-11,29
camping lessons,2023-12,31
camping lessons,2024-01,33
camping lessons,2024-02,37
camping lessons,2024-03,44
camping lessons,2024-04,42
camping lessons,2024-05,48
camping lessons,2024-06,48
camping lessons,2024-07,56
camping lessons,2024-08,47
camping lessons,2024-09,31
camping lessons,2024-10,27
camping lessons,2024-11,17
camping lessons,2024-12,25
camping course,2015-01,36
camping course,2015-02,37
camping course,2015-03,50
camping course,2015-04,61
camping course,2015-05,74
camping course,2015-06,82
camping course,2015-07,100
camping course,2015-08,87
camping course,2015-09,46
camping course,2015-10,30
camping course,2015-11,26
camping course,2015-12,20
camping course,2016-01,36
camping course,2016-02,35
camping course,2016-03,49
camping course,2016-04,60
camping course,2016-05,76
camping course,2016-06,84
camping course,2016-07,93
camping course,2016-08,75
camping course,2016-09,44
camping course,2016-10,37
camping course,2016-11,23
camping course,2016-12,25
camping course,2017-01,33
camping course,2017-02,41
camping course,2017-03,47
camping course,2017-04,57
camping course,2017-05,72
camping course,2017-06,83
camping course,2017-07,96
camping course,2017-08,88
camping course,2017-09,55
camping course,2017-10,39
camping course,2017-11,24
camping course,2017-12,25
camping course,2018-01,36
camping course,2018-02,42
camping course,2018-03,41
camping course,2018-04,51
camping course,2018-05,67
camping course,2018-06,84
camping course,2018-07,82
camping course,2018-08,70
camping course,2018-09,39
camping course,2018-10,27
camping course,2018-11,26
camping course,2018-12,22
camping course,2019-01,33
camping course,2019-02,38
camping course,2019-03,44
camping course,2019-04,46
camping course,2019-05,57
camping course,2019-06,65
camping course,2019-07,79
camping course,2019-08,72
camping course,2019-09,38
camping course,2019-10,26
camping course,2019-11,24
camping course,2019-12,25
camping course,2020-01,33
camping course,2020-02,32
camping course,2020-03,28
camping course,2020-04,25
camping course,2020-05,49
camping course,2020-06,77
camping course,2020-07,85
camping course,2020-08,79
camping course,2020-09,48
camping course,2020-10,29
camping course,2020-11,25
camping course,2020-12,23
camping course,2021-01,25
camping course,2021-02,30
camping course,2021-03,37
camping course,2021-04,50
camping course,2021-05,58
camping course,2021-06,75
camping course,2021-07,88
camping course,2021-08,71
camping course,2021-09,45
camping course,2021-10,34
camping course,2021-11,29
camping course,2021-12,25
camping course,2022-01,38
camping course,2022-02,47
camping course,2022-03,46
camping course,2022-04,60
camping course,2022-05,64
camping course,2022-06,74
camping course,2022-07,80
camping course,2022-08,71
camping course,2022-09,43
camping course,2022-10,31
camping course,2022-11,28
camping course,2022-12,25
camping course,2023-01,33
camping course,2023-02,41
camping course,2023-03,44
camping course,2023-04,54
camping course,2023-05,63
camping course,2023-06,72
camping course,2023-07,79
camping course,2023-08,72
camping course,2023-09,44
camping course,2023-10,28
camping course,2023-11,26
camping course,2023-12,28
camping course,2024-01,34
camping course,2024-02,40
camping course,2024-03,44
camping course,2024-04,57
camping course,2024-05,59
camping course,2024-06,63
camping course,2024-07,68
camping course,2024-08,69
camping course,2024-09,39
camping course,2024-10,30
camping course,2024-11,29
camping course,2024-12,24
learn camping,2015-01,49
learn camping,2015-02,36
learn camping,2015-03,34
learn camping,2015-04,50
learn camping,2015-05,35
learn camping,2015-06,63
learn camping,2015-07,54
learn camping,2015-08,45
learn camping,2015-09,40
learn camping,2015-10,32
learn camping,2015-11,22
learn camping,2015-12,28
learn camping,2016-01,32
learn camping,2016-02,39
learn camping,2016-03,33
learn camping,2016-04,32
learn camping,2016-05,44
learn camping,2016-06,58
learn camping,2016-07,53
learn camping,2016-08,43
learn camping,2016-09,38
learn camping,2016-10,30
learn camping,2016-11,20
learn camping,2016-12,29
learn camping,2017-01,46
learn camping,2017-02,37
learn camping,2017-03,54
learn camping,2017-04,49
learn camping,2017-05,62
learn camping,2017-06,40
learn camping,2017-07,58
learn camping,2017-08,44
learn camping,2017-09,38
learn camping,2017-10,31
learn camping,2017-11,32
learn camping,2017-12,28
learn camping,2018-01,44
learn camping,2018-02,39
learn camping,2018-03,35
learn camping,2018-04,34
learn camping,2018-05,43
learn camping,2018-06,54
learn camping,2018-07,52
learn camping,2018-08,60
learn camping,2018-09,41
learn camping,2018-10,28
learn camping,2018-11,34
learn camping,2018-12,30
learn camping,2019-01,43
learn camping,2019-02,38
learn camping,2019-03,25
learn camping,2019-04,42
learn camping,2019-05,36
learn camping,2019-06,39
learn camping,2019-07,49
learn camping,2019-08,45
learn camping,2019-09,46
learn camping,2019-10,38
learn camping,2019-11,40
learn camping,2019-12,35
learn camping,2020-01,24
learn camping,2020-02,33
learn camping,2020-03,36
learn camping,2020-04,34
learn camping,2020-05,48
learn camping,2020-06,68
learn camping,2020-07,64
learn camping,2020-08,50
learn camping,2020-09,59
learn camping,2020-10,36
learn camping,2020-11,42
learn camping,2020-12,40
learn camping,2021-01,41
learn camping,2021-02,43
learn camping,2021-03,47
learn camping,2021-04,62
learn camping,2021-05,74
learn camping,2021-06,50
learn camping,2021-07,53
learn camping,2021-08,41
learn camping,2021-09,47
learn camping,2021-10,54
learn camping,2021-11,61
learn camping,2021-12,49
learn camping,2022-01,57
learn camping,2022-02,80
learn camping,2022-03,100
learn camping,2022-04,89
learn camping,2022-05,88
learn camping,2022-06,72
learn camping,2022-07,56
learn camping,2022-08,54
learn camping,2022-09,56
learn camping,2022-10,64
learn camping,2022-11,49
learn camping,2022-12,51
learn camping,2023-01,41
learn camping,2023-02,93
learn camping,2023-03,74
learn camping,2023-04,55
learn camping,2023-05,91
learn camping,2023-06,65
learn camping,2023-07,52
learn camping,2023-08,46
learn camping,2023-09,59
learn camping,2023-10,49
learn camping,2023-11,46
learn camping,2023-12,45
learn camping,2024-01,52
learn camping,2024-02,62
learn camping,2024-03,58
learn camping,2024-04,63
learn camping,2024-05,77
learn camping,2024-06,50
learn camping,2024-07,64
learn camping,2024-08,54
learn camping,2024-09,57
learn camping,2024-10,50
learn camping,2024-11,53
learn camping,2024-12,60
camping guide course,2015-01,0
camping guide course,2015-02,0
camping guide course,2015-03,0
camping guide course,2015-04,0
camping guide course,2015-05,0
camping guide course,2015-06,0
camping guide course,2015-07,0
camping guide course,2015-08,0
camping guide course,2015-09,0
camping guide course,2015-10,0
camping guide course,2015-11,0
camping guide course,2015-12,0
camping guide course,2016-01,0
camping guide course,2016-02,0
camping guide course,2016-03,0
camping guide course,2016-04,100
camping guide course,2016-05,0
camping guide course,2016-06,0
camping guide course,2016-07,0
camping guide course,2016-08,0
camping guide course,2016-09,0
camping guide course,2016-10,0
camping guide course,2016-11,0
camping guide course,2016-12,0
camping guide course,2017-01,0
camping guide course,2017-02,0
camping guide course,2017-03,0
camping guide course,2017-04,0
camping guide course,2017-05,0
camping guide course,2017-06,0
camping guide course,2017-07,0
camping guide course,2017-08,0
camping guide course,2017-09,0
camping guide course,2017-10,0
camping guide course,2017-11,0
camping guide course,2017-12,0
camping guide course,2018-01,0
camping guide course,2018-02,0
camping guide course,2018-03,0
camping guide course,2018-04,0
camping guide course,2018-05,0
camping guide course,2018-06,0
camping guide course,2018-07,0
camping guide course,2018-08,0
camping guide course,2018-09,0
camping guide course,2018-10,0
camping guide course,2018-11,0
camping guide course,2018-12,0
camping guide course,2019-01,0
camping guide course,2019-02,0
camping guide course,2019-03,0
camping guide course,2019-04,0
camping guide course,2019-05,0
camping guide course,2019-06,0
camping guide course,2019-07,0
camping guide course,2019-08,0
camping guide course,2019-09,0
camping guide course,2019-10,0
camping guide course,2019-11,0
camping guide course,2019-12,0
camping guide course,2020-01,0
camping guide course,2020-02,0
camping guide course,2020-03,0
camping guide course,2020-04,0
camping guide course,2020-05,0
camping guide course,2020-06,0
camping guide course,2020-07,0
camping guide course,2020-08,0
camping guide course,2020-09,0
camping guide course,2020-10,0
camping guide course,2020-11,0
camping guide course,2020-12,0
camping guide course,2021-01,0
camping guide course,2021-02,0
camping guide course,2021-03,0
camping guide course,2021-04,0
camping guide course,2021-05,0
camping guide course,2021-06,0
camping guide course,2021-07,0
camping guide course,2021-08,0
camping guide course,2021-09,0
camping guide course,2021-10,0
camping guide course,2021-11,0
camping guide course,2021-12,0
camping guide course,2022-01,0
camping guide course,2022-02,0
camping guide course,2022-03,0
camping guide course,2022-04,0
camping guide course,2022-05,0
camping guide course,2022-06,68
camping guide course,2022-07,0
camping guide course,2022-08,0
camping guide course,2022-09,0
camping guide course,2022-10,0
camping guide course,2022-11,0
camping guide course,2022-12,0
camping guide course,2023-01,0
camping guide course,2023-02,0
camping guide course,2023-03,0
camping guide course,2023-04,0
camping guide course,2023-05,0
camping guide course,2023-06,0
camping guide course,2023-07,0
camping guide course,2023-08,0
camping guide course,2023-09,0
camping guide course,2023-10,0
camping guide course,2023-11,0
camping guide course,2023-12,0
camping guide course,2024-01,0
camping guide course,2024-02,0
camping guide course,2024-03,0
camping guide course,2024-04,0
camping guide course,2024-05,0
camping guide course,2024-06,0
camping guide course,2024-07,0
camping guide course,2024-08,0
camping guide course,2024-09,0
camping guide course,2024-10,0
camping guide course,2024-11,0
camping guide course,2024-12,0
camping school,2015-01,67
camping school,2015-02,60
camping school,2015-03,70
camping school,2015-04,75
camping school,2015-05,90
camping school,2015-06,91
camping school,2015-07,95
camping school,2015-08,100
camping school,2015-09,68
camping school,2015-10,46
camping school,2015-11,42
camping school,2015-12,40
camping school,2016-01,63
camping school,2016-02,69
camping school,2016-03,68
camping school,2016-04,69
camping school,2016-05,88
camping school,2016-06,91
camping school,2016-07,89
camping school,2016-08,85
camping school,2016-09,67
camping school,2016-10,50
camping school,2016-11,39
camping school,2016-12,41
camping school,2017-01,67
camping school,2017-02,65
camping school,2017-03,75
camping school,2017-04,73
camping school,2017-05,85
camping school,2017-06,87
camping school,2017-07,95
camping school,2017-08,94
camping school,2017-09,67
camping school,2017-10,53
camping school,2017-11,43
camping school,2017-12,45
camping school,2018-01,71
camping school,2018-02,68
camping school,2018-03,72
camping school,2018-04,74
camping school,2018-05,87
camping school,2018-06,84
camping school,2018-07,89
camping school,2018-08,89
camping school,2018-09,62
camping school,2018-10,49
camping school,2018-11,42
camping school,2018-12,41
camping school,2019-01,66
camping school,2019-02,60
camping school,2019-03,65
camping school,2019-04,66
camping school,2019-05,75
camping school,2019-06,85
camping school,2019-07,88
camping school,2019-08,86
camping school,2019-09,68
camping school,2019-10,46
camping school,2019-11,42
camping school,2019-12,40
camping school,2020-01,62
camping school,2020-02,57
camping school,2020-03,44
camping school,2020-04,30
camping school,2020-05,56
camping school,2020-06,84
camping school,2020-07,87
camping school,2020-08,85
camping school,2020-09,64
camping school,2020-10,41
camping school,2020-11,34
camping school,2020-12,35
camping school,2021-01,54
camping school,2021-02,56
camping school,2021-03,63
camping school,2021-04,69
camping school,2021-05,74
camping school,2021-06,86
camping school,2021-07,77
camping school,2021-08,77
camping school,2021-09,56
camping school,2021-10,50
camping school,2021-11,44
camping school,2021-12,40
camping school,2022-01,74
camping school,2022-02,69
camping school,2022-03,77
camping school,2022-04,82
camping school,2022-05,89
camping school,2022-06,90
camping school,2022-07,84
camping school,2022-08,87
camping school,2022-09,66
camping school,2022-10,55
camping school,2022-11,46
camping school,2022-12,44
camping school,2023-01,72
camping school,2023-02,67
camping school,2023-03,73
camping school,2023-04,70
camping school,2023-05,86
camping school,2023-06,80
camping school,2023-07,76
camping school,2023-08,75
camping school,2023-09,59
camping school,2023-10,50
camping school,2023-11,46
camping school,2023-12,39
camping school,2024-01,61
camping school,2024-02,59
camping school,2024-03,62
camping school,2024-04,68
camping school,2024-05,77
camping school,2024-06,71
camping school,2024-07,73
camping school,2024-08,78
camping school,2024-09,63
camping school,2024-10,48
camping school,2024-11,46
camping school,2024-12,46
camping training,2015-01,53
camping training,2015-02,52
camping training,2015-03,60
camping training,2015-04,49
camping training,2015-05,66
camping training,2015-06,74
camping training,2015-07,76
camping training,2015-08,71
camping training,2015-09,47
camping training,2015-10,44
camping training,2015-11,33
camping training,2015-12,34
camping training,2016-01,54
camping training,2016-02,55
camping training,2016-03,59
camping training,2016-04,56
camping training,2016-05,69
camping training,2016-06,69
camping training,2016-07,73
camping training,2016-08,72
camping training,2016-09,50
camping training,2016-10,42
camping training,2016-11,37
camping training,2016-12,30
camping training,2017-01,64
camping training,2017-02,68
camping training,2017-03,63
camping training,2017-04,62
camping training,2017-05,61
camping training,2017-06,82
camping training,2017-07,86
camping training,2017-08,68
camping training,2017-09,46
camping training,2017-10,55
camping training,2017-11,41
camping training,2017-12,48
camping training,2018-01,68
camping training,2018-02,50
camping training,2018-03,59
camping training,2018-04,56
camping training,2018-05,82
camping training,2018-06,79
camping training,2018-07,100
camping training,2018-08,83
camping training,2018-09,64
camping training,2018-10,50
camping training,2018-11,55
camping training,2018-12,45
camping training,2019-01,59
camping training,2019-02,60
camping training,2019-03,66
camping training,2019-04,63
camping training,2019-05,73
camping training,2019-06,83
camping training,2019-07,81
camping training,2019-08,72
camping training,2019-09,48
camping training,2019-10,48
camping training,2019-11,36
camping training,2019-12,38
camping training,2020-01,53
camping training,2020-02,56
camping training,2020-03,34
camping training,2020-04,38
camping training,2020-05,46
camping training,2020-06,68
camping training,2020-07,78
camping training,2020-08,70
camping training,2020-09,56
camping training,2020-10,43
camping training,2020-11,28
camping training,2020-12,38
camping training,2021-01,43
camping training,2021-02,43
camping training,2021-03,49
camping training,2021-04,45
camping training,2021-05,58
camping training,2021-06,71
camping training,2021-07,66
camping training,2021-08,61
camping training,2021-09,49
camping training,2021-10,43
camping training,2021-11,47
camping training,2021-12,38
camping training,2022-01,48
camping training,2022-02,51
camping training,2022-03,60
camping training,2022-04,61
camping training,2022-05,71
camping training,2022-06,77
camping training,2022-07,87
camping training,2022-08,82
camping training,2022-09,51
camping training,2022-10,46
camping training,2022-11,35
camping training,2022-12,36
camping training,2023-01,56
camping training,2023-02,52
camping training,2023-03,58
camping training,2023-04,56
camping training,2023-05,52
camping training,2023-06,68
camping training,2023-07,67
camping training,2023-08,63
camping training,2023-09,54
camping training,2023-10,38
camping training,2023-11,39
camping training,2023-12,39
camping training,2024-01,47
camping training,2024-02,59
camping training,2024-03,53
camping training,2024-04,55
camping training,2024-05,64
camping training,2024-06,65
camping training,2024-07,66
camping training,2024-08,67
camping training,2024-09,49
camping training,2024-10,49
camping training,2024-11,52
camping training,2024-12,44
climbing lessons,2015-01,65
climbing lessons,2015-02,67
climbing lessons,2015-03,63
climbing lessons,2015-04,53
climbing lessons,2015-05,56
climbing lessons,2015-06,59
climbing lessons,2015-07,68
climbing lessons,2015-08,73
climbing lessons,2015-09,62
climbing lessons,2015-10,49
climbing lessons,2015-11,52
climbing lessons,2015-12,58
climbing lessons,2016-01,64
climbing lessons,2016-02,59
climbing lessons,2016-03,67
climbing lessons,2016-04,53
climbing lessons,2016-05,54
climbing lessons,2016-06,70
climbing lessons,2016-07,58
climbing lessons,2016-08,67
climbing lessons,2016-09,51
climbing lessons,2016-10,37
climbing lessons,2016-11,49
climbing lessons,2016-12,63
climbing lessons,2017-01,60
climbing lessons,2017-02,53
climbing lessons,2017-03,57
climbing lessons,2017-04,61
climbing lessons,2017-05,56
climbing lessons,2017-06,60
climbing lessons,2017-07,63
climbing lessons,2017-08,64
climbing lessons,2017-09,69
climbing lessons,2017-10,55
climbing lessons,2017-11,54
climbing lessons,2017-12,57
climbing lessons,2018-01,69
climbing lessons,2018-02,60
climbing lessons,2018-03,49
climbing lessons,2018-04,49
climbing lessons,2018-05,46
climbing lessons,2018-06,49
climbing lessons,2018-07,58
climbing lessons,2018-08,62
climbing lessons,2018-09,64
climbing lessons,2018-10,58
climbing lessons,2018-11,54
climbing lessons,2018-12,50
climbing lessons,2019-01,61
climbing lessons,2019-02,48
climbing lessons,2019-03,59
climbing lessons,2019-04,57
climbing lessons,2019-05,50
climbing lessons,2019-06,50
climbing lessons,2019-07,58
climbing lessons,2019-08,64
climbing lessons,2019-09,58
climbing lessons,2019-10,43
climbing lessons,2019-11,48
climbing lessons,2019-12,52
climbing lessons,2020-01,55
climbing lessons,2020-02,40
climbing lessons,2020-03,23
climbing lessons,2020-04,18
climbing lessons,2020-05,25
climbing lessons,2020-06,37
climbing lessons,2020-07,31
climbing lessons,2020-08,55
climbing lessons,2020-09,52
climbing lessons,2020-10,33
climbing lessons,2020-11,29
climbing lessons,2020-12,31
climbing lessons,2021-01,33
climbing lessons,2021-02,26
climbing lessons,2021-03,37
climbing lessons,2021-04,47
climbing lessons,2021-05,47
climbing lessons,2021-06,47
climbing lessons,2021-07,63
climbing lessons,2021-08,66
climbing lessons,2021-09,53
climbing lessons,2021-10,40
climbing lessons,2021-11,45
climbing lessons,2021-12,42
climbing lessons,2022-01,69
climbing lessons,2022-02,61
climbing lessons,2022-03,51
climbing lessons,2022-04,52
climbing lessons,2022-05,47
climbing lessons,2022-06,55
climbing lessons,2022-07,59
climbing lessons,2022-08,55
climbing lessons,2022-09,50
climbing lessons,2022-10,49
climbing lessons,2022-11,40
climbing lessons,2022-12,43
climbing lessons,2023-01,54
climbing lessons,2023-02,48
climbing lessons,2023-03,49
climbing lessons,2023-04,46
climbing lessons,2023-05,43
climbing lessons,2023-06,45
climbing lessons,2023-07,51
climbing lessons,2023-08,49
climbing lessons,2023-09,51
climbing lessons,2023-10,44
climbing lessons,2023-11,38
climbing lessons,2023-12,41
climbing lessons,2024-01,50
climbing lessons,2024-02,39
climbing lessons,2024-03,43
climbing lessons,2024-04,45
climbing lessons,2024-05,46
climbing lessons,2024-06,44
climbing lessons,2024-07,50
climbing lessons,2024-08,100
climbing lessons,2024-09,55
climbing lessons,2024-10,46
climbing lessons,2024-11,46
climbing lessons,2024-12,45
climbing course,2015-01,29
climbing course,2015-02,29
climbing course,2015-03,33
climbing course,2015-04,28
climbing course,2015-05,32
climbing course,2015-06,30
climbing course,2015-07,34
climbing course,2015-08,34
climbing course,2015-09,31
climbing course,2015-10,25
climbing course,2015-11,23
climbing course,2015-12,25
climbing course,2016-01,30
climbing course,2016-02,29
climbing course,2016-03,34
climbing course,2016-04,31
climbing course,2016-05,29
climbing course,2016-06,36
climbing course,2016-07,34
climbing course,2016-08,32
climbing course,2016-09,31
climbing course,2016-10,29
climbing course,2016-11,28
climbing course,2016-12,27
climbing course,2017-01,32
climbing course,2017-02,30
climbing course,2017-03,33
climbing course,2017-04,37
climbing course,2017-05,33
climbing course,2017-06,37
climbing course,2017-07,37
climbing course,2017-08,35
climbing course,2017-09,37
climbing course,2017-10,34
climbing course,2017-11,29
climbing course,2017-12,29
climbing course,2018-01,30
climbing course,2018-02,33
climbing course,2018-03,34
climbing course,2018-04,34
climbing course,2018-05,33
climbing course,2018-06,33
climbing course,2018-07,37
climbing course,2018-08,37
climbing course,2018-09,32
climbing course,2018-10,29
climbing course,2018-11,29
climbing course,2018-12,32
climbing course,2019-01,34
climbing course,2019-02,30
climbing course,2019-03,38
climbing course,2019-04,35
climbing course,2019-05,33
climbing course,2019-06,38
climbing course,2019-07,40
climbing course,2019-08,38
climbing course,2019-09,32
climbing course,2019-10,31
climbing course,2019-11,25
climbing course,2019-12,30
climbing course,2020-01,34
climbing course,2020-02,31
climbing course,2020-03,23
climbing course,2020-04,19
climbing course,2020-05,20
climbing course,2020-06,23
climbing course,2020-07,25
climbing course,2020-08,30
climbing course,2020-09,27
climbing course,2020-10,24
climbing course,2020-11,21
climbing course,2020-12,19
climbing course,2021-01,18
climbing course,2021-02,18
climbing course,2021-03,23
climbing course,2021-04,26
climbing course,2021-05,30
climbing course,2021-06,31
climbing course,2021-07,35
climbing course,2021-08,34
climbing course,2021-09,28
climbing course,2021-10,23
climbing course,2021-11,29
climbing course,2021-12,25
climbing course,2022-01,32
climbing course,2022-02,32
climbing course,2022-03,33
climbing course,2022-04,34
climbing course,2022-05,35
climbing course,2022-06,33
climbing course,2022-07,35
climbing course,2022-08,31
climbing course,2022-09,27
climbing course,2022-10,29
climbing course,2022-11,29
climbing course,2022-12,26
climbing course,2023-01,29
climbing course,2023-02,30
climbing course,2023-03,31
climbing course,2023-04,29
climbing course,2023-05,31
climbing course,2023-06,33
climbing course,2023-07,31
climbing course,2023-08,32
climbing course,2023-09,30
climbing course,2023-10,28
climbing course,2023-11,29
climbing course,2023-12,28
climbing course,2024-01,32
climbing course,2024-02,36
climbing course,2024-03,32
climbing course,2024-04,35
climbing course,2024-05,33
climbing course,2024-06,30
climbing course,2024-07,35
climbing course,2024-08,100
climbing course,2024-09,34
climbing course,2024-10,31
climbing course,2024-11,31
climbing course,2024-12,34
learn climbing,2015-01,28
learn climbing,2015-02,25
learn climbing,2015-03,19
learn climbing,2015-04,26
learn climbing,2015-05,24
learn climbing,2015-06,25
learn climbing,2015-07,27
learn climbing,2015-08,26
learn climbing,2015-09,24
learn climbing,2015-10,24
learn climbing,2015-11,23
learn climbing,2015-12,17
learn climbing,2016-01,24
learn climbing,2016-02,22
learn climbing,2016-03,26
learn climbing,2016-04,22
learn climbing,2016-05,26
learn climbing,2016-06,24
learn climbing,2016-07,22
learn climbing,2016-08,22
learn climbing,2016-09,24
learn climbing,2016-10,25
learn climbing,2016-11,23
learn climbing,2016-12,20
learn climbing,2017-01,24
learn climbing,2017-02,22
learn climbing,2017-03,26
learn climbing,2017-04,24
learn climbing,2017-05,22
learn climbing,2017-06,26
learn climbing,2017-07,17
learn climbing,2017-08,26
learn climbing,2017-09,27
learn climbing,2017-10,20
learn climbing,2017-11,22
learn climbing,2017-12,22
learn climbing,2018-01,24
learn climbing,2018-02,22
learn climbing,2018-03,27
learn climbing,2018-04,27
learn climbing,2018-05,19
learn climbing,2018-06,20
learn climbing,2018-07,17
learn climbing,2018-08,26
learn climbing,2018-09,23
learn climbing,2018-10,20
learn climbing,2018-11,26
learn climbing,2018-12,22
learn climbing,2019-01,26
learn climbing,2019-02,29
learn climbing,2019-03,30
learn climbing,2019-04,24
learn climbing,2019-05,22
learn climbing,2019-06,22
learn climbing,2019-07,25
learn climbing,2019-08,18
learn climbing,2019-09,26
learn climbing,2019-10,24
learn climbing,2019-11,22
learn climbing,2019-12,24
learn climbing,2020-01,22
learn climbing,2020-02,25
learn climbing,2020-03,17
learn climbing,2020-04,21
learn climbing,2020-05,20
learn climbing,2020-06,17
learn climbing,2020-07,21
learn climbing,2020-08,21
learn climbing,2020-09,23
learn climbing,2020-10,26
learn climbing,2020-11,18
learn climbing,2020-12,19
learn climbing,2021-01,22
learn climbing,2021-02,16
learn climbing,2021-03,20
learn climbing,2021-04,18
learn climbing,2021-05,24
learn climbing,2021-06,22
learn climbing,2021-07,17
learn climbing,2021-08,27
learn climbing,2021-09,22
learn climbing,2021-10,32
learn climbing,2021-11,20
learn climbing,2021-12,30
learn climbing,2022-01,36
learn climbing,2022-02,31
learn climbing,2022-03,37
learn climbing,2022-04,29
learn climbing,2022-05,32
learn climbing,2022-06,36
learn climbing,2022-07,27
learn climbing,2022-08,28
learn climbing,2022-09,27
learn climbing,2022-10,29
learn climbing,2022-11,38
learn climbing,2022-12,25
learn climbing,2023-01,33
learn climbing,2023-02,31
learn climbing,2023-03,32
learn climbing,2023-04,29
learn climbing,2023-05,32
learn climbing,2023-06,28
learn climbing,2023-07,24
learn climbing,2023-08,26
learn climbing,2023-09,28
learn climbing,2023-10,32
learn climbing,2023-11,33
learn climbing,2023-12,28
learn climbing,2024-01,33
learn climbing,2024-02,34
learn climbing,2024-03,34
learn climbing,2024-04,34
learn climbing,2024-05,27
learn climbing,2024-06,32
learn climbing,2024-07,21
learn climbing,2024-08,100
learn climbing,2024-09,31
learn climbing,2024-10,39
learn climbing,2024-11,32
learn climbing,2024-12,28
climbing school,2015-01,12
climbing school,2015-02,11
climbing school,2015-03,12
climbing school,2015-04,12
climbing school,2015-05,11
climbing school,2015-06,11
climbing school,2015-07,10
climbing school,2015-08,10
climbing school,2015-09,12
climbing school,2015-10,10
climbing school,2015-11,9
climbing school,2015-12,9
climbing school,2016-01,12
climbing school,2016-02,12
climbing school,2016-03,10
climbing school,2016-04,11
climbing school,2016-05,14
climbing school,2016-06,12
climbing school,2016-07,10
climbing school,2016-08,11
climbing school,2016-09,10
climbing school,2016-10,11
climbing school,2016-11,9
climbing school,2016-12,9
climbing school,2017-01,11
climbing school,2017-02,11
climbing school,2017-03,11
climbing school,2017-04,11
climbing school,2017-05,11
climbing school,2017-06,10
climbing school,2017-07,10
climbing school,2017-08,10
climbing school,2017-09,10
climbing school,2017-10,10
climbing school,2017-11,9
climbing school,2017-12,9
climbing school,2018-01,11
climbing school,2018-02,12
climbing school,2018-03,11
climbing school,2018-04,11
climbing school,2018-05,10
climbing school,2018-06,10
climbing school,2018-07,10
climbing school,2018-08,10
climbing school,2018-09,11
climbing school,2018-10,10
climbing school,2018-11,9
climbing school,2018-12,8
climbing school,2019-01,11
climbing school,2019-02,11
climbing school,2019-03,11
climbing school,2019-04,11
climbing school,2019-05,11
climbing school,2019-06,11
climbing school,2019-07,10
climbing school,2019-08,11
climbing school,2019-09,11
climbing school,2019-10,10
climbing school,2019-11,9
climbing school,2019-12,9
climbing school,2020-01,10
climbing school,2020-02,10
climbing school,2020-03,8
climbing school,2020-04,6
climbing school,2020-05,7
climbing school,2020-06,7
climbing school,2020-07,8
climbing school,2020-08,8
climbing school,2020-09,9
climbing school,2020-10,8
climbing school,2020-11,8
climbing school,2020-12,6
climbing school,2021-01,7
climbing school,2021-02,7
climbing school,2021-03,8
climbing school,2021-04,8
climbing school,2021-05,9
climbing school,2021-06,8
climbing school,2021-07,9
climbing school,2021-08,10
climbing school,2021-09,9
climbing school,2021-10,8
climbing school,2021-11,9
climbing school,2021-12,8
climbing school,2022-01,11
climbing school,2022-02,11
climbing school,2022-03,12
climbing school,2022-04,11
climbing school,2022-05,11
climbing school,2022-06,11
climbing school,2022-07,10
climbing school,2022-08,10
climbing school,2022-09,12
climbing school,2022-10,10
climbing school,2022-11,11
climbing school,2022-12,9
climbing school,2023-01,12
climbing school,2023-02,11
climbing school,2023-03,12
climbing school,2023-04,10
climbing school,2023-05,10
climbing school,2023-06,9
climbing school,2023-07,9
climbing school,2023-08,9
climbing school,2023-09,11
climbing school,2023-10,10
climbing school,2023-11,10
climbing school,2023-12,9
climbing school,2024-01,10
climbing school,2024-02,12
climbing school,2024-03,11
climbing school,2024-04,11
climbing school,2024-05,11
climbing school,2024-06,9
climbing school,2024-07,10
climbing school,2024-08,100
climbing school,2024-09,12
climbing school,2024-10,11
climbing school,2024-11,10
climbing school,2024-12,10
climbing gym,2015-01,67
climbing gym,2015-02,56
climbing gym,2015-03,55
climbing gym,2015-04,54
climbing gym,2015-05,54
climbing gym,2015-06,54
climbing gym,2015-07,57
climbing gym,2015-08,58
climbing gym,2015-09,56
climbing gym,2015-10,51
climbing gym,2015-11,53
climbing gym,2015-12,59
climbing gym,2016-01,65
climbing gym,2016-02,59
climbing gym,2016-03,59
climbing gym,2016-04,55
climbing gym,2016-05,61
climbing gym,2016-06,57
climbing gym,2016-07,66
climbing gym,2016-08,57
climbing gym,2016-09,59
climbing gym,2016-10,58
climbing gym,2016-11,59
climbing gym,2016-12,65
climbing gym,2017-01,65
climbing gym,2017-02,64
climbing gym,2017-03,68
climbing gym,2017-04,63
climbing gym,2017-05,61
climbing gym,2017-06,61
climbing gym,2017-07,66
climbing gym,2017-08,60
climbing gym,2017-09,61
climbing gym,2017-10,65
climbing gym,2017-11,66
climbing gym,2017-12,67
climbing gym,2018-01,75
climbing gym,2018-02,64
climbing gym,2018-03,65
climbing gym,2018-04,59
climbing gym,2018-05,58
climbing gym,2018-06,62
climbing gym,2018-07,66
climbing gym,2018-08,67
climbing gym,2018-09,63
climbing gym,2018-10,57
climbing gym,2018-11,72
climbing gym,2018-12,75
climbing gym,2019-01,82
climbing gym,2019-02,80
climbing gym,2019-03,91
climbing gym,2019-04,78
climbing gym,2019-05,71
climbing gym,2019-06,80
climbing gym,2019-07,78
climbing gym,2019-08,81
climbing gym,2019-09,72
climbing gym,2019-10,65
climbing gym,2019-11,82
climbing gym,2019-12,95
climbing gym,2020-01,88
climbing gym,2020-02,83
climbing gym,2020-03,49
climbing gym,2020-04,27
climbing gym,2020-05,32
climbing gym,2020-06,45
climbing gym,2020-07,43
climbing gym,2020-08,43
climbing gym,2020-09,47
climbing gym,2020-10,44
climbing gym,2020-11,44
climbing gym,2020-12,43
climbing gym,2021-01,42
climbing gym,2021-02,44
climbing gym,2021-03,46
climbing gym,2021-04,45
climbing gym,2021-05,49
climbing gym,2021-06,60
climbing gym,2021-07,59
climbing gym,2021-08,62
climbing gym,2021-09,56
climbing gym,2021-10,60
climbing gym,2021-11,66
climbing gym,2021-12,68
climbing gym,2022-01,75
climbing gym,2022-02,74
climbing gym,2022-03,73
climbing gym,2022-04,73
climbing gym,2022-05,68
climbing gym,2022-06,72
climbing gym,2022-07,76
climbing gym,2022-08,76
climbing gym,2022-09,70
climbing gym,2022-10,72
climbing gym,2022-11,75
climbing gym,2022-12,80
climbing gym,2023-01,92
climbing gym,2023-02,86
climbing gym,2023-03,76
climbing gym,2023-04,79
climbing gym,2023-05,65
climbing gym,2023-06,76
climbing gym,2023-07,81
climbing gym,2023-08,78
climbing gym,2023-09,72
climbing gym,2023-10,65
climbing gym,2023-11,80
climbing gym,2023-12,86
climbing gym,2024-01,87
climbing gym,2024-02,81
climbing gym,2024-03,79
climbing gym,2024-04,82
climbing gym,2024-05,73
climbing gym,2024-06,78
climbing gym,2024-07,83
climbing gym,2024-08,100
climbing gym,2024-09,76
climbing gym,2024-10,73
climbing gym,2024-11,87
climbing gym,2024-12,91
climbing instructor,2015-01,64
climbing instructor,2015-02,62
climbing instructor,2015-03,75
climbing instructor,2015-04,66
climbing instructor,2015-05,45
climbing instructor,2015-06,75
climbing instructor,2015-07,69
climbing instructor,2015-08,53
climbing instructor,2015-09,63
climbing instructor,2015-10,54
climbing instructor,2015-11,69
climbing instructor,2015-12,41
climbing instructor,2016-01,50
climbing instructor,2016-02,66
climbing instructor,2016-03,100
climbing instructor,2016-04,58
climbing instructor,2016-05,52
climbing instructor,2016-06,37
climbing instructor,2016-07,61
climbing instructor,2016-08,58
climbing instructor,2016-09,65
climbing instructor,2016-10,44
climbing instructor,2016-11,47
climbing instructor,2016-12,62
climbing instructor,2017-01,49
climbing instructor,2017-02,54
climbing instructor,2017-03,56
climbing instructor,2017-04,48
climbing instructor,2017-05,68
climbing instructor,2017-06,62
climbing instructor,2017-07,54
climbing instructor,2017-08,42
climbing instructor,2017-09,45
climbing instructor,2017-10,58
climbing instructor,2017-11,55
climbing instructor,2017-12,52
climbing instructor,2018-01,67
climbing instructor,2018-02,68
climbing instructor,2018-03,51
climbing instructor,2018-04,59
climbing instructor,2018-05,63
climbing instructor,2018-06,73
climbing instructor,2018-07,67
climbing instructor,2018-08,59
climbing instructor,2018-09,70
climbing instructor,2018-10,77
climbing instructor,2018-11,61
climbing instructor,2018-12,52
climbing instructor,2019-01,59
climbing instructor,2019-02,68
climbing instructor,2019-03,75
climbing instructor,2019-04,85
climbing instructor,2019-05,66
climbing instructor,2019-06,69
climbing instructor,2019-07,78
climbing instructor,2019-08,75
climbing instructor,2019-09,61
climbing instructor,2019-10,70
climbing instructor,2019-11,63
climbing instructor,2019-12,43
climbing instructor,2020-01,60
climbing instructor,2020-02,68
climbing instructor,2020-03,44
climbing instructor,2020-04,30
climbing instructor,2020-05,33
climbing instructor,2020-06,42
climbing instructor,2020-07,45
climbing instructor,2020-08,44
climbing instructor,2020-09,53
climbing instructor,2020-10,41
climbing instructor,2020-11,25
climbing instructor,2020-12,36
climbing instructor,2021-01,31
climbing instructor,2021-02,29
climbing instructor,2021-03,33
climbing instructor,2021-04,41
climbing instructor,2021-05,59
climbing instructor,2021-06,46
climbing instructor,2021-07,48
climbing instructor,2021-08,52
climbing instructor,2021-09,43
climbing instructor,2021-10,49
climbing instructor,2021-11,51
climbing instructor,2021-12,41
climbing instructor,2022-01,60
climbing instructor,2022-02,76
climbing instructor,2022-03,86
climbing instructor,2022-04,66
climbing instructor,2022-05,73
climbing instructor,2022-06,61
climbing instructor,2022-07,52
climbing instructor,2022-08,56
climbing instructor,2022-09,60
climbing instructor,2022-10,53
climbing instructor,2022-11,34
climbing instructor,2022-12,34
climbing instructor,2023-01,57
climbing instructor,2023-02,61
climbing instructor,2023-03,63
climbing instructor,2023-04,66
climbing instructor,2023-05,62
climbing instructor,2023-06,68
climbing instructor,2023-07,63
climbing instructor,2023-08,48
climbing instructor,2023-09,60
climbing instructor,2023-10,55
climbing instructor,2023-11,56
climbing instructor,2023-12,54
climbing instructor,2024-01,74
climbing instructor,2024-02,71
climbing instructor,2024-03,69
climbing instructor,2024-04,70
climbing instructor,2024-05,80
climbing instructor,2024-06,58
climbing instructor,2024-07,55
climbing instructor,2024-08,85
climbing instructor,2024-09,84
climbing instructor,2024-10,83
climbing instructor,2024-11,58
climbing instructor,2024-12,46
hiking lessons,2015-01,68
hiking lessons,2015-02,77
hiking lessons,2015-03,64
hiking lessons,2015-04,84
hiking lessons,2015-05,74
hiking lessons,2015-06,67
hiking lessons,2015-07,84
hiking lessons,2015-08,92
hiking lessons,2015-09,51
hiking lessons,2015-10,49
hiking lessons,2015-11,59
hiking lessons,2015-12,60
hiking lessons,2016-01,68
hiking lessons,2016-02,67
hiking lessons,2016-03,41
hiking lessons,2016-04,58
hiking lessons,2016-05,77
hiking lessons,2016-06,69
hiking lessons,2016-07,79
hiking lessons,2016-08,82
hiking lessons,2016-09,71
hiking lessons,2016-10,45
hiking lessons,2016-11,70
hiking lessons,2016-12,62
hiking lessons,2017-01,94
hiking lessons,2017-02,93
hiking lessons,2017-03,61
hiking lessons,2017-04,82
hiking lessons,2017-05,88
hiking lessons,2017-06,64
hiking lessons,2017-07,79
hiking lessons,2017-08,86
hiking lessons,2017-09,49
hiking lessons,2017-10,93
hiking lessons,2017-11,74
hiking lessons,2017-12,41
hiking lessons,2018-01,65
hiking lessons,2018-02,76
hiking lessons,2018-03,75
hiking lessons,2018-04,59
hiking lessons,2018-05,85
hiking lessons,2018-06,69
hiking lessons,2018-07,77
hiking lessons,2018-08,86
hiking lessons,2018-09,65
hiking lessons,2018-10,73
hiking lessons,2018-11,47
hiking lessons,2018-12,70
hiking lessons,2019-01,70
hiking lessons,2019-02,60
hiking lessons,2019-03,69
hiking lessons,2019-04,80
hiking lessons,2019-05,75
hiking lessons,2019-06,63
hiking lessons,2019-07,70
hiking lessons,2019-08,88
hiking lessons,2019-09,49
hiking lessons,2019-10,55
hiking lessons,2019-11,49
hiking lessons,2019-12,64
hiking lessons,2020-01,64
hiking lessons,2020-02,76
hiking lessons,2020-03,40
hiking lessons,2020-04,34
hiking lessons,2020-05,73
hiking lessons,2020-06,40
hiking lessons,2020-07,61
hiking lessons,2020-08,37
hiking lessons,2020-09,48
hiking lessons,2020-10,45
hiking lessons,2020-11,41
hiking lessons,2020-12,84
hiking lessons,2021-01,36
hiking lessons,2021-02,44
hiking lessons,2021-03,52
hiking lessons,2021-04,60
hiking lessons,2021-05,66
hiking lessons,2021-06,81
hiking lessons,2021-07,71
hiking lessons,2021-08,57
hiking lessons,2021-09,66
hiking lessons,2021-10,51
hiking lessons,2021-11,74
hiking lessons,2021-12,50
hiking lessons,2022-01,100
hiking lessons,2022-02,68
hiking lessons,2022-03,91
hiking lessons,2022-04,70
hiking lessons,2022-05,70
hiking lessons,2022-06,83
hiking lessons,2022-07,74
hiking lessons,2022-08,64
hiking lessons,2022-09,74
hiking lessons,2022-10,67
hiking lessons,2022-11,55
hiking lessons,2022-12,72
hiking lessons,2023-01,75
hiking lessons,2023-02,44
hiking lessons,2023-03,71
hiking lessons,2023-04,62
hiking lessons,2023-05,56
hiking lessons,2023-06,61
hiking lessons,2023-07,72
hiking lessons,2023-08,76
hiking lessons,2023-09,49
hiking lessons,2023-10,73
hiking lessons,2023-11,69
hiking lessons,2023-12,71
hiking lessons,2024-01,79
hiking lessons,2024-02,70
hiking lessons,2024-03,80
hiking lessons,2024-04,83
hiking lessons,2024-05,84
hiking lessons,2024-06,86
hiking lessons,2024-07,78
hiking lessons,2024-08,60
hiking lessons,2024-09,65
hiking lessons,2024-10,78
hiking lessons,2024-11,71
hiking lessons,2024-12,74
hiking course,2015-01,57
hiking course,2015-02,48
hiking course,2015-03,52
hiking course,2015-04,79
hiking course,2015-05,70
hiking course,2015-06,80
hiking course,2015-07,69
hiking course,2015-08,74
hiking course,2015-09,62
hiking course,2015-10,39
hiking course,2015-11,48
hiking course,2015-12,45
hiking course,2016-01,56
hiking course,2016-02,53
hiking course,2016-03,74
hiking course,2016-04,71
hiking course,2016-05,85
hiking course,2016-06,80
hiking course,2016-07,76
hiking course,2016-08,55
hiking course,2016-09,70
hiking course,2016-10,60
hiking course,2016-11,49
hiking course,2016-12,48
hiking course,2017-01,65
hiking course,2017-02,60
hiking course,2017-03,69
hiking course,2017-04,74
hiking course,2017-05,87
hiking course,2017-06,79
hiking course,2017-07,82
hiking course,2017-08,80
hiking course,2017-09,65
hiking course,2017-10,63
hiking course,2017-11,63
hiking course,2017-12,53
hiking course,2018-01,60
hiking course,2018-02,67
hiking course,2018-03,72
hiking course,2018-04,77
hiking course,2018-05,73
hiking course,2018-06,79
hiking course,2018-07,91
hiking course,2018-08,62
hiking course,2018-09,70
hiking course,2018-10,51
hiking course,2018-11,50
hiking course,2018-12,53
hiking course,2019-01,53
hiking course,2019-02,48
hiking course,2019-03,63
hiking course,2019-04,67
hiking course,2019-05,68
hiking course,2019-06,78
hiking course,2019-07,81
hiking course,2019-08,79
hiking course,2019-09,61
hiking course,2019-10,65
hiking course,2019-11,52
hiking course,2019-12,45
hiking course,2020-01,57
hiking course,2020-02,56
hiking course,2020-03,50
hiking course,2020-04,46
hiking course,2020-05,86
hiking course,2020-06,79
hiking course,2020-07,93
hiking course,2020-08,84
hiking course,2020-09,69
hiking course,2020-10,69
hiking course,2020-11,54
hiking course,2020-12,42
hiking course,2021-01,52
hiking course,2021-02,53
hiking course,2021-03,58
hiking course,2021-04,61
hiking course,2021-05,68
hiking course,2021-06,73
hiking course,2021-07,65
hiking course,2021-08,67
hiking course,2021-09,46
hiking course,2021-10,53
hiking course,2021-11,46
hiking course,2021-12,37
hiking course,2022-01,56
hiking course,2022-02,83
hiking course,2022-03,84
hiking course,2022-04,80
hiking course,2022-05,81
hiking course,2022-06,88
hiking course,2022-07,86
hiking course,2022-08,70
hiking course,2022-09,72
hiking course,2022-10,62
hiking course,2022-11,54
hiking course,2022-12,50
hiking course,2023-01,60
hiking course,2023-02,68
hiking course,2023-03,72
hiking course,2023-04,82
hiking course,2023-05,78
hiking course,2023-06,86
hiking course,2023-07,82
hiking course,2023-08,84
hiking course,2023-09,72
hiking course,2023-10,73
hiking course,2023-11,60
hiking course,2023-12,63
hiking course,2024-01,63
hiking course,2024-02,70
hiking course,2024-03,83
hiking course,2024-04,100
hiking course,2024-05,89
hiking course,2024-06,93
hiking course,2024-07,78
hiking course,2024-08,83
hiking course,2024-09,84
hiking course,2024-10,75
hiking course,2024-11,69
hiking course,2024-12,63
learn hiking,2015-01,31
learn hiking,2015-02,29
learn hiking,2015-03,45
learn hiking,2015-04,32
learn hiking,2015-05,42
learn hiking,2015-06,38
learn hiking,2015-07,41
learn hiking,2015-08,30
learn hiking,2015-09,40
learn hiking,2015-10,27
learn hiking,2015-11,36
learn hiking,2015-12,38
learn hiking,2016-01,21
learn hiking,2016-02,31
learn hiking,2016-03,40
learn hiking,2016-04,36
learn hiking,2016-05,39
learn hiking,2016-06,57
learn hiking,2016-07,35
learn hiking,2016-08,43
learn hiking,2016-09,38
learn hiking,2016-10,54
learn hiking,2016-11,26
learn hiking,2016-12,43
learn hiking,2017-01,52
learn hiking,2017-02,43
learn hiking,2017-03,40
learn hiking,2017-04,58
learn hiking,2017-05,48
learn hiking,2017-06,58
learn hiking,2017-07,51
learn hiking,2017-08,54
learn hiking,2017-09,43
learn hiking,2017-10,37
learn hiking,2017-11,39
learn hiking,2017-12,25
learn hiking,2018-01,46
learn hiking,2018-02,32
learn hiking,2018-03,23
learn hiking,2018-04,45
learn hiking,2018-05,45
learn hiking,2018-06,34
learn hiking,2018-07,36
learn hiking,2018-08,38
learn hiking,2018-09,31
learn hiking,2018-10,53
learn hiking,2018-11,27
learn hiking,2018-12,35
learn hiking,2019-01,51
learn hiking,2019-02,28
learn hiking,2019-03,49
learn hiking,2019-04,40
learn hiking,2019-05,36
learn hiking,2019-06,42
learn hiking,2019-07,46
learn hiking,2019-08,48
learn hiking,2019-09,42
learn hiking,2019-10,34
learn hiking,2019-11,45
learn hiking,2019-12,31
learn hiking,2020-01,44
learn hiking,2020-02,37
learn hiking,2020-03,38
learn hiking,2020-04,41
learn hiking,2020-05,59
learn hiking,2020-06,47
learn hiking,2020-07,47
learn hiking,2020-08,59
learn hiking,2020-09,51
learn hiking,2020-10,41
learn hiking,2020-11,46
learn hiking,2020-12,44
learn hiking,2021-01,34
learn hiking,2021-02,39
learn hiking,2021-03,46
learn hiking,2021-04,55
learn hiking,2021-05,53
learn hiking,2021-06,39
learn hiking,2021-07,47
learn hiking,2021-08,47
learn hiking,2021-09,47
learn hiking,2021-10,52
learn hiking,2021-11,51
learn hiking,2021-12,36
learn hiking,2022-01,63
learn hiking,2022-02,80
learn hiking,2022-03,92
learn hiking,2022-04,91
learn hiking,2022-05,76
learn hiking,2022-06,63
learn hiking,2022-07,43
learn hiking,2022-08,45
learn hiking,2022-09,62
learn hiking,2022-10,72
learn hiking,2022-11,69
learn hiking,2022-12,49
learn hiking,2023-01,52
learn hiking,2023-02,71
learn hiking,2023-03,67
learn hiking,2023-04,80
learn hiking,2023-05,84
learn hiking,2023-06,60
learn hiking,2023-07,52
learn hiking,2023-08,100
learn hiking,2023-09,61
learn hiking,2023-10,80
learn hiking,2023-11,52
learn hiking,2023-12,58
learn hiking,2024-01,57
learn hiking,2024-02,79
learn hiking,2024-03,77
learn hiking,2024-04,88
learn hiking,2024-05,73
learn hiking,2024-06,62
learn hiking,2024-07,48
learn hiking,2024-08,62
learn hiking,2024-09,79
learn hiking,2024-10,90
learn hiking,2024-11,77
learn hiking,2024-12,63
hiking guide course,2015-01,0
hiking guide course,2015-02,0
hiking guide course,2015-03,0
hiking guide course,2015-04,0
hiking guide course,2015-05,0
hiking guide course,2015-06,0
hiking guide course,2015-07,0
hiking guide course,2015-08,0
hiking guide course,2015-09,0
hiking guide course,2015-10,0
hiking guide course,2015-11,0
hiking guide course,2015-12,0
hiking guide course,2016-01,0
hiking guide course,2016-02,0
hiking guide course,2016-03,0
hiking guide course,2016-04,0
hiking guide course,2016-05,0
hiking guide course,2016-06,0
hiking guide course,2016-07,0
hiking guide course,2016-08,0
hiking guide course,2016-09,0
hiking guide course,2016-10,0
hiking guide course,2016-11,0
hiking guide course,2016-12,0
hiking guide course,2017-01,0
hiking guide course,2017-02,0
hiking guide course,2017-03,0
hiking guide course,2017-04,0
hiking guide course,2017-05,0
hiking guide course,2017-06,0
hiking guide course,2017-07,0
hiking guide course,2017-08,0
hiking guide course,2017-09,0
hiking guide course,2017-10,0
hiking guide course,2017-11,0
hiking guide course,2017-12,0
hiking guide course,2018-01,0
hiking guide course,2018-02,0
hiking guide course,2018-03,0
hiking guide course,2018-04,0
hiking guide course,2018-05,0
hiking guide course,2018-06,0
hiking guide course,2018-07,0
hiking guide course,2018-08,0
hiking guide course,2018-09,0
hiking guide course,2018-10,0
hiking guide course,2018-11,0
hiking guide course,2018-12,0
hiking guide course,2019-01,0
hiking guide course,2019-02,0
hiking guide course,2019-03,0
hiking guide course,2019-04,0
hiking guide course,2019-05,0
hiking guide course,2019-06,0
hiking guide course,2019-07,0
hiking guide course,2019-08,0
hiking guide course,2019-09,0
hiking guide course,2019-10,0
hiking guide course,2019-11,0
hiking guide course,2019-12,0
hiking guide course,2020-01,0
hiking guide course,2020-02,0
hiking guide course,2020-03,0
hiking guide course,2020-04,0
hiking guide course,2020-05,0
hiking guide course,2020-06,0
hiking guide course,2020-07,0
hiking guide course,2020-08,96
hiking guide course,2020-09,73
hiking guide course,2020-10,0
hiking guide course,2020-11,0
hiking guide course,2020-12,0
hiking guide course,2021-01,0
hiking guide course,2021-02,100
hiking guide course,2021-03,0
hiking guide course,2021-04,0
hiking guide course,2021-05,0
hiking guide course,2021-06,0
hiking guide course,2021-07,0
hiking guide course,2021-08,0
hiking guide course,2021-09,0
hiking guide course,2021-10,0
hiking guide course,2021-11,0
hiking guide course,2021-12,0
hiking guide course,2022-01,0
hiking guide course,2022-02,0
hiking guide course,2022-03,0
hiking guide course,2022-04,0
hiking guide course,2022-05,0
hiking guide course,2022-06,70
hiking guide course,2022-07,0
hiking guide course,2022-08,0
hiking guide course,2022-09,0
hiking guide course,2022-10,0
hiking guide course,2022-11,0
hiking guide course,2022-12,0
hiking guide course,2023-01,0
hiking guide course,2023-02,0
hiking guide course,2023-03,0
hiking guide course,2023-04,0
hiking guide course,2023-05,0
hiking guide course,2023-06,0
hiking guide course,2023-07,0
hiking guide course,2023-08,0
hiking guide course,2023-09,0
hiking guide course,2023-10,0
hiking guide course,2023-11,0
hiking guide course,2023-12,0
hiking guide course,2024-01,0
hiking guide course,2024-02,0
hiking guide course,2024-03,0
hiking guide course,2024-04,0
hiking guide course,2024-05,0
hiking guide course,2024-06,0
hiking guide course,2024-07,0
hiking guide course,2024-08,0
hiking guide course,2024-09,0
hiking guide course,2024-10,0
hiking guide course,2024-11,0
hiking guide course,2024-12,0
hiking school,2015-01,61
hiking school,2015-02,66
hiking school,2015-03,74
hiking school,2015-04,68
hiking school,2015-05,86
hiking school,2015-06,86
hiking school,2015-07,77
hiking school,2015-08,100
hiking school,2015-09,86
hiking school,2015-10,69
hiking school,2015-11,62
hiking school,2015-12,56
hiking school,2016-01,81
hiking school,2016-02,74
hiking school,2016-03,82
hiking school,2016-04,86
hiking school,2016-05,95
hiking school,2016-06,84
hiking school,2016-07,85
hiking school,2016-08,85
hiking school,2016-09,91
hiking school,2016-10,79
hiking school,2016-11,69
hiking school,2016-12,69
hiking school,2017-01,83
hiking school,2017-02,84
hiking school,2017-03,82
hiking school,2017-04,96
hiking school,2017-05,84
hiking school,2017-06,80
hiking school,2017-07,90
hiking school,2017-08,93
hiking school,2017-09,85
hiking school,2017-10,83
hiking school,2017-11,68
hiking school,2017-12,74
hiking school,2018-01,82
hiking school,2018-02,81
hiking school,2018-03,91
hiking school,2018-04,81
hiking school,2018-05,93
hiking school,2018-06,78
hiking school,2018-07,86
hiking school,2018-08,89
hiking school,2018-09,85
hiking school,2018-10,79
hiking school,2018-11,69
hiking school,2018-12,63
hiking school,2019-01,74
hiking school,2019-02,66
hiking school,2019-03,69
hiking school,2019-04,72
hiking school,2019-05,78
hiking school,2019-06,81
hiking school,2019-07,87
hiking school,2019-08,88
hiking school,2019-09,77
hiking school,2019-10,66
hiking school,2019-11,62
hiking school,2019-12,53
hiking school,2020-01,60
hiking school,2020-02,70
hiking school,2020-03,66
hiking school,2020-04,51
hiking school,2020-05,82
hiking school,2020-06,72
hiking school,2020-07,91
hiking school,2020-08,97
hiking school,2020-09,85
hiking school,2020-10,62
hiking school,2020-11,56
hiking school,2020-12,48
hiking school,2021-01,62
hiking school,2021-02,55
hiking school,2021-03,66
hiking school,2021-04,61
hiking school,2021-05,70
hiking school,2021-06,65
hiking school,2021-07,66
hiking school,2021-08,78
hiking school,2021-09,80
hiking school,2021-10,73
hiking school,2021-11,57
hiking school,2021-12,52
hiking school,2022-01,76
hiking school,2022-02,72
hiking school,2022-03,89
hiking school,2022-04,90
hiking school,2022-05,96
hiking school,2022-06,79
hiking school,2022-07,78
hiking school,2022-08,96
hiking school,2022-09,83
hiking school,2022-10,77
hiking school,2022-11,73
hiking school,2022-12,62
hiking school,2023-01,80
hiking school,2023-02,86
hiking school,2023-03,83
hiking school,2023-04,86
hiking school,2023-05,89
hiking school,2023-06,75
hiking school,2023-07,69
hiking school,2023-08,88
hiking school,2023-09,79
hiking school,2023-10,79
hiking school,2023-11,69
hiking school,2023-12,67
hiking school,2024-01,79
hiking school,2024-02,86
hiking school,2024-03,83
hiking school,2024-04,96
hiking school,2024-05,96
hiking school,2024-06,79
hiking school,2024-07,79
hiking school,2024-08,88
hiking school,2024-09,98
hiking school,2024-10,78
hiking school,2024-11,83
hiking school,2024-12,80
trekking guide training,2015-01,0
trekking guide training,2015-02,0
trekking guide training,2015-03,0
trekking guide training,2015-04,0
trekking guide training,2015-05,0
trekking guide training,2015-06,0
trekking guide training,2015-07,0
trekking guide training,2015-08,0
trekking guide training,2015-09,0
trekking guide training,2015-10,0
trekking guide training,2015-11,0
trekking guide training,2015-12,0
trekking guide training,2016-01,0
trekking guide training,2016-02,0
trekking guide training,2016-03,0
trekking guide training,2016-04,0
trekking guide training,2016-05,0
trekking guide training,2016-06,0
trekking guide training,2016-07,0
trekking guide training,2016-08,0
trekking guide training,2016-09,0
trekking guide training,2016-10,0
trekking guide training,2016-11,0
trekking guide training,2016-12,0
trekking guide training,2017-01,0
trekking guide training,2017-02,0
trekking guide training,2017-03,0
trekking guide training,2017-04,0
trekking guide training,2017-05,0
trekking guide training,2017-06,0
trekking guide training,2017-07,0
trekking guide training,2017-08,0
trekking guide training,2017-09,0
trekking guide training,2017-10,0
trekking guide training,2017-11,0
trekking guide training,2017-12,0
trekking guide training,2018-01,0
trekking guide training,2018-02,0
trekking guide training,2018-03,0
trekking guide training,2018-04,0
trekking guide training,2018-05,0
trekking guide training,2018-06,0
trekking guide training,2018-07,0
trekking guide training,2018-08,0
trekking guide training,2018-09,0
trekking guide training,2018-10,0
trekking guide training,2018-11,0
trekking guide training,2018-12,0
trekking guide training,2019-01,76
trekking guide training,2019-02,0
trekking guide training,2019-03,0
trekking guide training,2019-04,0
trekking guide training,2019-05,0
trekking guide training,2019-06,0
trekking guide training,2019-07,100
trekking guide training,2019-08,0
trekking guide training,2019-09,0
trekking guide training,2019-10,0
trekking guide training,2019-11,0
trekking guide training,2019-12,0
trekking guide training,2020-01,0
trekking guide training,2020-02,0
trekking guide training,2020-03,0
trekking guide training,2020-04,0
trekking guide training,2020-05,0
trekking guide training,2020-06,0
trekking guide training,2020-07,0
trekking guide training,2020-08,0
trekking guide training,2020-09,0
trekking guide training,2020-10,0
trekking guide training,2020-11,0
trekking guide training,2020-12,0
trekking guide training,2021-01,0
trekking guide training,2021-02,0
trekking guide training,2021-03,0
trekking guide training,2021-04,0
trekking guide training,2021-05,0
trekking guide training,2021-06,0
trekking guide training,2021-07,0
trekking guide training,2021-08,0
trekking guide training,2021-09,0
trekking guide training,2021-10,0
trekking guide training,2021-11,68
trekking guide training,2021-12,0
trekking guide training,2022-01,0
trekking guide training,2022-02,0
trekking guide training,2022-03,0
trekking guide training,2022-04,0
trekking guide training,2022-05,0
trekking guide training,2022-06,0
trekking guide training,2022-07,0
trekking guide training,2022-08,0
trekking guide training,2022-09,0
trekking guide training,2022-10,0
trekking guide training,2022-11,0
trekking guide training,2022-12,0
trekking guide training,2023-01,0
trekking guide training,2023-02,0
trekking guide training,2023-03,0
trekking guide training,2023-04,0
trekking guide training,2023-05,0
trekking guide training,2023-06,0
trekking guide training,2023-07,0
trekking guide training,2023-08,0
trekking guide training,2023-09,0
trekking guide training,2023-10,0
trekking guide training,2023-11,0
trekking guide training,2023-12,0
trekking guide training,2024-01,0
trekking guide training,2024-02,0
trekking guide training,2024-03,0
trekking guide training,2024-04,0
trekking guide training,2024-05,0
trekking guide training,2024-06,0
trekking guide training,2024-07,0
trekking guide training,2024-08,0
trekking guide training,2024-09,0
trekking guide training,2024-10,0
trekking guide training,2024-11,0
trekking guide training,2024-12,0
kitesurfing lessons,2015-01,89
kitesurfing lessons,2015-02,77
kitesurfing lessons,2015-03,74
kitesurfing lessons,2015-04,85
kitesurfing lessons,2015-05,72
kitesurfing lessons,2015-06,85
kitesurfing lessons,2015-07,93
kitesurfing lessons,2015-08,93
kitesurfing lessons,2015-09,62
kitesurfing lessons,2015-10,50
kitesurfing lessons,2015-11,76
kitesurfing lessons,2015-12,71
kitesurfing lessons,2016-01,61
kitesurfing lessons,2016-02,60
kitesurfing lessons,2016-03,71
kitesurfing lessons,2016-04,65
kitesurfing lessons,2016-05,68
kitesurfing lessons,2016-06,78
kitesurfing lessons,2016-07,90
kitesurfing lessons,2016-08,82
kitesurfing lessons,2016-09,65
kitesurfing lessons,2016-10,57
kitesurfing lessons,2016-11,55
kitesurfing lessons,2016-12,85
kitesurfing lessons,2017-01,68
kitesurfing lessons,2017-02,67
kitesurfing lessons,2017-03,63
kitesurfing lessons,2017-04,76
kitesurfing lessons,2017-05,70
kitesurfing lessons,2017-06,95
kitesurfing lessons,2017-07,90
kitesurfing lessons,2017-08,89
kitesurfing lessons,2017-09,52
kitesurfing lessons,2017-10,58
kitesurfing lessons,2017-11,59
kitesurfing lessons,2017-12,69
kitesurfing lessons,2018-01,74
kitesurfing lessons,2018-02,66
kitesurfing lessons,2018-03,55
kitesurfing lessons,2018-04,52
kitesurfing lessons,2018-05,65
kitesurfing lessons,2018-06,62
kitesurfing lessons,2018-07,76
kitesurfing lessons,2018-08,77
kitesurfing lessons,2018-09,64
kitesurfing lessons,2018-10,50
kitesurfing lessons,2018-11,60
kitesurfing lessons,2018-12,68
kitesurfing lessons,2019-01,68
kitesurfing lessons,2019-02,63
kitesurfing lessons,2019-03,61
kitesurfing lessons,2019-04,71
kitesurfing lessons,2019-05,66
kitesurfing lessons,2019-06,70
kitesurfing lessons,2019-07,65
kitesurfing lessons,2019-08,69
kitesurfing lessons,2019-09,50
kitesurfing lessons,2019-10,57
kitesurfing lessons,2019-11,48
kitesurfing lessons,2019-12,63
kitesurfing lessons,2020-01,74
kitesurfing lessons,2020-02,52
kitesurfing lessons,2020-03,39
kitesurfing lessons,2020-04,28
kitesurfing lessons,2020-05,49
kitesurfing lessons,2020-06,75
kitesurfing lessons,2020-07,78
kitesurfing lessons,2020-08,100
kitesurfing lessons,2020-09,67
kitesurfing lessons,2020-10,88
kitesurfing lessons,2020-11,44
kitesurfing lessons,2020-12,49
kitesurfing lessons,2021-01,50
kitesurfing lessons,2021-02,50
kitesurfing lessons,2021-03,52
kitesurfing lessons,2021-04,60
kitesurfing lessons,2021-05,53
kitesurfing lessons,2021-06,63
kitesurfing lessons,2021-07,64
kitesurfing lessons,2021-08,70
kitesurfing lessons,2021-09,41
kitesurfing lessons,2021-10,47
kitesurfing lessons,2021-11,45
kitesurfing lessons,2021-12,44
kitesurfing lessons,2022-01,47
kitesurfing lessons,2022-02,31
kitesurfing lessons,2022-03,47
kitesurfing lessons,2022-04,51
kitesurfing lessons,2022-05,41
kitesurfing lessons,2022-06,49
kitesurfing lessons,2022-07,54
kitesurfing lessons,2022-08,53
kitesurfing lessons,2022-09,40
kitesurfing lessons,2022-10,27
kitesurfing lessons,2022-11,26
kitesurfing lessons,2022-12,29
kitesurfing lessons,2023-01,30
kitesurfing lessons,2023-02,22
kitesurfing lessons,2023-03,29
kitesurfing lessons,2023-04,23
kitesurfing lessons,2023-05,26
kitesurfing lessons,2023-06,36
kitesurfing lessons,2023-07,36
kitesurfing lessons,2023-08,30
kitesurfing lessons,2023-09,22
kitesurfing lessons,2023-10,23
kitesurfing lessons,2023-11,21
kitesurfing lessons,2023-12,23
kitesurfing lessons,2024-01,34
kitesurfing lessons,2024-02,27
kitesurfing lessons,2024-03,21
kitesurfing lessons,2024-04,32
kitesurfing lessons,2024-05,28
kitesurfing lessons,2024-06,33
kitesurfing lessons,2024-07,27
kitesurfing lessons,2024-08,35
kitesurfing lessons,2024-09,27
kitesurfing lessons,2024-10,16
kitesurfing lessons,2024-11,16
kitesurfing lessons,2024-12,27
kite course,2015-01,50
kite course,2015-02,47
kite course,2015-03,51
kite course,2015-04,42
kite course,2015-05,75
kite course,2015-06,43
kite course,2015-07,46
kite course,2015-08,52
kite course,2015-09,37
kite course,2015-10,26
kite course,2015-11,41
kite course,2015-12,32
kite course,2016-01,52
kite course,2016-02,41
kite course,2016-03,31
kite course,2016-04,48
kite course,2016-05,53
kite course,2016-06,65
kite course,2016-07,57
kite course,2016-08,46
kite course,2016-09,47
kite course,2016-10,48
kite course,2016-11,50
kite course,2016-12,34
kite course,2017-01,41
kite course,2017-02,61
kite course,2017-03,49
kite course,2017-04,41
kite course,2017-05,50
kite course,2017-06,40
kite course,2017-07,42
kite course,2017-08,44
kite course,2017-09,44
kite course,2017-10,48
kite course,2017-11,50
kite course,2017-12,53
kite course,2018-01,55
kite course,2018-02,56
kite course,2018-03,64
kite course,2018-04,37
kite course,2018-05,60
kite course,2018-06,55
kite course,2018-07,53
kite course,2018-08,56
kite course,2018-09,49
kite course,2018-10,37
kite course,2018-11,45
kite course,2018-12,49
kite course,2019-01,58
kite course,2019-02,48
kite course,2019-03,43
kite course,2019-04,45
kite course,2019-05,51
kite course,2019-06,50
kite course,2019-07,45
kite course,2019-08,55
kite course,2019-09,43
kite course,2019-10,35
kite course,2019-11,46
kite course,2019-12,41
kite course,2020-01,66
kite course,2020-02,39
kite course,2020-03,42
kite course,2020-04,36
kite course,2020-05,51
kite course,2020-06,56
kite course,2020-07,60
kite course,2020-08,59
kite course,2020-09,51
kite course,2020-10,53
kite course,2020-11,47
kite course,2020-12,43
kite course,2021-01,43
kite course,2021-02,48
kite course,2021-03,42
kite course,2021-04,51
kite course,2021-05,63
kite course,2021-06,73
kite course,2021-07,63
kite course,2021-08,56
kite course,2021-09,48
kite course,2021-10,40
kite course,2021-11,36
kite course,2021-12,49
kite course,2022-01,76
kite course,2022-02,68
kite course,2022-03,87
kite course,2022-04,86
kite course,2022-05,88
kite course,2022-06,85
kite course,2022-07,79
kite course,2022-08,85
kite course,2022-09,84
kite course,2022-10,54
kite course,2022-11,56
kite course,2022-12,65
kite course,2023-01,72
kite course,2023-02,67
kite course,2023-03,82
kite course,2023-04,88
kite course,2023-05,88
kite course,2023-06,96
kite course,2023-07,92
kite course,2023-08,81
kite course,2023-09,65
kite course,2023-10,61
kite course,2023-11,56
kite course,2023-12,53
kite course,2024-01,94
kite course,2024-02,91
kite course,2024-03,75
kite course,2024-04,91
kite course,2024-05,78
kite course,2024-06,92
kite course,2024-07,67
kite course,2024-08,100
kite course,2024-09,65
kite course,2024-10,47
kite course,2024-11,60
kite course,2024-12,62
learn kitesurfing,2015-01,67
learn kitesurfing,2015-02,39
learn kitesurfing,2015-03,40
learn kitesurfing,2015-04,53
learn kitesurfing,2015-05,0
learn kitesurfing,2015-06,49
learn kitesurfing,2015-07,70
learn kitesurfing,2015-08,78
learn kitesurfing,2015-09,38
learn kitesurfing,2015-10,54
learn kitesurfing,2015-11,33
learn kitesurfing,2015-12,42
learn kitesurfing,2016-01,37
learn kitesurfing,2016-02,57
learn kitesurfing,2016-03,53
learn kitesurfing,2016-04,59
learn kitesurfing,2016-05,45
learn kitesurfing,2016-06,51
learn kitesurfing,2016-07,51
learn kitesurfing,2016-08,63
learn kitesurfing,2016-09,0
learn kitesurfing,2016-10,57
learn kitesurfing,2016-11,32
learn kitesurfing,2016-12,43
learn kitesurfing,2017-01,0
learn kitesurfing,2017-02,71
learn kitesurfing,2017-03,65
learn kitesurfing,2017-04,34
learn kitesurfing,2017-05,56
learn kitesurfing,2017-06,83
learn kitesurfing,2017-07,100
learn kitesurfing,2017-08,58
learn kitesurfing,2017-09,61
learn kitesurfing,2017-10,0
learn kitesurfing,2017-11,42
learn kitesurfing,2017-12,65
learn kitesurfing,2018-01,58
learn kitesurfing,2018-02,45
learn kitesurfing,2018-03,43
learn kitesurfing,2018-04,45
learn kitesurfing,2018-05,70
learn kitesurfing,2018-06,54
learn kitesurfing,2018-07,55
learn kitesurfing,2018-08,73
learn kitesurfing,2018-09,49
learn kitesurfing,2018-10,48
learn kitesurfing,2018-11,0
learn kitesurfing,2018-12,28
learn kitesurfing,2019-01,50
learn kitesurfing,2019-02,38
learn kitesurfing,2019-03,45
learn kitesurfing,2019-04,40
learn kitesurfing,2019-05,37
learn kitesurfing,2019-06,63
learn kitesurfing,2019-07,60
learn kitesurfing,2019-08,46
learn kitesurfing,2019-09,50
learn kitesurfing,2019-10,45
learn kitesurfing,2019-11,43
learn kitesurfing,2019-12,34
learn kitesurfing,2020-01,42
learn kitesurfing,2020-02,53
learn kitesurfing,2020-03,31
learn kitesurfing,2020-04,21
learn kitesurfing,2020-05,26
learn kitesurfing,2020-06,44
learn kitesurfing,2020-07,46
learn kitesurfing,2020-08,46
learn kitesurfing,2020-09,29
learn kitesurfing,2020-10,44
learn kitesurfing,2020-11,27
learn kitesurfing,2020-12,0
learn kitesurfing,2021-01,39
learn kitesurfing,2021-02,0
learn kitesurfing,2021-03,32
learn kitesurfing,2021-04,57
learn kitesurfing,2021-05,47
learn kitesurfing,2021-06,55
learn kitesurfing,2021-07,42
learn kitesurfing,2021-08,47
learn kitesurfing,2021-09,33
learn kitesurfing,2021-10,31
learn kitesurfing,2021-11,35
learn kitesurfing,2021-12,27
learn kitesurfing,2022-01,39
learn kitesurfing,2022-02,41
learn kitesurfing,2022-03,39
learn kitesurfing,2022-04,53
learn kitesurfing,2022-05,33
learn kitesurfing,2022-06,52
learn kitesurfing,2022-07,52
learn kitesurfing,2022-08,37
learn kitesurfing,2022-09,26
learn kitesurfing,2022-10,51
learn kitesurfing,2022-11,35
learn kitesurfing,2022-12,29
learn kitesurfing,2023-01,39
learn kitesurfing,2023-02,28
learn kitesurfing,2023-03,44
learn kitesurfing,2023-04,44
learn kitesurfing,2023-05,38
learn kitesurfing,2023-06,49
learn kitesurfing,2023-07,73
learn kitesurfing,2023-08,38
learn kitesurfing,2023-09,49
learn kitesurfing,2023-10,30
learn kitesurfing,2023-11,33
learn kitesurfing,2023-12,26
learn kitesurfing,2024-01,36
learn kitesurfing,2024-02,26
learn kitesurfing,2024-03,29
learn kitesurfing,2024-04,24
learn kitesurfing,2024-05,40
learn kitesurfing,2024-06,0
learn kitesurfing,2024-07,0
learn kitesurfing,2024-08,58
learn kitesurfing,2024-09,32
learn kitesurfing,2024-10,0
learn kitesurfing,2024-11,27
learn kitesurfing,2024-12,39
kite school,2015-01,38
kite school,2015-02,34
kite school,2015-03,37
kite school,2015-04,38
kite school,2015-05,39
kite school,2015-06,37
kite school,2015-07,38
kite school,2015-08,39
kite school,2015-09,37
kite school,2015-10,29
kite school,2015-11,30
kite school,2015-12,27
kite school,2016-01,37
kite school,2016-02,35
kite school,2016-03,32
kite school,2016-04,33
kite school,2016-05,37
kite school,2016-06,32
kite school,2016-07,35
kite school,2016-08,36
kite school,2016-09,33
kite school,2016-10,29
kite school,2016-11,28
kite school,2016-12,26
kite school,2017-01,37
kite school,2017-02,32
kite school,2017-03,35
kite school,2017-04,33
kite school,2017-05,33
kite school,2017-06,34
kite school,2017-07,35
kite school,2017-08,38
kite school,2017-09,33
kite school,2017-10,34
kite school,2017-11,29
kite school,2017-12,29
kite school,2018-01,39
kite school,2018-02,32
kite school,2018-03,33
kite school,2018-04,33
kite school,2018-05,37
kite school,2018-06,31
kite school,2018-07,38
kite school,2018-08,42
kite school,2018-09,35
kite school,2018-10,30
kite school,2018-11,29
kite school,2018-12,30
kite school,2019-01,39
kite school,2019-02,35
kite school,2019-03,35
kite school,2019-04,37
kite school,2019-05,41
kite school,2019-06,35
kite school,2019-07,36
kite school,2019-08,41
kite school,2019-09,37
kite school,2019-10,29
kite school,2019-11,32
kite school,2019-12,30
kite school,2020-01,39
kite school,2020-02,33
kite school,2020-03,26
kite school,2020-04,20
kite school,2020-05,25
kite school,2020-06,47
kite school,2020-07,53
kite school,2020-08,39
kite school,2020-09,36
kite school,2020-10,30
kite school,2020-11,23
kite school,2020-12,25
kite school,2021-01,30
kite school,2021-02,28
kite school,2021-03,29
kite school,2021-04,26
kite school,2021-05,29
kite school,2021-06,33
kite school,2021-07,59
kite school,2021-08,35
kite school,2021-09,34
kite school,2021-10,32
kite school,2021-11,27
kite school,2021-12,25
kite school,2022-01,42
kite school,2022-02,38
kite school,2022-03,40
kite school,2022-04,36
kite school,2022-05,39
kite school,2022-06,84
kite school,2022-07,41
kite school,2022-08,43
kite school,2022-09,35
kite school,2022-10,34
kite school,2022-11,32
kite school,2022-12,29
kite school,2023-01,52
kite school,2023-02,37
kite school,2023-03,38
kite school,2023-04,34
kite school,2023-05,100
kite school,2023-06,42
kite school,2023-07,38
kite school,2023-08,37
kite school,2023-09,35
kite school,2023-10,33
kite school,2023-11,29
kite school,2023-12,29
kite school,2024-01,49
kite school,2024-02,36
kite school,2024-03,34
kite school,2024-04,31
kite school,2024-05,73
kite school,2024-06,35
kite school,2024-07,35
kite school,2024-08,41
kite school,2024-09,36
kite school,2024-10,34
kite school,2024-11,30
kite school,2024-12,31
kiteboarding lessons,2015-01,48
kiteboarding lessons,2015-02,44
kiteboarding lessons,2015-03,67
kiteboarding lessons,2015-04,86
kiteboarding lessons,2015-05,74
kiteboarding lessons,2015-06,100
kiteboarding lessons,2015-07,88
kiteboarding lessons,2015-08,86
kiteboarding lessons,2015-09,59
kiteboarding lessons,2015-10,39
kiteboarding lessons,2015-11,41
kiteboarding lessons,2015-12,61
kiteboarding lessons,2016-01,32
kiteboarding lessons,2016-02,68
kiteboarding lessons,2016-03,55
kiteboarding lessons,2016-04,58
kiteboarding lessons,2016-05,76
kiteboarding lessons,2016-06,84
kiteboarding lessons,2016-07,98
kiteboarding lessons,2016-08,64
kiteboarding lessons,2016-09,41
kiteboarding lessons,2016-10,38
kiteboarding lessons,2016-11,38
kiteboarding lessons,2016-12,48
kiteboarding lessons,2017-01,54
kiteboarding lessons,2017-02,58
kiteboarding lessons,2017-03,60
kiteboarding lessons,2017-04,73
kiteboarding lessons,2017-05,55
kiteboarding lessons,2017-06,90
kiteboarding lessons,2017-07,94
kiteboarding lessons,2017-08,75
kiteboarding lessons,2017-09,47
kiteboarding lessons,2017-10,43
kiteboarding lessons,2017-11,41
kiteboarding lessons,2017-12,44
kiteboarding lessons,2018-01,40
kiteboarding lessons,2018-02,41
kiteboarding lessons,2018-03,50
kiteboarding lessons,2018-04,45
kiteboarding lessons,2018-05,60
kiteboarding lessons,2018-06,62
kiteboarding lessons,2018-07,80
kiteboarding lessons,2018-08,66
kiteboarding lessons,2018-09,36
kiteboarding lessons,2018-10,30
kiteboarding lessons,2018-11,39
kiteboarding lessons,2018-12,48
kiteboarding lessons,2019-01,28
kiteboarding lessons,2019-02,51
kiteboarding lessons,2019-03,47
kiteboarding lessons,2019-04,49
kiteboarding lessons,2019-05,60
kiteboarding lessons,2019-06,63
kiteboarding lessons,2019-07,68
kiteboarding lessons,2019-08,65
kiteboarding lessons,2019-09,31
kiteboarding lessons,2019-10,28
kiteboarding lessons,2019-11,35
kiteboarding lessons,2019-12,40
kiteboarding lessons,2020-01,43
kiteboarding lessons,2020-02,34
kiteboarding lessons,2020-03,24
kiteboarding lessons,2020-04,26
kiteboarding lessons,2020-05,39
kiteboarding lessons,2020-06,84
kiteboarding lessons,2020-07,73
kiteboarding lessons,2020-08,58
kiteboarding lessons,2020-09,42
kiteboarding lessons,2020-10,33
kiteboarding lessons,2020-11,24
kiteboarding lessons,2020-12,30
kiteboarding lessons,2021-01,29
kiteboarding lessons,2021-02,34
kiteboarding lessons,2021-03,42
kiteboarding lessons,2021-04,41
kiteboarding lessons,2021-05,46
kiteboarding lessons,2021-06,45
kiteboarding lessons,2021-07,46
kiteboarding lessons,2021-08,49
kiteboarding lessons,2021-09,32
kiteboarding lessons,2021-10,35
kiteboarding lessons,2021-11,19
kiteboarding lessons,2021-12,27
kiteboarding lessons,2022-01,30
kiteboarding lessons,2022-02,29
kiteboarding lessons,2022-03,38
kiteboarding lessons,2022-04,47
kiteboarding lessons,2022-05,36
kiteboarding lessons,2022-06,49
kiteboarding lessons,2022-07,52
kiteboarding lessons,2022-08,41
kiteboarding lessons,2022-09,30
kiteboarding lessons,2022-10,20
kiteboarding lessons,2022-11,21
kiteboarding lessons,2022-12,18
kiteboarding lessons,2023-01,21
kiteboarding lessons,2023-02,33
kiteboarding lessons,2023-03,31
kiteboarding lessons,2023-04,19
kiteboarding lessons,2023-05,31
kiteboarding lessons,2023-06,28
kiteboarding lessons,2023-07,39
kiteboarding lessons,2023-08,27
kiteboarding lessons,2023-09,18
kiteboarding lessons,2023-10,19
kiteboarding lessons,2023-11,19
kiteboarding lessons,2023-12,17
kiteboarding lessons,2024-01,17
kiteboarding lessons,2024-02,19
kiteboarding lessons,2024-03,27
kiteboarding lessons,2024-04,30
kiteboarding lessons,2024-05,26
kiteboarding lessons,2024-06,27
kiteboarding lessons,2024-07,27
kiteboarding lessons,2024-08,22
kiteboarding lessons,2024-09,0
kiteboarding lessons,2024-10,13
kiteboarding lessons,2024-11,23
kiteboarding lessons,2024-12,20
mountain bike lessons,2015-01,32
mountain bike lessons,2015-02,0
mountain bike lessons,2015-03,53
mountain bike lessons,2015-04,72
mountain bike lessons,2015-05,53
mountain bike lessons,2015-06,49
mountain bike lessons,2015-07,76
mountain bike lessons,2015-08,53
mountain bike lessons,2015-09,49
mountain bike lessons,2015-10,39
mountain bike lessons,2015-11,34
mountain bike lessons,2015-12,28
mountain bike lessons,2016-01,52
mountain bike lessons,2016-02,49
mountain bike lessons,2016-03,39
mountain bike lessons,2016-04,70
mountain bike lessons,2016-05,50
mountain bike lessons,2016-06,63
mountain bike lessons,2016-07,38
mountain bike lessons,2016-08,59
mountain bike lessons,2016-09,37
mountain bike lessons,2016-10,0
mountain bike lessons,2016-11,40
mountain bike lessons,2016-12,44
mountain bike lessons,2017-01,40
mountain bike lessons,2017-02,41
mountain bike lessons,2017-03,50
mountain bike lessons,2017-04,62
mountain bike lessons,2017-05,61
mountain bike lessons,2017-06,58
mountain bike lessons,2017-07,82
mountain bike lessons,2017-08,56
mountain bike lessons,2017-09,42
mountain bike lessons,2017-10,32
mountain bike lessons,2017-11,40
mountain bike lessons,2017-12,44
mountain bike lessons,2018-01,45
mountain bike lessons,2018-02,33
mountain bike lessons,2018-03,49
mountain bike lessons,2018-04,46
mountain bike lessons,2018-05,58
mountain bike lessons,2018-06,63
mountain bike lessons,2018-07,89
mountain bike lessons,2018-08,83
mountain bike lessons,2018-09,72
mountain bike lessons,2018-10,36
mountain bike lessons,2018-11,59
mountain bike lessons,2018-12,0
mountain bike lessons,2019-01,38
mountain bike lessons,2019-02,49
mountain bike lessons,2019-03,33
mountain bike lessons,2019-04,61
mountain bike lessons,2019-05,72
mountain bike lessons,2019-06,78
mountain bike lessons,2019-07,96
mountain bike lessons,2019-08,74
mountain bike lessons,2019-09,48
mountain bike lessons,2019-10,54
mountain bike lessons,2019-11,26
mountain bike lessons,2019-12,56
mountain bike lessons,2020-01,45
mountain bike lessons,2020-02,38
mountain bike lessons,2020-03,43
mountain bike lessons,2020-04,31
mountain bike lessons,2020-05,74
mountain bike lessons,2020-06,100
mountain bike lessons,2020-07,90
mountain bike lessons,2020-08,100
mountain bike lessons,2020-09,75
mountain bike lessons,2020-10,59
mountain bike lessons,2020-11,42
mountain bike lessons,2020-12,72
mountain bike lessons,2021-01,69
mountain bike lessons,2021-02,51
mountain bike lessons,2021-03,64
mountain bike lessons,2021-04,73
mountain bike lessons,2021-05,66
mountain bike lessons,2021-06,94
mountain bike lessons,2021-07,98
mountain bike lessons,2021-08,93
mountain bike lessons,2021-09,84
mountain bike lessons,2021-10,59
mountain bike lessons,2021-11,51
mountain bike lessons,2021-12,45
mountain bike lessons,2022-01,67
mountain bike lessons,2022-02,57
mountain bike lessons,2022-03,56
mountain bike lessons,2022-04,68
mountain bike lessons,2022-05,51
mountain bike lessons,2022-06,83
mountain bike lessons,2022-07,61
mountain bike lessons,2022-08,60
mountain bike lessons,2022-09,52
mountain bike lessons,2022-10,42
mountain bike lessons,2022-11,27
mountain bike lessons,2022-12,38
mountain bike lessons,2023-01,53
mountain bike lessons,2023-02,53
mountain bike lessons,2023-03,41
mountain bike lessons,2023-04,37
mountain bike lessons,2023-05,58
mountain bike lessons,2023-06,77
mountain bike lessons,2023-07,65
mountain bike lessons,2023-08,60
mountain bike lessons,2023-09,60
mountain bike lessons,2023-10,38
mountain bike lessons,2023-11,35
mountain bike lessons,2023-12,46
mountain bike lessons,2024-01,50
mountain bike lessons,2024-02,50
mountain bike lessons,2024-03,37
mountain bike lessons,2024-04,36
mountain bike lessons,2024-05,59
mountain bike lessons,2024-06,57
mountain bike lessons,2024-07,42
mountain bike lessons,2024-08,81
mountain bike lessons,2024-09,37
mountain bike lessons,2024-10,29
mountain bike lessons,2024-11,0
mountain bike lessons,2024-12,48
mtb course,2015-01,20
mtb course,2015-02,27
mtb course,2015-03,43
mtb course,2015-04,42
mtb course,2015-05,40
mtb course,2015-06,52
mtb course,2015-07,49
mtb course,2015-08,50
mtb course,2015-09,30
mtb course,2015-10,31
mtb course,2015-11,26
mtb course,2015-12,18
mtb course,2016-01,27
mtb course,2016-02,35
mtb course,2016-03,27
mtb course,2016-04,43
mtb course,2016-05,37
mtb course,2016-06,40
mtb course,2016-07,39
mtb course,2016-08,100
mtb course,2016-09,36
mtb course,2016-10,30
mtb course,2016-11,22
mtb course,2016-12,26
mtb course,2017-01,31
mtb course,2017-02,24
mtb course,2017-03,37
mtb course,2017-04,41
mtb course,2017-05,37
mtb course,2017-06,32
mtb course,2017-07,39
mtb course,2017-08,36
mtb course,2017-09,34
mtb course,2017-10,21
mtb course,2017-11,24
mtb course,2017-12,21
mtb course,2018-01,22
mtb course,2018-02,36
mtb course,2018-03,32
mtb course,2018-04,32
mtb course,2018-05,39
mtb course,2018-06,35
mtb course,2018-07,46
mtb course,2018-08,52
mtb course,2018-09,28
mtb course,2018-10,28
mtb course,2018-11,27
mtb course,2018-12,31
mtb course,2019-01,28
mtb course,2019-02,21
mtb course,2019-03,30
mtb course,2019-04,32
mtb course,2019-05,42
mtb course,2019-06,31
mtb course,2019-07,46
mtb course,2019-08,48
mtb course,2019-09,42
mtb course,2019-10,44
mtb course,2019-11,30
mtb course,2019-12,26
mtb course,2020-01,31
mtb course,2020-02,26
mtb course,2020-03,31
mtb course,2020-04,31
mtb course,2020-05,42
mtb course,2020-06,33
mtb course,2020-07,34
mtb course,2020-08,40
mtb course,2020-09,39
mtb course,2020-10,36
mtb course,2020-11,24
mtb course,2020-12,29
mtb course,2021-01,24
mtb course,2021-02,27
mtb course,2021-03,30
mtb course,2021-04,41
mtb course,2021-05,37
mtb course,2021-06,44
mtb course,2021-07,75
mtb course,2021-08,50
mtb course,2021-09,32
mtb course,2021-10,30
mtb course,2021-11,23
mtb course,2021-12,21
mtb course,2022-01,28
mtb course,2022-02,35
mtb course,2022-03,32
mtb course,2022-04,32
mtb course,2022-05,34
mtb course,2022-06,40
mtb course,2022-07,48
mtb course,2022-08,54
mtb course,2022-09,33
mtb course,2022-10,33
mtb course,2022-11,19
mtb course,2022-12,24
mtb course,2023-01,25
mtb course,2023-02,32
mtb course,2023-03,30
mtb course,2023-04,29
mtb course,2023-05,41
mtb course,2023-06,45
mtb course,2023-07,45
mtb course,2023-08,60
mtb course,2023-09,41
mtb course,2023-10,36
mtb course,2023-11,30
mtb course,2023-12,22
mtb course,2024-01,22
mtb course,2024-02,23
mtb course,2024-03,32
mtb course,2024-04,45
mtb course,2024-05,41
mtb course,2024-06,50
mtb course,2024-07,75
mtb course,2024-08,61
mtb course,2024-09,38
mtb course,2024-10,35
mtb course,2024-11,26
mtb course,2024-12,21
learn mountain biking,2015-01,0
learn mountain biking,2015-02,0
learn mountain biking,2015-03,0
learn mountain biking,2015-04,0
learn mountain biking,2015-05,0
learn mountain biking,2015-06,0
learn mountain biking,2015-07,0
learn mountain biking,2015-08,0
learn mountain biking,2015-09,0
learn mountain biking,2015-10,0
learn mountain biking,2015-11,0
learn mountain biking,2015-12,0
learn mountain biking,2016-01,0
learn mountain biking,2016-02,0
learn mountain biking,2016-03,0
learn mountain biking,2016-04,0
learn mountain biking,2016-05,0
learn mountain biking,2016-06,0
learn mountain biking,2016-07,0
learn mountain biking,2016-08,0
learn mountain biking,2016-09,0
learn mountain biking,2016-10,0
learn mountain biking,2016-11,0
learn mountain biking,2016-12,0
learn mountain biking,2017-01,0
learn mountain biking,2017-02,0
learn mountain biking,2017-03,0
learn mountain biking,2017-04,0
learn mountain biking,2017-05,0
learn mountain biking,2017-06,0
learn mountain biking,2017-07,0
learn mountain biking,2017-08,0
learn mountain biking,2017-09,0
learn mountain biking,2017-10,0
learn mountain biking,2017-11,0
learn mountain biking,2017-12,0
learn mountain biking,2018-01,0
learn mountain biking,2018-02,0
learn mountain biking,2018-03,0
learn mountain biking,2018-04,0
learn mountain biking,2018-05,0
learn mountain biking,2018-06,0
learn mountain biking,2018-07,0
learn mountain biking,2018-08,0
learn mountain biking,2018-09,0
learn mountain biking,2018-10,0
learn mountain biking,2018-11,0
learn mountain biking,2018-12,0
learn mountain biking,2019-01,0
learn mountain biking,2019-02,0
learn mountain biking,2019-03,69
learn mountain biking,2019-04,0
learn mountain biking,2019-05,0
learn mountain biking,2019-06,0
learn mountain biking,2019-07,0
learn mountain biking,2019-08,0
learn mountain biking,2019-09,0
learn mountain biking,2019-10,0
learn mountain biking,2019-11,0
learn mountain biking,2019-12,0
learn mountain biking,2020-01,0
learn mountain biking,2020-02,0
learn mountain biking,2020-03,0
learn mountain biking,2020-04,0
learn mountain biking,2020-05,0
learn mountain biking,2020-06,0
learn mountain biking,2020-07,100
learn mountain biking,2020-08,0
learn mountain biking,2020-09,0
learn mountain biking,2020-10,61
learn mountain biking,2020-11,0
learn mountain biking,2020-12,0
learn mountain biking,2021-01,0
learn mountain biking,2021-02,0
learn mountain biking,2021-03,0
learn mountain biking,2021-04,74
learn mountain biking,2021-05,0
learn mountain biking,2021-06,70
learn mountain biking,2021-07,0
learn mountain biking,2021-08,0
learn mountain biking,2021-09,0
learn mountain biking,2021-10,0
learn mountain biking,2021-11,69
learn mountain biking,2021-12,0
learn mountain biking,2022-01,0
learn mountain biking,2022-02,0
learn mountain biking,2022-03,0
learn mountain biking,2022-04,0
learn mountain biking,2022-05,54
learn mountain biking,2022-06,0
learn mountain biking,2022-07,68
learn mountain biking,2022-08,54
learn mountain biking,2022-09,64
learn mountain biking,2022-10,48
learn mountain biking,2022-11,0
learn mountain biking,2022-12,0
learn mountain biking,2023-01,0
learn mountain biking,2023-02,0
learn mountain biking,2023-03,63
learn mountain biking,2023-04,0
learn mountain biking,2023-05,0
learn mountain biking,2023-06,0
learn mountain biking,2023-07,60
learn mountain biking,2023-08,0
learn mountain biking,2023-09,0
learn mountain biking,2023-10,0
learn mountain biking,2023-11,0
learn mountain biking,2023-12,0
learn mountain biking,2024-01,0
learn mountain biking,2024-02,0
learn mountain biking,2024-03,0
learn mountain biking,2024-04,0
learn mountain biking,2024-05,0
learn mountain biking,2024-06,0
learn mountain biking,2024-07,0
learn mountain biking,2024-08,0
learn mountain biking,2024-09,0
learn mountain biking,2024-10,0
learn mountain biking,2024-11,0
learn mountain biking,2024-12,0
mountain bike school,2015-01,48
mountain bike school,2015-02,55
mountain bike school,2015-03,63
mountain bike school,2015-04,78
mountain bike school,2015-05,71
mountain bike school,2015-06,67
mountain bike school,2015-07,61
mountain bike school,2015-08,87
mountain bike school,2015-09,88
mountain bike school,2015-10,73
mountain bike school,2015-11,47
mountain bike school,2015-12,36
mountain bike school,2016-01,46
mountain bike school,2016-02,58
mountain bike school,2016-03,55
mountain bike school,2016-04,69
mountain bike school,2016-05,73
mountain bike school,2016-06,65
mountain bike school,2016-07,59
mountain bike school,2016-08,72
mountain bike school,2016-09,79
mountain bike school,2016-10,78
mountain bike school,2016-11,56
mountain bike school,2016-12,32
mountain bike school,2017-01,44
mountain bike school,2017-02,56
mountain bike school,2017-03,64
mountain bike school,2017-04,67
mountain bike school,2017-05,78
mountain bike school,2017-06,60
mountain bike school,2017-07,57
mountain bike school,2017-08,61
mountain bike school,2017-09,100
mountain bike school,2017-10,76
mountain bike school,2017-11,53
mountain bike school,2017-12,48
mountain bike school,2018-01,41
mountain bike school,2018-02,51
mountain bike school,2018-03,60
mountain bike school,2018-04,69
mountain bike school,2018-05,68
mountain bike school,2018-06,56
mountain bike school,2018-07,58
mountain bike school,2018-08,81
mountain bike school,2018-09,74
mountain bike school,2018-10,66
mountain bike school,2018-11,48
mountain bike school,2018-12,36
mountain bike school,2019-01,40
mountain bike school,2019-02,35
mountain bike school,2019-03,49
mountain bike school,2019-04,59
mountain bike school,2019-05,68
mountain bike school,2019-06,56
mountain bike school,2019-07,55
mountain bike school,2019-08,75
mountain bike school,2019-09,91
mountain bike school,2019-10,70
mountain bike school,2019-11,39
mountain bike school,2019-12,41
mountain bike school,2020-01,41
mountain bike school,2020-02,40
mountain bike school,2020-03,38
mountain bike school,2020-04,45
mountain bike school,2020-05,68
mountain bike school,2020-06,80
mountain bike school,2020-07,77
mountain bike school,2020-08,71
mountain bike school,2020-09,70
mountain bike school,2020-10,55
mountain bike school,2020-11,43
mountain bike school,2020-12,41
mountain bike school,2021-01,37
mountain bike school,2021-02,35
mountain bike school,2021-03,53
mountain bike school,2021-04,49
mountain bike school,2021-05,47
mountain bike school,2021-06,44
mountain bike school,2021-07,45
mountain bike school,2021-08,59
mountain bike school,2021-09,67
mountain bike school,2021-10,54
mountain bike school,2021-11,40
mountain bike school,2021-12,28
mountain bike school,2022-01,38
mountain bike school,2022-02,45
mountain bike school,2022-03,49
mountain bike school,2022-04,63
mountain bike school,2022-05,60
mountain bike school,2022-06,52
mountain bike school,2022-07,53
mountain bike school,2022-08,68
mountain bike school,2022-09,74
mountain bike school,2022-10,67
mountain bike school,2022-11,41
mountain bike school,2022-12,35
mountain bike school,2023-01,41
mountain bike school,2023-02,42
mountain bike school,2023-03,51
mountain bike school,2023-04,58
mountain bike school,2023-05,70
mountain bike school,2023-06,52
mountain bike school,2023-07,41
mountain bike school,2023-08,58
mountain bike school,2023-09,64
mountain bike school,2023-10,56
mountain bike school,2023-11,44
mountain bike school,2023-12,29
mountain bike school,2024-01,46
mountain bike school,2024-02,40
mountain bike school,2024-03,43
mountain bike school,2024-04,46
mountain bike school,2024-05,57
mountain bike school,2024-06,49
mountain bike school,2024-07,44
mountain bike school,2024-08,69
mountain bike school,2024-09,74
mountain bike school,2024-10,60
mountain bike school,2024-11,43
mountain bike school,2024-12,36
mtb skills course,2015-01,0
mtb skills course,2015-02,0
mtb skills course,2015-03,0
mtb skills course,2015-04,100
mtb skills course,2015-05,0
mtb skills course,2015-06,0
mtb skills course,2015-07,0
mtb skills course,2015-08,0
mtb skills course,2015-09,0
mtb skills course,2015-10,0
mtb skills course,2015-11,0
mtb skills course,2015-12,0
mtb skills course,2016-01,0
mtb skills course,2016-02,0
mtb skills course,2016-03,0
mtb skills course,2016-04,0
mtb skills course,2016-05,0
mtb skills course,2016-06,0
mtb skills course,2016-07,0
mtb skills course,2016-08,0
mtb skills course,2016-09,0
mtb skills course,2016-10,0
mtb skills course,2016-11,0
mtb skills course,2016-12,91
mtb skills course,2017-01,0
mtb skills course,2017-02,0
mtb skills course,2017-03,0
mtb skills course,2017-04,0
mtb skills course,2017-05,0
mtb skills course,2017-06,0
mtb skills course,2017-07,0
mtb skills course,2017-08,0
mtb skills course,2017-09,0
mtb skills course,2017-10,0
mtb skills course,2017-11,0
mtb skills course,2017-12,0
mtb skills course,2018-01,0
mtb skills course,2018-02,0
mtb skills course,2018-03,82
mtb skills course,2018-04,0
mtb skills course,2018-05,0
mtb skills course,2018-06,0
mtb skills course,2018-07,0
mtb skills course,2018-08,0
mtb skills course,2018-09,0
mtb skills course,2018-10,0
mtb skills course,2018-11,0
mtb skills course,2018-12,0
mtb skills course,2019-01,0
mtb skills course,2019-02,0
mtb skills course,2019-03,0
mtb skills course,2019-04,0
mtb skills course,2019-05,0
mtb skills course,2019-06,0
mtb skills course,2019-07,0
mtb skills course,2019-08,0
mtb skills course,2019-09,0
mtb skills course,2019-10,0
mtb skills course,2019-11,0
mtb skills course,2019-12,0
mtb skills course,2020-01,0
mtb skills course,2020-02,0
mtb skills course,2020-03,0
mtb skills course,2020-04,0
mtb skills course,2020-05,0
mtb skills course,2020-06,0
mtb skills course,2020-07,0
mtb skills course,2020-08,0
mtb skills course,2020-09,0
mtb skills course,2020-10,0
mtb skills course,2020-11,0
mtb skills course,2020-12,0
mtb skills course,2021-01,0
mtb skills course,2021-02,0
mtb skills course,2021-03,0
mtb skills course,2021-04,0
mtb skills course,2021-05,0
mtb skills course,2021-06,0
mtb skills course,2021-07,0
mtb skills course,2021-08,0
mtb skills course,2021-09,0
mtb skills course,2021-10,0
mtb skills course,2021-11,0
mtb skills course,2021-12,0
mtb skills course,2022-01,0
mtb skills course,2022-02,0
mtb skills course,2022-03,0
mtb skills course,2022-04,0
mtb skills course,2022-05,0
mtb skills course,2022-06,0
mtb skills course,2022-07,0
mtb skills course,2022-08,0
mtb skills course,2022-09,0
mtb skills course,2022-10,0
mtb skills course,2022-11,0
mtb skills course,2022-12,0
mtb skills course,2023-01,0
mtb skills course,2023-02,0
mtb skills course,2023-03,0
mtb skills course,2023-04,0
mtb skills course,2023-05,0
mtb skills course,2023-06,0
mtb skills course,2023-07,0
mtb skills course,2023-08,0
mtb skills course,2023-09,0
mtb skills course,2023-10,0
mtb skills course,2023-11,0
mtb skills course,2023-12,0
mtb skills course,2024-01,0
mtb skills course,2024-02,0
mtb skills course,2024-03,0
mtb skills course,2024-04,0
mtb skills course,2024-05,0
mtb skills course,2024-06,0
mtb skills course,2024-07,0
mtb skills course,2024-08,0
mtb skills course,2024-09,0
mtb skills course,2024-10,0
mtb skills course,2024-11,0
mtb skills course,2024-12,0
mountain bike coaching,2015-01,0
mountain bike coaching,2015-02,0
mountain bike coaching,2015-03,57
mountain bike coaching,2015-04,0
mountain bike coaching,2015-05,0
mountain bike coaching,2015-06,66
mountain bike coaching,2015-07,56
mountain bike coaching,2015-08,64
mountain bike coaching,2015-09,44
mountain bike coaching,2015-10,43
mountain bike coaching,2015-11,43
mountain bike coaching,2015-12,0
mountain bike coaching,2016-01,47
mountain bike coaching,2016-02,0
mountain bike coaching,2016-03,0
mountain bike coaching,2016-04,51
mountain bike coaching,2016-05,91
mountain bike coaching,2016-06,0
mountain bike coaching,2016-07,62
mountain bike coaching,2016-08,0
mountain bike coaching,2016-09,0
mountain bike coaching,2016-10,60
mountain bike coaching,2016-11,0
mountain bike coaching,2016-12,0
mountain bike coaching,2017-01,0
mountain bike coaching,2017-02,76
mountain bike coaching,2017-03,50
mountain bike coaching,2017-04,61
mountain bike coaching,2017-05,44
mountain bike coaching,2017-06,83
mountain bike coaching,2017-07,0
mountain bike coaching,2017-08,57
mountain bike coaching,2017-09,55
mountain bike coaching,2017-10,63
mountain bike coaching,2017-11,46
mountain bike coaching,2017-12,0
mountain bike coaching,2018-01,42
mountain bike coaching,2018-02,47
mountain bike coaching,2018-03,52
mountain bike coaching,2018-04,49
mountain bike coaching,2018-05,40
mountain bike coaching,2018-06,57
mountain bike coaching,2018-07,59
mountain bike coaching,2018-08,50
mountain bike coaching,2018-09,39
mountain bike coaching,2018-10,44
mountain bike coaching,2018-11,0
mountain bike coaching,2018-12,42
mountain bike coaching,2019-01,74
mountain bike coaching,2019-02,75
mountain bike coaching,2019-03,49
mountain bike coaching,2019-04,0
mountain bike coaching,2019-05,53
mountain bike coaching,2019-06,68
mountain bike coaching,2019-07,51
mountain bike coaching,2019-08,87
mountain bike coaching,2019-09,0
mountain bike coaching,2019-10,38
mountain bike coaching,2019-11,43
mountain bike coaching,2019-12,0
mountain bike coaching,2020-01,51
mountain bike coaching,2020-02,43
mountain bike coaching,2020-03,34
mountain bike coaching,2020-04,37
mountain bike coaching,2020-05,41
mountain bike coaching,2020-06,100
mountain bike coaching,2020-07,73
mountain bike coaching,2020-08,64
mountain bike coaching,2020-09,47
mountain bike coaching,2020-10,59
mountain bike coaching,2020-11,36
mountain bike coaching,2020-12,66
mountain bike coaching,2021-01,0
mountain bike coaching,2021-02,46
mountain bike coaching,2021-03,43
mountain bike coaching,2021-04,38
mountain bike coaching,2021-05,65
mountain bike coaching,2021-06,59
mountain bike coaching,2021-07,0
mountain bike coaching,2021-08,0
mountain bike coaching,2021-09,49
mountain bike coaching,2021-10,41
mountain bike coaching,2021-11,54
mountain bike coaching,2021-12,0
mountain bike coaching,2022-01,64
mountain bike coaching,2022-02,54
mountain bike coaching,2022-03,56
mountain bike coaching,2022-04,83
mountain bike coaching,2022-05,55
mountain bike coaching,2022-06,44
mountain bike coaching,2022-07,0
mountain bike coaching,2022-08,59
mountain bike coaching,2022-09,45
mountain bike coaching,2022-10,54
mountain bike coaching,2022-11,43
mountain bike coaching,2022-12,39
mountain bike coaching,2023-01,0
mountain bike coaching,2023-02,51
mountain bike coaching,2023-03,40
mountain bike coaching,2023-04,57
mountain bike coaching,2023-05,52
mountain bike coaching,2023-06,39
mountain bike coaching,2023-07,57
mountain bike coaching,2023-08,48
mountain bike coaching,2023-09,48
mountain bike coaching,2023-10,33
mountain bike coaching,2023-11,44
mountain bike coaching,2023-12,53
mountain bike coaching,2024-01,49
mountain bike coaching,2024-02,0
mountain bike coaching,2024-03,43
mountain bike coaching,2024-04,40
mountain bike coaching,2024-05,52
mountain bike coaching,2024-06,52
mountain bike coaching,2024-07,48
mountain bike coaching,2024-08,45
mountain bike coaching,2024-09,49
mountain bike coaching,2024-10,50
mountain bike coaching,2024-11,0
mountain bike coaching,2024-12,0
paragliding lessons,2015-01,52
paragliding lessons,2015-02,68
paragliding lessons,2015-03,50
paragliding lessons,2015-04,72
paragliding lessons,2015-05,46
paragliding lessons,2015-06,43
paragliding lessons,2015-07,83
paragliding lessons,2015-08,85
paragliding lessons,2015-09,81
paragliding lessons,2015-10,75
paragliding lessons,2015-11,58
paragliding lessons,2015-12,66
paragliding lessons,2016-01,44
paragliding lessons,2016-02,45
paragliding lessons,2016-03,58
paragliding lessons,2016-04,51
paragliding lessons,2016-05,62
paragliding lessons,2016-06,68
paragliding lessons,2016-07,67
paragliding lessons,2016-08,72
paragliding lessons,2016-09,43
paragliding lessons,2016-10,33
paragliding lessons,2016-11,62
paragliding lessons,2016-12,67
paragliding lessons,2017-01,49
paragliding lessons,2017-02,75
paragliding lessons,2017-03,56
paragliding lessons,2017-04,64
paragliding lessons,2017-05,49
paragliding lessons,2017-06,100
paragliding lessons,2017-07,55
paragliding lessons,2017-08,55
paragliding lessons,2017-09,59
paragliding lessons,2017-10,56
paragliding lessons,2017-11,41
paragliding lessons,2017-12,45
paragliding lessons,2018-01,45
paragliding lessons,2018-02,42
paragliding lessons,2018-03,61
paragliding lessons,2018-04,57
paragliding lessons,2018-05,70
paragliding lessons,2018-06,57
paragliding lessons,2018-07,62
paragliding lessons,2018-08,77
paragliding lessons,2018-09,53
paragliding lessons,2018-10,62
paragliding lessons,2018-11,52
paragliding lessons,2018-12,45
paragliding lessons,2019-01,57
paragliding lessons,2019-02,23
paragliding lessons,2019-03,49
paragliding lessons,2019-04,46
paragliding lessons,2019-05,0
paragliding lessons,2019-06,56
paragliding lessons,2019-07,57
paragliding lessons,2019-08,44
paragliding lessons,2019-09,52
paragliding lessons,2019-10,28
paragliding lessons,2019-11,41
paragliding lessons,2019-12,47
paragliding lessons,2020-01,25
paragliding lessons,2020-02,41
paragliding lessons,2020-03,25
paragliding lessons,2020-04,44
paragliding lessons,2020-05,54
paragliding lessons,2020-06,54
paragliding lessons,2020-07,62
paragliding lessons,2020-08,61
paragliding lessons,2020-09,41
paragliding lessons,2020-10,44
paragliding lessons,2020-11,36
paragliding lessons,2020-12,43
paragliding lessons,2021-01,20
paragliding lessons,2021-02,37
paragliding lessons,2021-03,42
paragliding lessons,2021-04,32
paragliding lessons,2021-05,43
paragliding lessons,2021-06,40
paragliding lessons,2021-07,52
paragliding lessons,2021-08,45
paragliding lessons,2021-09,68
paragliding lessons,2021-10,42
paragliding lessons,2021-11,25
paragliding lessons,2021-12,0
paragliding lessons,2022-01,41
paragliding lessons,2022-02,45
paragliding lessons,2022-03,28
paragliding lessons,2022-04,44
paragliding lessons,2022-05,55
paragliding lessons,2022-06,23
paragliding lessons,2022-07,51
paragliding lessons,2022-08,38
paragliding lessons,2022-09,36
paragliding lessons,2022-10,23
paragliding lessons,2022-11,20
paragliding lessons,2022-12,35
paragliding lessons,2023-01,26
paragliding lessons,2023-02,37
paragliding lessons,2023-03,33
paragliding lessons,2023-04,33
paragliding lessons,2023-05,39
paragliding lessons,2023-06,51
paragliding lessons,2023-07,45
paragliding lessons,2023-08,48
paragliding lessons,2023-09,45
paragliding lessons,2023-10,26
paragliding lessons,2023-11,37
paragliding lessons,2023-12,35
paragliding lessons,2024-01,33
paragliding lessons,2024-02,25
paragliding lessons,2024-03,23
paragliding lessons,2024-04,35
paragliding lessons,2024-05,54
paragliding lessons,2024-06,53
paragliding lessons,2024-07,39
paragliding lessons,2024-08,31
paragliding lessons,2024-09,28
paragliding lessons,2024-10,0
paragliding lessons,2024-11,0
paragliding lessons,2024-12,0
paragliding course,2015-01,55
paragliding course,2015-02,80
paragliding course,2015-03,41
paragliding course,2015-04,50
paragliding course,2015-05,61
paragliding course,2015-06,46
paragliding course,2015-07,52
paragliding course,2015-08,41
paragliding course,2015-09,68
paragliding course,2015-10,46
paragliding course,2015-11,52
paragliding course,2015-12,47
paragliding course,2016-01,37
paragliding course,2016-02,46
paragliding course,2016-03,59
paragliding course,2016-04,53
paragliding course,2016-05,63
paragliding course,2016-06,44
paragliding course,2016-07,44
paragliding course,2016-08,48
paragliding course,2016-09,37
paragliding course,2016-10,48
paragliding course,2016-11,43
paragliding course,2016-12,34
paragliding course,2017-01,44
paragliding course,2017-02,48
paragliding course,2017-03,52
paragliding course,2017-04,68
paragliding course,2017-05,49
paragliding course,2017-06,56
paragliding course,2017-07,61
paragliding course,2017-08,45
paragliding course,2017-09,48
paragliding course,2017-10,49
paragliding course,2017-11,58
paragliding course,2017-12,48
paragliding course,2018-01,54
paragliding course,2018-02,43
paragliding course,2018-03,57
paragliding course,2018-04,54
paragliding course,2018-05,61
paragliding course,2018-06,63
paragliding course,2018-07,72
paragliding course,2018-08,73
paragliding course,2018-09,69
paragliding course,2018-10,55
paragliding course,2018-11,51
paragliding course,2018-12,55
paragliding course,2019-01,47
paragliding course,2019-02,53
paragliding course,2019-03,50
paragliding course,2019-04,65
paragliding course,2019-05,64
paragliding course,2019-06,83
paragliding course,2019-07,81
paragliding course,2019-08,46
paragliding course,2019-09,76
paragliding course,2019-10,41
paragliding course,2019-11,50
paragliding course,2019-12,61
paragliding course,2020-01,50
paragliding course,2020-02,87
paragliding course,2020-03,27
paragliding course,2020-04,27
paragliding course,2020-05,44
paragliding course,2020-06,50
paragliding course,2020-07,48
paragliding course,2020-08,58
paragliding course,2020-09,60
paragliding course,2020-10,65
paragliding course,2020-11,53
paragliding course,2020-12,60
paragliding course,2021-01,67
paragliding course,2021-02,36
paragliding course,2021-03,48
paragliding course,2021-04,57
paragliding course,2021-05,55
paragliding course,2021-06,58
paragliding course,2021-07,69
paragliding course,2021-08,58
paragliding course,2021-09,64
paragliding course,2021-10,53
paragliding course,2021-11,45
paragliding course,2021-12,65
paragliding course,2022-01,64
paragliding course,2022-02,71
paragliding course,2022-03,79
paragliding course,2022-04,61
paragliding course,2022-05,69
paragliding course,2022-06,67
paragliding course,2022-07,69
paragliding course,2022-08,74
paragliding course,2022-09,59
paragliding course,2022-10,71
paragliding course,2022-11,63
paragliding course,2022-12,74
paragliding course,2023-01,74
paragliding course,2023-02,64
paragliding course,2023-03,52
paragliding course,2023-04,56
paragliding course,2023-05,91
paragliding course,2023-06,74
paragliding course,2023-07,75
paragliding course,2023-08,82
paragliding course,2023-09,63
paragliding course,2023-10,62
paragliding course,2023-11,62
paragliding course,2023-12,59
paragliding course,2024-01,95
paragliding course,2024-02,83
paragliding course,2024-03,100
paragliding course,2024-04,89
paragliding course,2024-05,86
paragliding course,2024-06,82
paragliding course,2024-07,59
paragliding course,2024-08,74
paragliding course,2024-09,60
paragliding course,2024-10,94
paragliding course,2024-11,99
paragliding course,2024-12,78
learn paragliding,2015-01,0
learn paragliding,2015-02,66
learn paragliding,2015-03,73
learn paragliding,2015-04,45
learn paragliding,2015-05,54
learn paragliding,2015-06,55
learn paragliding,2015-07,71
learn paragliding,2015-08,54
learn paragliding,2015-09,100
learn paragliding,2015-10,64
learn paragliding,2015-11,51
learn paragliding,2015-12,52
learn paragliding,2016-01,64
learn paragliding,2016-02,83
learn paragliding,2016-03,52
learn paragliding,2016-04,57
learn paragliding,2016-05,69
learn paragliding,2016-06,49
learn paragliding,2016-07,59
learn paragliding,2016-08,68
learn paragliding,2016-09,54
learn paragliding,2016-10,35
learn paragliding,2016-11,41
learn paragliding,2016-12,0
learn paragliding,2017-01,43
learn paragliding,2017-02,66
learn paragliding,2017-03,36
learn paragliding,2017-04,52
learn paragliding,2017-05,48
learn paragliding,2017-06,60
learn paragliding,2017-07,52
learn paragliding,2017-08,88
learn paragliding,2017-09,43
learn paragliding,2017-10,43
learn paragliding,2017-11,40
learn paragliding,2017-12,50
learn paragliding,2018-01,52
learn paragliding,2018-02,65
learn paragliding,2018-03,50
learn paragliding,2018-04,51
learn paragliding,2018-05,90
learn paragliding,2018-06,78
learn paragliding,2018-07,75
learn paragliding,2018-08,49
learn paragliding,2018-09,57
learn paragliding,2018-10,57
learn paragliding,2018-11,55
learn paragliding,2018-12,55
learn paragliding,2019-01,39
learn paragliding,2019-02,42
learn paragliding,2019-03,57
learn paragliding,2019-04,47
learn paragliding,2019-05,31
learn paragliding,2019-06,66
learn paragliding,2019-07,72
learn paragliding,2019-08,74
learn paragliding,2019-09,47
learn paragliding,2019-10,39
learn paragliding,2019-11,45
learn paragliding,2019-12,68
learn paragliding,2020-01,51
learn paragliding,2020-02,51
learn paragliding,2020-03,41
learn paragliding,2020-04,0
learn paragliding,2020-05,56
learn paragliding,2020-06,69
learn paragliding,2020-07,35
learn paragliding,2020-08,57
learn paragliding,2020-09,46
learn paragliding,2020-10,54
learn paragliding,2020-11,52
learn paragliding,2020-12,58
learn paragliding,2021-01,42
learn paragliding,2021-02,0
learn paragliding,2021-03,54
learn paragliding,2021-04,40
learn paragliding,2021-05,49
learn paragliding,2021-06,44
learn paragliding,2021-07,28
learn paragliding,2021-08,51
learn paragliding,2021-09,52
learn paragliding,2021-10,34
learn paragliding,2021-11,52
learn paragliding,2021-12,49
learn paragliding,2022-01,61
learn paragliding,2022-02,54
learn paragliding,2022-03,50
learn paragliding,2022-04,47
learn paragliding,2022-05,63
learn paragliding,2022-06,41
learn paragliding,2022-07,58
learn paragliding,2022-08,46
learn paragliding,2022-09,53
learn paragliding,2022-10,43
learn paragliding,2022-11,37
learn paragliding,2022-12,50
learn paragliding,2023-01,62
learn paragliding,2023-02,54
learn paragliding,2023-03,35
learn paragliding,2023-04,60
learn paragliding,2023-05,67
learn paragliding,2023-06,74
learn paragliding,2023-07,46
learn paragliding,2023-08,59
learn paragliding,2023-09,54
learn paragliding,2023-10,67
learn paragliding,2023-11,47
learn paragliding,2023-12,44
learn paragliding,2024-01,67
learn paragliding,2024-02,46
learn paragliding,2024-03,44
learn paragliding,2024-04,52
learn paragliding,2024-05,57
learn paragliding,2024-06,57
learn paragliding,2024-07,53
learn paragliding,2024-08,62
learn paragliding,2024-09,63
learn paragliding,2024-10,50
learn paragliding,2024-11,49
learn paragliding,2024-12,45
paragliding school,2015-01,51
paragliding school,2015-02,82
paragliding school,2015-03,53
paragliding school,2015-04,77
paragliding school,2015-05,69
paragliding school,2015-06,83
paragliding school,2015-07,75
paragliding school,2015-08,100
paragliding school,2015-09,98
paragliding school,2015-10,64
paragliding school,2015-11,53
paragliding school,2015-12,64
paragliding school,2016-01,66
paragliding school,2016-02,62
paragliding school,2016-03,63
paragliding school,2016-04,81
paragliding school,2016-05,79
paragliding school,2016-06,57
paragliding school,2016-07,67
paragliding school,2016-08,77
paragliding school,2016-09,29
paragliding school,2016-10,63
paragliding school,2016-11,52
paragliding school,2016-12,50
paragliding school,2017-01,83
paragliding school,2017-02,57
paragliding school,2017-03,67
paragliding school,2017-04,65
paragliding school,2017-05,67
paragliding school,2017-06,68
paragliding school,2017-07,72
paragliding school,2017-08,60
paragliding school,2017-09,56
paragliding school,2017-10,59
paragliding school,2017-11,57
paragliding school,2017-12,58
paragliding school,2018-01,60
paragliding school,2018-02,75
paragliding school,2018-03,66
paragliding school,2018-04,68
paragliding school,2018-05,69
paragliding school,2018-06,68
paragliding school,2018-07,70
paragliding school,2018-08,69
paragliding school,2018-09,56
paragliding school,2018-10,47
paragliding school,2018-11,55
paragliding school,2018-12,56
paragliding school,2019-01,67
paragliding school,2019-02,65
paragliding school,2019-03,61
paragliding school,2019-04,56
paragliding school,2019-05,55
paragliding school,2019-06,57
paragliding school,2019-07,94
paragliding school,2019-08,83
paragliding school,2019-09,74
paragliding school,2019-10,63
paragliding school,2019-11,56
paragliding school,2019-12,35
paragliding school,2020-01,56
paragliding school,2020-02,54
paragliding school,2020-03,32
paragliding school,2020-04,37
paragliding school,2020-05,42
paragliding school,2020-06,48
paragliding school,2020-07,51
paragliding school,2020-08,72
paragliding school,2020-09,66
paragliding school,2020-10,51
paragliding school,2020-11,42
paragliding school,2020-12,39
paragliding school,2021-01,44
paragliding school,2021-02,43
paragliding school,2021-03,41
paragliding school,2021-04,52
paragliding school,2021-05,47
paragliding school,2021-06,63
paragliding school,2021-07,65
paragliding school,2021-08,57
paragliding school,2021-09,59
paragliding school,2021-10,53
paragliding school,2021-11,46
paragliding school,2021-12,69
paragliding school,2022-01,65
paragliding school,2022-02,79
paragliding school,2022-03,85
paragliding school,2022-04,76
paragliding school,2022-05,71
paragliding school,2022-06,77
paragliding school,2022-07,69
paragliding school,2022-08,82
paragliding school,2022-09,59
paragliding school,2022-10,66
paragliding school,2022-11,65
paragliding school,2022-12,54
paragliding school,2023-01,72
paragliding school,2023-02,74
paragliding school,2023-03,61
paragliding school,2023-04,74
paragliding school,2023-05,67
paragliding school,2023-06,76
paragliding school,2023-07,75
paragliding school,2023-08,50
paragliding school,2023-09,73
paragliding school,2023-10,67
paragliding school,2023-11,70
paragliding school,2023-12,65
paragliding school,2024-01,66
paragliding school,2024-02,71
paragliding school,2024-03,70
paragliding school,2024-04,83
paragliding school,2024-05,65
paragliding school,2024-06,79
paragliding school,2024-07,84
paragliding school,2024-08,84
paragliding school,2024-09,66
paragliding school,2024-10,84
paragliding school,2024-11,72
paragliding school,2024-12,70
paragliding training,2015-01,62
paragliding training,2015-02,72
paragliding training,2015-03,45
paragliding training,2015-04,40
paragliding training,2015-05,78
paragliding training,2015-06,68
paragliding training,2015-07,53
paragliding training,2015-08,65
paragliding training,2015-09,34
paragliding training,2015-10,40
paragliding training,2015-11,45
paragliding training,2015-12,50
paragliding training,2016-01,52
paragliding training,2016-02,48
paragliding training,2016-03,52
paragliding training,2016-04,47
paragliding training,2016-05,62
paragliding training,2016-06,76
paragliding training,2016-07,63
paragliding training,2016-08,56
paragliding training,2016-09,48
paragliding training,2016-10,57
paragliding training,2016-11,46
paragliding training,2016-12,68
paragliding training,2017-01,60
paragliding training,2017-02,56
paragliding training,2017-03,30
paragliding training,2017-04,62
paragliding training,2017-05,66
paragliding training,2017-06,43
paragliding training,2017-07,61
paragliding training,2017-08,60
paragliding training,2017-09,58
paragliding training,2017-10,59
paragliding training,2017-11,58
paragliding training,2017-12,34
paragliding training,2018-01,69
paragliding training,2018-02,56
paragliding training,2018-03,48
paragliding training,2018-04,46
paragliding training,2018-05,56
paragliding training,2018-06,80
paragliding training,2018-07,54
paragliding training,2018-08,56
paragliding training,2018-09,65
paragliding training,2018-10,58
paragliding training,2018-11,48
paragliding training,2018-12,36
paragliding training,2019-01,63
paragliding training,2019-02,44
paragliding training,2019-03,66
paragliding training,2019-04,38
paragliding training,2019-05,54
paragliding training,2019-06,53
paragliding training,2019-07,79
paragliding training,2019-08,61
paragliding training,2019-09,61
paragliding training,2019-10,45
paragliding training,2019-11,41
paragliding training,2019-12,48
paragliding training,2020-01,51
paragliding training,2020-02,51
paragliding training,2020-03,39
paragliding training,2020-04,61
paragliding training,2020-05,44
paragliding training,2020-06,56
paragliding training,2020-07,63
paragliding training,2020-08,53
paragliding training,2020-09,71
paragliding training,2020-10,39
paragliding training,2020-11,62
paragliding training,2020-12,55
paragliding training,2021-01,43
paragliding training,2021-02,30
paragliding training,2021-03,59
paragliding training,2021-04,57
paragliding training,2021-05,38
paragliding training,2021-06,55
paragliding training,2021-07,52
paragliding training,2021-08,43
paragliding training,2021-09,61
paragliding training,2021-10,37
paragliding training,2021-11,40
paragliding training,2021-12,26
paragliding training,2022-01,56
paragliding training,2022-02,55
paragliding training,2022-03,100
paragliding training,2022-04,74
paragliding training,2022-05,46
paragliding training,2022-06,46
paragliding training,2022-07,64
paragliding training,2022-08,49
paragliding training,2022-09,31
paragliding training,2022-10,62
paragliding training,2022-11,45
paragliding training,2022-12,38
paragliding training,2023-01,50
paragliding training,2023-02,35
paragliding training,2023-03,57
paragliding training,2023-04,56
paragliding training,2023-05,67
paragliding training,2023-06,54
paragliding training,2023-07,52
paragliding training,2023-08,24
paragliding training,2023-09,37
paragliding training,2023-10,51
paragliding training,2023-11,44
paragliding training,2023-12,35
paragliding training,2024-01,55
paragliding training,2024-02,44
paragliding training,2024-03,49
paragliding training,2024-04,51
paragliding training,2024-05,57
paragliding training,2024-06,36
paragliding training,2024-07,53
paragliding training,2024-08,44
paragliding training,2024-09,38
paragliding training,2024-10,49
paragliding training,2024-11,60
paragliding training,2024-12,52
paragliding instructor,2015-01,0
paragliding instructor,2015-02,0
paragliding instructor,2015-03,0
paragliding instructor,2015-04,0
paragliding instructor,2015-05,0
paragliding instructor,2015-06,71
paragliding instructor,2015-07,0
paragliding instructor,2015-08,0
paragliding instructor,2015-09,100
paragliding instructor,2015-10,0
paragliding instructor,2015-11,0
paragliding instructor,2015-12,0
paragliding instructor,2016-01,0
paragliding instructor,2016-02,0
paragliding instructor,2016-03,0
paragliding instructor,2016-04,0
paragliding instructor,2016-05,0
paragliding instructor,2016-06,0
paragliding instructor,2016-07,75
paragliding instructor,2016-08,0
paragliding instructor,2016-09,0
paragliding instructor,2016-10,0
paragliding instructor,2016-11,0
paragliding instructor,2016-12,0
paragliding instructor,2017-01,0
paragliding instructor,2017-02,0
paragliding instructor,2017-03,68
paragliding instructor,2017-04,0
paragliding instructor,2017-05,0
paragliding instructor,2017-06,0
paragliding instructor,2017-07,0
paragliding instructor,2017-08,0
paragliding instructor,2017-09,0
paragliding instructor,2017-10,0
paragliding instructor,2017-11,0
paragliding instructor,2017-12,0
paragliding instructor,2018-01,0
paragliding instructor,2018-02,75
paragliding instructor,2018-03,0
paragliding instructor,2018-04,0
paragliding instructor,2018-05,0
paragliding instructor,2018-06,0
paragliding instructor,2018-07,71
paragliding instructor,2018-08,0
paragliding instructor,2018-09,0
paragliding instructor,2018-10,0
paragliding instructor,2018-11,0
paragliding instructor,2018-12,64
paragliding instructor,2019-01,0
paragliding instructor,2019-02,0
paragliding instructor,2019-03,94
paragliding instructor,2019-04,0
paragliding instructor,2019-05,0
paragliding instructor,2019-06,0
paragliding instructor,2019-07,86
paragliding instructor,2019-08,0
paragliding instructor,2019-09,0
paragliding instructor,2019-10,0
paragliding instructor,2019-11,0
paragliding instructor,2019-12,0
paragliding instructor,2020-01,0
paragliding instructor,2020-02,61
paragliding instructor,2020-03,0
paragliding instructor,2020-04,55
paragliding instructor,2020-05,0
paragliding instructor,2020-06,0
paragliding instructor,2020-07,0
paragliding instructor,2020-08,76
paragliding instructor,2020-09,52
paragliding instructor,2020-10,0
paragliding instructor,2020-11,0
paragliding instructor,2020-12,60
paragliding instructor,2021-01,0
paragliding instructor,2021-02,0
paragliding instructor,2021-03,0
paragliding instructor,2021-04,0
paragliding instructor,2021-05,0
paragliding instructor,2021-06,0
paragliding instructor,2021-07,0
paragliding instructor,2021-08,0
paragliding instructor,2021-09,0
paragliding instructor,2021-10,0
paragliding instructor,2021-11,0
paragliding instructor,2021-12,0
paragliding instructor,2022-01,0
paragliding instructor,2022-02,0
paragliding instructor,2022-03,58
paragliding instructor,2022-04,54
paragliding instructor,2022-05,0
paragliding instructor,2022-06,0
paragliding instructor,2022-07,0
paragliding instructor,2022-08,0
paragliding instructor,2022-09,46
paragliding instructor,2022-10,0
paragliding instructor,2022-11,0
paragliding instructor,2022-12,0
paragliding instructor,2023-01,0
paragliding instructor,2023-02,0
paragliding instructor,2023-03,59
paragliding instructor,2023-04,0
paragliding instructor,2023-05,64
paragliding instructor,2023-06,61
paragliding instructor,2023-07,58
paragliding instructor,2023-08,0
paragliding instructor,2023-09,0
paragliding instructor,2023-10,0
paragliding instructor,2023-11,0
paragliding instructor,2023-12,47
paragliding instructor,2024-01,0
paragliding instructor,2024-02,0
paragliding instructor,2024-03,0
paragliding instructor,2024-04,0
paragliding instructor,2024-05,0
paragliding instructor,2024-06,0
paragliding instructor,2024-07,0
paragliding instructor,2024-08,0
paragliding instructor,2024-09,0
paragliding instructor,2024-10,0
paragliding instructor,2024-11,0
paragliding instructor,2024-12,0
snowboard lessons,2015-01,88
snowboard lessons,2015-02,51
snowboard lessons,2015-03,29
snowboard lessons,2015-04,7
snowboard lessons,2015-05,6
snowboard lessons,2015-06,7
snowboard lessons,2015-07,11
snowboard lessons,2015-08,13
snowboard lessons,2015-09,16
snowboard lessons,2015-10,16
snowboard lessons,2015-11,38
snowboard lessons,2015-12,77
snowboard lessons,2016-01,90
snowboard lessons,2016-02,69
snowboard lessons,2016-03,34
snowboard lessons,2016-04,9
snowboard lessons,2016-05,7
snowboard lessons,2016-06,9
snowboard lessons,2016-07,11
snowboard lessons,2016-08,13
snowboard lessons,2016-09,15
snowboard lessons,2016-10,20
snowboard lessons,2016-11,41
snowboard lessons,2016-12,81
snowboard lessons,2017-01,91
snowboard lessons,2017-02,58
snowboard lessons,2017-03,32
snowboard lessons,2017-04,12
snowboard lessons,2017-05,5
snowboard lessons,2017-06,8
snowboard lessons,2017-07,15
snowboard lessons,2017-08,15
snowboard lessons,2017-09,21
snowboard lessons,2017-10,25
snowboard lessons,2017-11,46
snowboard lessons,2017-12,75
snowboard lessons,2018-01,82
snowboard lessons,2018-02,100
snowboard lessons,2018-03,53
snowboard lessons,2018-04,16
snowboard lessons,2018-05,9
snowboard lessons,2018-06,11
snowboard lessons,2018-07,18
snowboard lessons,2018-08,16
snowboard lessons,2018-09,19
snowboard lessons,2018-10,23
snowboard lessons,2018-11,40
snowboard lessons,2018-12,82
snowboard lessons,2019-01,97
snowboard lessons,2019-02,71
snowboard lessons,2019-03,40
snowboard lessons,2019-04,16
snowboard lessons,2019-05,10
snowboard lessons,2019-06,11
snowboard lessons,2019-07,14
snowboard lessons,2019-08,17
snowboard lessons,2019-09,19
snowboard lessons,2019-10,22
snowboard lessons,2019-11,47
snowboard lessons,2019-12,84
snowboard lessons,2020-01,84
snowboard lessons,2020-02,60
snowboard lessons,2020-03,19
snowboard lessons,2020-04,4
snowboard lessons,2020-05,5
snowboard lessons,2020-06,8
snowboard lessons,2020-07,9
snowboard lessons,2020-08,9
snowboard lessons,2020-09,12
snowboard lessons,2020-10,17
snowboard lessons,2020-11,31
snowboard lessons,2020-12,59
snowboard lessons,2021-01,64
snowboard lessons,2021-02,57
snowboard lessons,2021-03,25
snowboard lessons,2021-04,8
snowboard lessons,2021-05,7
snowboard lessons,2021-06,9
snowboard lessons,2021-07,10
snowboard lessons,2021-08,10
snowboard lessons,2021-09,15
snowboard lessons,2021-10,22
snowboard lessons,2021-11,41
snowboard lessons,2021-12,70
snowboard lessons,2022-01,93
snowboard lessons,2022-02,93
snowboard lessons,2022-03,35
snowboard lessons,2022-04,13
snowboard lessons,2022-05,6
snowboard lessons,2022-06,11
snowboard lessons,2022-07,11
snowboard lessons,2022-08,15
snowboard lessons,2022-09,20
snowboard lessons,2022-10,23
snowboard lessons,2022-11,44
snowboard lessons,2022-12,88
snowboard lessons,2023-01,86
snowboard lessons,2023-02,62
snowboard lessons,2023-03,33
snowboard lessons,2023-04,12
snowboard lessons,2023-05,6
snowboard lessons,2023-06,8
snowboard lessons,2023-07,12
snowboard lessons,2023-08,14
snowboard lessons,2023-09,18
snowboard lessons,2023-10,23
snowboard lessons,2023-11,43
snowboard lessons,2023-12,72
snowboard lessons,2024-01,83
snowboard lessons,2024-02,59
snowboard lessons,2024-03,32
snowboard lessons,2024-04,13
snowboard lessons,2024-05,7
snowboard lessons,2024-06,9
snowboard lessons,2024-07,13
snowboard lessons,2024-08,14
snowboard lessons,2024-09,17
snowboard lessons,2024-10,24
snowboard lessons,2024-11,49
snowboard lessons,2024-12,99
snowboard course,2015-01,41
snowboard course,2015-02,30
snowboard course,2015-03,19
snowboard course,2015-04,14
snowboard course,2015-05,10
snowboard course,2015-06,10
snowboard course,2015-07,14
snowboard course,2015-08,12
snowboard course,2015-09,12
snowboard course,2015-10,24
snowboard course,2015-11,29
snowboard course,2015-12,27
snowboard course,2016-01,52
snowboard course,2016-02,43
snowboard course,2016-03,31
snowboard course,2016-04,25
snowboard course,2016-05,24
snowboard course,2016-06,25
snowboard course,2016-07,31
snowboard course,2016-08,25
snowboard course,2016-09,26
snowboard course,2016-10,22
snowboard course,2016-11,26
snowboard course,2016-12,35
snowboard course,2017-01,39
snowboard course,2017-02,23
snowboard course,2017-03,25
snowboard course,2017-04,12
snowboard course,2017-05,12
snowboard course,2017-06,9
snowboard course,2017-07,11
snowboard course,2017-08,16
snowboard course,2017-09,18
snowboard course,2017-10,20
snowboard course,2017-11,22
snowboard course,2017-12,32
snowboard course,2018-01,32
snowboard course,2018-02,100
snowboard course,2018-03,23
snowboard course,2018-04,17
snowboard course,2018-05,9
snowboard course,2018-06,8
snowboard course,2018-07,10
snowboard course,2018-08,15
snowboard course,2018-09,15
snowboard course,2018-10,17
snowboard course,2018-11,20
snowboard course,2018-12,24
snowboard course,2019-01,29
snowboard course,2019-02,27
snowboard course,2019-03,19
snowboard course,2019-04,12
snowboard course,2019-05,11
snowboard course,2019-06,14
snowboard course,2019-07,13
snowboard course,2019-08,15
snowboard course,2019-09,19
snowboard course,2019-10,12
snowboard course,2019-11,21
snowboard course,2019-12,26
snowboard course,2020-01,31
snowboard course,2020-02,22
snowboard course,2020-03,12
snowboard course,2020-04,6
snowboard course,2020-05,7
snowboard course,2020-06,6
snowboard course,2020-07,11
snowboard course,2020-08,9
snowboard course,2020-09,11
snowboard course,2020-10,12
snowboard course,2020-11,11
snowboard course,2020-12,21
snowboard course,2021-01,14
snowboard course,2021-02,14
snowboard course,2021-03,11
snowboard course,2021-04,10
snowboard course,2021-05,6
snowboard course,2021-06,9
snowboard course,2021-07,9
snowboard course,2021-08,7
snowboard course,2021-09,11
snowboard course,2021-10,10
snowboard course,2021-11,15
snowboard course,2021-12,19
snowboard course,2022-01,34
snowboard course,2022-02,54
snowboard course,2022-03,17
snowboard course,2022-04,10
snowboard course,2022-05,8
snowboard course,2022-06,6
snowboard course,2022-07,14
snowboard course,2022-08,10
snowboard course,2022-09,15
snowboard course,2022-10,15
snowboard course,2022-11,16
snowboard course,2022-12,20
snowboard course,2023-01,29
snowboard course,2023-02,23
snowboard course,2023-03,12
snowboard course,2023-04,10
snowboard course,2023-05,7
snowboard course,2023-06,7
snowboard course,2023-07,9
snowboard course,2023-08,14
snowboard course,2023-09,15
snowboard course,2023-10,12
snowboard course,2023-11,17
snowboard course,2023-12,23
snowboard course,2024-01,33
snowboard course,2024-02,29
snowboard course,2024-03,20
snowboard course,2024-04,13
snowboard course,2024-05,9
snowboard course,2024-06,12
snowboard course,2024-07,12
snowboard course,2024-08,13
snowboard course,2024-09,13
snowboard course,2024-10,14
snowboard course,2024-11,18
snowboard course,2024-12,35
learn snowboarding,2015-01,61
learn snowboarding,2015-02,61
learn snowboarding,2015-03,24
learn snowboarding,2015-04,0
learn snowboarding,2015-05,8
learn snowboarding,2015-06,11
learn snowboarding,2015-07,14
learn snowboarding,2015-08,16
learn snowboarding,2015-09,9
learn snowboarding,2015-10,17
learn snowboarding,2015-11,31
learn snowboarding,2015-12,52
learn snowboarding,2016-01,71
learn snowboarding,2016-02,45
learn snowboarding,2016-03,24
learn snowboarding,2016-04,14
learn snowboarding,2016-05,10
learn snowboarding,2016-06,8
learn snowboarding,2016-07,9
learn snowboarding,2016-08,8
learn snowboarding,2016-09,14
learn snowboarding,2016-10,19
learn snowboarding,2016-11,30
learn snowboarding,2016-12,61
learn snowboarding,2017-01,85
learn snowboarding,2017-02,47
learn snowboarding,2017-03,18
learn snowboarding,2017-04,12
learn snowboarding,2017-05,0
learn snowboarding,2017-06,9
learn snowboarding,2017-07,8
learn snowboarding,2017-08,10
learn snowboarding,2017-09,9
learn snowboarding,2017-10,18
learn snowboarding,2017-11,31
learn snowboarding,2017-12,53
learn snowboarding,2018-01,61
learn snowboarding,2018-02,100
learn snowboarding,2018-03,33
learn snowboarding,2018-04,15
learn snowboarding,2018-05,7
learn snowboarding,2018-06,8
learn snowboarding,2018-07,12
learn snowboarding,2018-08,18
learn snowboarding,2018-09,14
learn snowboarding,2018-10,16
learn snowboarding,2018-11,25
learn snowboarding,2018-12,63
learn snowboarding,2019-01,67
learn snowboarding,2019-02,44
learn snowboarding,2019-03,25
learn snowboarding,2019-04,7
learn snowboarding,2019-05,0
learn snowboarding,2019-06,6
learn snowboarding,2019-07,11
learn snowboarding,2019-08,0
learn snowboarding,2019-09,16
learn snowboarding,2019-10,16
learn snowboarding,2019-11,27
learn snowboarding,2019-12,44
learn snowboarding,2020-01,60
learn snowboarding,2020-02,47
learn snowboarding,2020-03,15
learn snowboarding,2020-04,6
learn snowboarding,2020-05,7
learn snowboarding,2020-06,10
learn snowboarding,2020-07,10
learn snowboarding,2020-08,11
learn snowboarding,2020-09,12
learn snowboarding,2020-10,13
learn snowboarding,2020-11,23
learn snowboarding,2020-12,43
learn snowboarding,2021-01,53
learn snowboarding,2021-02,55
learn snowboarding,2021-03,25
learn snowboarding,2021-04,9
learn snowboarding,2021-05,7
learn snowboarding,2021-06,9
learn snowboarding,2021-07,7
learn snowboarding,2021-08,10
learn snowboarding,2021-09,13
learn snowboarding,2021-10,17
learn snowboarding,2021-11,31
learn snowboarding,2021-12,49
learn snowboarding,2022-01,87
learn snowboarding,2022-02,87
learn snowboarding,2022-03,26
learn snowboarding,2022-04,11
learn snowboarding,2022-05,12
learn snowboarding,2022-06,11
learn snowboarding,2022-07,12
learn snowboarding,2022-08,12
learn snowboarding,2022-09,15
learn snowboarding,2022-10,21
learn snowboarding,2022-11,34
learn snowboarding,2022-12,66
learn snowboarding,2023-01,64
learn snowboarding,2023-02,57
learn snowboarding,2023-03,31
learn snowboarding,2023-04,13
learn snowboarding,2023-05,14
learn snowboarding,2023-06,12
learn snowboarding,2023-07,10
learn snowboarding,2023-08,19
learn snowboarding,2023-09,18
learn snowboarding,2023-10,17
learn snowboarding,2023-11,33
learn snowboarding,2023-12,65
learn snowboarding,2024-01,77
learn snowboarding,2024-02,57
learn snowboarding,2024-03,31
learn snowboarding,2024-04,17
learn snowboarding,2024-05,10
learn snowboarding,2024-06,12
learn snowboarding,2024-07,12
learn snowboarding,2024-08,14
learn snowboarding,2024-09,24
learn snowboarding,2024-10,20
learn snowboarding,2024-11,38
learn snowboarding,2024-12,91
snowboard school,2015-01,85
snowboard school,2015-02,72
snowboard school,2015-03,43
snowboard school,2015-04,21
snowboard school,2015-05,15
snowboard school,2015-06,12
snowboard school,2015-07,13
snowboard school,2015-08,22
snowboard school,2015-09,25
snowboard school,2015-10,31
snowboard school,2015-11,48
snowboard school,2015-12,60
snowboard school,2016-01,81
snowboard school,2016-02,67
snowboard school,2016-03,34
snowboard school,2016-04,15
snowboard school,2016-05,12
snowboard school,2016-06,12
snowboard school,2016-07,14
snowboard school,2016-08,17
snowboard school,2016-09,24
snowboard school,2016-10,30
snowboard school,2016-11,43
snowboard school,2016-12,67
snowboard school,2017-01,74
snowboard school,2017-02,58
snowboard school,2017-03,34
snowboard school,2017-04,17
snowboard school,2017-05,10
snowboard school,2017-06,11
snowboard school,2017-07,15
snowboard school,2017-08,17
snowboard school,2017-09,28
snowboard school,2017-10,34
snowboard school,2017-11,46
snowboard school,2017-12,63
snowboard school,2018-01,66
snowboard school,2018-02,100
snowboard school,2018-03,44
snowboard school,2018-04,18
snowboard school,2018-05,18
snowboard school,2018-06,12
snowboard school,2018-07,18
snowboard school,2018-08,21
snowboard school,2018-09,27
snowboard school,2018-10,26
snowboard school,2018-11,37
snowboard school,2018-12,52
snowboard school,2019-01,62
snowboard school,2019-02,60
snowboard school,2019-03,36
snowboard school,2019-04,19
snowboard school,2019-05,16
snowboard school,2019-06,15
snowboard school,2019-07,16
snowboard school,2019-08,22
snowboard school,2019-09,25
snowboard school,2019-10,27
snowboard school,2019-11,42
snowboard school,2019-12,65
snowboard school,2020-01,64
snowboard school,2020-02,53
snowboard school,2020-03,21
snowboard school,2020-04,9
snowboard school,2020-05,9
snowboard school,2020-06,11
snowboard school,2020-07,8
snowboard school,2020-08,11
snowboard school,2020-09,17
snowboard school,2020-10,16
snowboard school,2020-11,26
snowboard school,2020-12,37
snowboard school,2021-01,41
snowboard school,2021-02,35
snowboard school,2021-03,20
snowboard school,2021-04,11
snowboard school,2021-05,10
snowboard school,2021-06,7
snowboard school,2021-07,8
snowboard school,2021-08,10
snowboard school,2021-09,14
snowboard school,2021-10,21
snowboard school,2021-11,33
snowboard school,2021-12,49
snowboard school,2022-01,63
snowboard school,2022-02,74
snowboard school,2022-03,29
snowboard school,2022-04,15
snowboard school,2022-05,10
snowboard school,2022-06,12
snowboard school,2022-07,11
snowboard school,2022-08,17
snowboard school,2022-09,17
snowboard school,2022-10,28
snowboard school,2022-11,37
snowboard school,2022-12,64
snowboard school,2023-01,65
snowboard school,2023-02,58
snowboard school,2023-03,33
snowboard school,2023-04,16
snowboard school,2023-05,9
snowboard school,2023-06,8
snowboard school,2023-07,11
snowboard school,2023-08,19
snowboard school,2023-09,26
snowboard school,2023-10,28
snowboard school,2023-11,40
snowboard school,2023-12,56
snowboard school,2024-01,74
snowboard school,2024-02,58
snowboard school,2024-03,31
snowboard school,2024-04,18
snowboard school,2024-05,12
snowboard school,2024-06,13
snowboard school,2024-07,12
snowboard school,2024-08,18
snowboard school,2024-09,21
snowboard school,2024-10,28
snowboard school,2024-11,42
snowboard school,2024-12,80
snowboard instructor,2015-01,92
snowboard instructor,2015-02,66
snowboard instructor,2015-03,50
snowboard instructor,2015-04,41
snowboard instructor,2015-05,26
snowboard instructor,2015-06,33
snowboard instructor,2015-07,47
snowboard instructor,2015-08,49
snowboard instructor,2015-09,44
snowboard instructor,2015-10,86
snowboard instructor,2015-11,58
snowboard instructor,2015-12,65
snowboard instructor,2016-01,100
snowboard instructor,2016-02,94
snowboard instructor,2016-03,71
snowboard instructor,2016-04,61
snowboard instructor,2016-05,46
snowboard instructor,2016-06,55
snowboard instructor,2016-07,52
snowboard instructor,2016-08,53
snowboard instructor,2016-09,62
snowboard instructor,2016-10,51
snowboard instructor,2016-11,54
snowboard instructor,2016-12,74
snowboard instructor,2017-01,78
snowboard instructor,2017-02,59
snowboard instructor,2017-03,62
snowboard instructor,2017-04,36
snowboard instructor,2017-05,33
snowboard instructor,2017-06,34
snowboard instructor,2017-07,32
snowboard instructor,2017-08,45
snowboard instructor,2017-09,42
snowboard instructor,2017-10,60
snowboard instructor,2017-11,57
snowboard instructor,2017-12,59
snowboard instructor,2018-01,73
snowboard instructor,2018-02,74
snowboard instructor,2018-03,54
snowboard instructor,2018-04,27
snowboard instructor,2018-05,23
snowboard instructor,2018-06,30
snowboard instructor,2018-07,44
snowboard instructor,2018-08,50
snowboard instructor,2018-09,52
snowboard instructor,2018-10,47
snowboard instructor,2018-11,50
snowboard instructor,2018-12,65
snowboard instructor,2019-01,80
snowboard instructor,2019-02,59
snowboard instructor,2019-03,43
snowboard instructor,2019-04,36
snowboard instructor,2019-05,33
snowboard instructor,2019-06,42
snowboard instructor,2019-07,44
snowboard instructor,2019-08,51
snowboard instructor,2019-09,48
snowboard instructor,2019-10,41
snowboard instructor,2019-11,43
snowboard instructor,2019-12,51
snowboard instructor,2020-01,66
snowboard instructor,2020-02,49
snowboard instructor,2020-03,33
snowboard instructor,2020-04,18
snowboard instructor,2020-05,13
snowboard instructor,2020-06,23
snowboard instructor,2020-07,27
snowboard instructor,2020-08,29
snowboard instructor,2020-09,27
snowboard instructor,2020-10,24
snowboard instructor,2020-11,31
snowboard instructor,2020-12,39
snowboard instructor,2021-01,46
snowboard instructor,2021-02,36
snowboard instructor,2021-03,28
snowboard instructor,2021-04,17
snowboard instructor,2021-05,13
snowboard instructor,2021-06,20
snowboard instructor,2021-07,19
snowboard instructor,2021-08,23
snowboard instructor,2021-09,30
snowboard instructor,2021-10,23
snowboard instructor,2021-11,35
snowboard instructor,2021-12,44
snowboard instructor,2022-01,52
snowboard instructor,2022-02,61
snowboard instructor,2022-03,36
snowboard instructor,2022-04,29
snowboard instructor,2022-05,23
snowboard instructor,2022-06,19
snowboard instructor,2022-07,23
snowboard instructor,2022-08,26
snowboard instructor,2022-09,34
snowboard instructor,2022-10,28
snowboard instructor,2022-11,29
snowboard instructor,2022-12,46
snowboard instructor,2023-01,69
snowboard instructor,2023-02,55
snowboard instructor,2023-03,39
snowboard instructor,2023-04,18
snowboard instructor,2023-05,24
snowboard instructor,2023-06,23
snowboard instructor,2023-07,31
snowboard instructor,2023-08,34
snowboard instructor,2023-09,39
snowboard instructor,2023-10,31
snowboard instructor,2023-11,42
snowboard instructor,2023-12,52
snowboard instructor,2024-01,65
snowboard instructor,2024-02,54
snowboard instructor,2024-03,42
snowboard instructor,2024-04,35
snowboard instructor,2024-05,21
snowboard instructor,2024-06,29
snowboard instructor,2024-07,23
snowboard instructor,2024-08,31
snowboard instructor,2024-09,33
snowboard instructor,2024-10,34
snowboard instructor,2024-11,46
snowboard instructor,2024-12,68
snowboard camp,2015-01,88
snowboard camp,2015-02,71
snowboard camp,2015-03,58
snowboard camp,2015-04,40
snowboard camp,2015-05,28
snowboard camp,2015-06,26
snowboard camp,2015-07,35
snowboard camp,2015-08,30
snowboard camp,2015-09,31
snowboard camp,2015-10,34
snowboard camp,2015-11,45
snowboard camp,2015-12,65
snowboard camp,2016-01,80
snowboard camp,2016-02,72
snowboard camp,2016-03,46
snowboard camp,2016-04,30
snowboard camp,2016-05,27
snowboard camp,2016-06,34
snowboard camp,2016-07,28
snowboard camp,2016-08,28
snowboard camp,2016-09,28
snowboard camp,2016-10,31
snowboard camp,2016-11,52
snowboard camp,2016-12,83
snowboard camp,2017-01,87
snowboard camp,2017-02,68
snowboard camp,2017-03,49
snowboard camp,2017-04,36
snowboard camp,2017-05,21
snowboard camp,2017-06,31
snowboard camp,2017-07,37
snowboard camp,2017-08,30
snowboard camp,2017-09,28
snowboard camp,2017-10,42
snowboard camp,2017-11,58
snowboard camp,2017-12,73
snowboard camp,2018-01,93
snowboard camp,2018-02,100
snowboard camp,2018-03,61
snowboard camp,2018-04,38
snowboard camp,2018-05,29
snowboard camp,2018-06,32
snowboard camp,2018-07,28
snowboard camp,2018-08,30
snowboard camp,2018-09,41
snowboard camp,2018-10,32
snowboard camp,2018-11,52
snowboard camp,2018-12,68
snowboard camp,2019-01,85
snowboard camp,2019-02,75
snowboard camp,2019-03,59
snowboard camp,2019-04,27
snowboard camp,2019-05,28
snowboard camp,2019-06,40
snowboard camp,2019-07,28
snowboard camp,2019-08,28
snowboard camp,2019-09,27
snowboard camp,2019-10,33
snowboard camp,2019-11,48
snowboard camp,2019-12,69
snowboard camp,2020-01,66
snowboard camp,2020-02,53
snowboard camp,2020-03,31
snowboard camp,2020-04,17
snowboard camp,2020-05,15
snowboard camp,2020-06,17
snowboard camp,2020-07,22
snowboard camp,2020-08,21
snowboard camp,2020-09,19
snowboard camp,2020-10,20
snowboard camp,2020-11,27
snowboard camp,2020-12,40
snowboard camp,2021-01,54
snowboard camp,2021-02,40
snowboard camp,2021-03,24
snowboard camp,2021-04,10
snowboard camp,2021-05,17
snowboard camp,2021-06,12
snowboard camp,2021-07,19
snowboard camp,2021-08,14
snowboard camp,2021-09,16
snowboard camp,2021-10,20
snowboard camp,2021-11,30
snowboard camp,2021-12,41
snowboard camp,2022-01,69
snowboard camp,2022-02,63
snowboard camp,2022-03,31
snowboard camp,2022-04,19
snowboard camp,2022-05,19
snowboard camp,2022-06,18
snowboard camp,2022-07,15
snowboard camp,2022-08,14
snowboard camp,2022-09,19
snowboard camp,2022-10,18
snowboard camp,2022-11,33
snowboard camp,2022-12,47
snowboard camp,2023-01,51
snowboard camp,2023-02,42
snowboard camp,2023-03,34
snowboard camp,2023-04,19
snowboard camp,2023-05,14
snowboard camp,2023-06,13
snowboard camp,2023-07,18
snowboard camp,2023-08,22
snowboard camp,2023-09,18
snowboard camp,2023-10,24
snowboard camp,2023-11,33
snowboard camp,2023-12,46
snowboard camp,2024-01,56
snowboard camp,2024-02,40
snowboard camp,2024-03,32
snowboard camp,2024-04,18
snowboard camp,2024-05,16
snowboard camp,2024-06,17
snowboard camp,2024-07,14
snowboard camp,2024-08,17
snowboard camp,2024-09,21
snowboard camp,2024-10,23
snowboard camp,2024-11,41
snowboard camp,2024-12,59
surf lessons,2015-01,55
surf lessons,2015-02,50
surf lessons,2015-03,59
surf lessons,2015-04,57
surf lessons,2015-05,59
surf lessons,2015-06,75
surf lessons,2015-07,92
surf lessons,2015-08,76
surf lessons,2015-09,49
surf lessons,2015-10,38
surf lessons,2015-11,40
surf lessons,2015-12,51
surf lessons,2016-01,57
surf lessons,2016-02,55
surf lessons,2016-03,55
surf lessons,2016-04,54
surf lessons,2016-05,57
surf lessons,2016-06,79
surf lessons,2016-07,89
surf lessons,2016-08,79
surf lessons,2016-09,55
surf lessons,2016-10,46
surf lessons,2016-11,41
surf lessons,2016-12,51
surf lessons,2017-01,56
surf lessons,2017-02,51
surf lessons,2017-03,59
surf lessons,2017-04,64
surf lessons,2017-05,52
surf lessons,2017-06,74
surf lessons,2017-07,97
surf lessons,2017-08,81
surf lessons,2017-09,50
surf lessons,2017-10,44
surf lessons,2017-11,44
surf lessons,2017-12,57
surf lessons,2018-01,59
surf lessons,2018-02,54
surf lessons,2018-03,59
surf lessons,2018-04,55
surf lessons,2018-05,58
surf lessons,2018-06,80
surf lessons,2018-07,100
surf lessons,2018-08,88
surf lessons,2018-09,53
surf lessons,2018-10,47
surf lessons,2018-11,44
surf lessons,2018-12,55
surf lessons,2019-01,57
surf lessons,2019-02,56
surf lessons,2019-03,59
surf lessons,2019-04,62
surf lessons,2019-05,60
surf lessons,2019-06,80
surf lessons,2019-07,97
surf lessons,2019-08,90
surf lessons,2019-09,56
surf lessons,2019-10,50
surf lessons,2019-11,47
surf lessons,2019-12,63
surf lessons,2020-01,59
surf lessons,2020-02,54
surf lessons,2020-03,32
surf lessons,2020-04,16
surf lessons,2020-05,32
surf lessons,2020-06,59
surf lessons,2020-07,81
surf lessons,2020-08,73
surf lessons,2020-09,48
surf lessons,2020-10,36
surf lessons,2020-11,35
surf lessons,2020-12,40
surf lessons,2021-01,41
surf lessons,2021-02,33
surf lessons,2021-03,42
surf lessons,2021-04,55
surf lessons,2021-05,60
surf lessons,2021-06,83
surf lessons,2021-07,97
surf lessons,2021-08,80
surf lessons,2021-09,46
surf lessons,2021-10,42
surf lessons,2021-11,41
surf lessons,2021-12,47
surf lessons,2022-01,52
surf lessons,2022-02,50
surf lessons,2022-03,55
surf lessons,2022-04,61
surf lessons,2022-05,54
surf lessons,2022-06,72
surf lessons,2022-07,87
surf lessons,2022-08,75
surf lessons,2022-09,48
surf lessons,2022-10,40
surf lessons,2022-11,39
surf lessons,2022-12,52
surf lessons,2023-01,58
surf lessons,2023-02,52
surf lessons,2023-03,55
surf lessons,2023-04,54
surf lessons,2023-05,52
surf lessons,2023-06,69
surf lessons,2023-07,85
surf lessons,2023-08,69
surf lessons,2023-09,52
surf lessons,2023-10,46
surf lessons,2023-11,38
surf lessons,2023-12,51
surf lessons,2024-01,60
surf lessons,2024-02,53
surf lessons,2024-03,54
surf lessons,2024-04,54
surf lessons,2024-05,54
surf lessons,2024-06,68
surf lessons,2024-07,78
surf lessons,2024-08,72
surf lessons,2024-09,44
surf lessons,2024-10,43
surf lessons,2024-11,45
surf lessons,2024-12,60
surf course,2015-01,59
surf course,2015-02,57
surf course,2015-03,46
surf course,2015-04,60
surf course,2015-05,56
surf course,2015-06,65
surf course,2015-07,69
surf course,2015-08,72
surf course,2015-09,52
surf course,2015-10,52
surf course,2015-11,47
surf course,2015-12,42
surf course,2016-01,51
surf course,2016-02,50
surf course,2016-03,55
surf course,2016-04,60
surf course,2016-05,60
surf course,2016-06,56
surf course,2016-07,58
surf course,2016-08,69
surf course,2016-09,42
surf course,2016-10,49
surf course,2016-11,40
surf course,2016-12,47
surf course,2017-01,56
surf course,2017-02,51
surf course,2017-03,56
surf course,2017-04,51
surf course,2017-05,60
surf course,2017-06,65
surf course,2017-07,64
surf course,2017-08,66
surf course,2017-09,47
surf course,2017-10,47
surf course,2017-11,45
surf course,2017-12,51
surf course,2018-01,56
surf course,2018-02,56
surf course,2018-03,49
surf course,2018-04,56
surf course,2018-05,50
surf course,2018-06,60
surf course,2018-07,56
surf course,2018-08,69
surf course,2018-09,54
surf course,2018-10,44
surf course,2018-11,39
surf course,2018-12,44
surf course,2019-01,50
surf course,2019-02,50
surf course,2019-03,47
surf course,2019-04,56
surf course,2019-05,54
surf course,2019-06,55
surf course,2019-07,57
surf course,2019-08,65
surf course,2019-09,53
surf course,2019-10,49
surf course,2019-11,45
surf course,2019-12,47
surf course,2020-01,48
surf course,2020-02,48
surf course,2020-03,34
surf course,2020-04,28
surf course,2020-05,40
surf course,2020-06,45
surf course,2020-07,56
surf course,2020-08,49
surf course,2020-09,47
surf course,2020-10,36
surf course,2020-11,37
surf course,2020-12,32
surf course,2021-01,41
surf course,2021-02,34
surf course,2021-03,40
surf course,2021-04,39
surf course,2021-05,51
surf course,2021-06,52
surf course,2021-07,59
surf course,2021-08,61
surf course,2021-09,52
surf course,2021-10,50
surf course,2021-11,48
surf course,2021-12,50
surf course,2022-01,58
surf course,2022-02,64
surf course,2022-03,62
surf course,2022-04,65
surf course,2022-05,63
surf course,2022-06,64
surf course,2022-07,72
surf course,2022-08,67
surf course,2022-09,62
surf course,2022-10,57
surf course,2022-11,58
surf course,2022-12,60
surf course,2023-01,66
surf course,2023-02,64
surf course,2023-03,65
surf course,2023-04,61
surf course,2023-05,65
surf course,2023-06,65
surf course,2023-07,78
surf course,2023-08,72
surf course,2023-09,62
surf course,2023-10,54
surf course,2023-11,61
surf course,2023-12,56
surf course,2024-01,63
surf course,2024-02,60
surf course,2024-03,62
surf course,2024-04,61
surf course,2024-05,62
surf course,2024-06,71
surf course,2024-07,74
surf course,2024-08,100
surf course,2024-09,82
surf course,2024-10,67
surf course,2024-11,62
surf course,2024-12,61
learn surfing,2015-01,54
learn surfing,2015-02,55
learn surfing,2015-03,45
learn surfing,2015-04,54
learn surfing,2015-05,55
learn surfing,2015-06,54
learn surfing,2015-07,66
learn surfing,2015-08,63
learn surfing,2015-09,51
learn surfing,2015-10,47
learn surfing,2015-11,44
learn surfing,2015-12,40
learn surfing,2016-01,52
learn surfing,2016-02,51
learn surfing,2016-03,44
learn surfing,2016-04,44
learn surfing,2016-05,48
learn surfing,2016-06,45
learn surfing,2016-07,64
learn surfing,2016-08,47
learn surfing,2016-09,46
learn surfing,2016-10,44
learn surfing,2016-11,36
learn surfing,2016-12,46
learn surfing,2017-01,54
learn surfing,2017-02,53
learn surfing,2017-03,52
learn surfing,2017-04,55
learn surfing,2017-05,51
learn surfing,2017-06,51
learn surfing,2017-07,60
learn surfing,2017-08,53
learn surfing,2017-09,50
learn surfing,2017-10,40
learn surfing,2017-11,46
learn surfing,2017-12,42
learn surfing,2018-01,49
learn surfing,2018-02,44
learn surfing,2018-03,55
learn surfing,2018-04,51
learn surfing,2018-05,44
learn surfing,2018-06,52
learn surfing,2018-07,69
learn surfing,2018-08,60
learn surfing,2018-09,47
learn surfing,2018-10,37
learn surfing,2018-11,39
learn surfing,2018-12,47
learn surfing,2019-01,44
learn surfing,2019-02,43
learn surfing,2019-03,54
learn surfing,2019-04,48
learn surfing,2019-05,49
learn surfing,2019-06,48
learn surfing,2019-07,55
learn surfing,2019-08,51
learn surfing,2019-09,42
learn surfing,2019-10,39
learn surfing,2019-11,36
learn surfing,2019-12,43
learn surfing,2020-01,49
learn surfing,2020-02,39
learn surfing,2020-03,33
learn surfing,2020-04,35
learn surfing,2020-05,40
learn surfing,2020-06,44
learn surfing,2020-07,49
learn surfing,2020-08,52
learn surfing,2020-09,39
learn surfing,2020-10,28
learn surfing,2020-11,35
learn surfing,2020-12,35
learn surfing,2021-01,40
learn surfing,2021-02,41
learn surfing,2021-03,34
learn surfing,2021-04,44
learn surfing,2021-05,48
learn surfing,2021-06,48
learn surfing,2021-07,50
learn surfing,2021-08,52
learn surfing,2021-09,36
learn surfing,2021-10,32
learn surfing,2021-11,42
learn surfing,2021-12,36
learn surfing,2022-01,46
learn surfing,2022-02,50
learn surfing,2022-03,56
learn surfing,2022-04,56
learn surfing,2022-05,51
learn surfing,2022-06,59
learn surfing,2022-07,65
learn surfing,2022-08,53
learn surfing,2022-09,49
learn surfing,2022-10,41
learn surfing,2022-11,43
learn surfing,2022-12,50
learn surfing,2023-01,50
learn surfing,2023-02,54
learn surfing,2023-03,57
learn surfing,2023-04,47
learn surfing,2023-05,52
learn surfing,2023-06,52
learn surfing,2023-07,66
learn surfing,2023-08,55
learn surfing,2023-09,46
learn surfing,2023-10,45
learn surfing,2023-11,42
learn surfing,2023-12,45
learn surfing,2024-01,54
learn surfing,2024-02,49
learn surfing,2024-03,55
learn surfing,2024-04,55
learn surfing,2024-05,55
learn surfing,2024-06,54
learn surfing,2024-07,61
learn surfing,2024-08,100
learn surfing,2024-09,53
learn surfing,2024-10,47
learn surfing,2024-11,47
learn surfing,2024-12,52
surf school,2015-01,52
surf school,2015-02,46
surf school,2015-03,51
surf school,2015-04,54
surf school,2015-05,56
surf school,2015-06,63
surf school,2015-07,73
surf school,2015-08,69
surf school,2015-09,55
surf school,2015-10,45
surf school,2015-11,40
surf school,2015-12,46
surf school,2016-01,50
surf school,2016-02,50
surf school,2016-03,49
surf school,2016-04,49
surf school,2016-05,56
surf school,2016-06,58
surf school,2016-07,69
surf school,2016-08,67
surf school,2016-09,52
surf school,2016-10,44
surf school,2016-11,40
surf school,2016-12,44
surf school,2017-01,49
surf school,2017-02,45
surf school,2017-03,48
surf school,2017-04,51
surf school,2017-05,49
surf school,2017-06,66
surf school,2017-07,82
surf school,2017-08,69
surf school,2017-09,49
surf school,2017-10,44
surf school,2017-11,38
surf school,2017-12,43
surf school,2018-01,51
surf school,2018-02,45
surf school,2018-03,47
surf school,2018-04,50
surf school,2018-05,52
surf school,2018-06,58
surf school,2018-07,70
surf school,2018-08,72
surf school,2018-09,54
surf school,2018-10,45
surf school,2018-11,38
surf school,2018-12,45
surf school,2019-01,46
surf school,2019-02,44
surf school,2019-03,48
surf school,2019-04,50
surf school,2019-05,48
surf school,2019-06,54
surf school,2019-07,68
surf school,2019-08,74
surf school,2019-09,51
surf school,2019-10,42
surf school,2019-11,41
surf school,2019-12,43
surf school,2020-01,43
surf school,2020-02,40
surf school,2020-03,28
surf school,2020-04,16
surf school,2020-05,27
surf school,2020-06,48
surf school,2020-07,79
surf school,2020-08,77
surf school,2020-09,46
surf school,2020-10,34
surf school,2020-11,26
surf school,2020-12,27
surf school,2021-01,31
surf school,2021-02,27
surf school,2021-03,32
surf school,2021-04,38
surf school,2021-05,46
surf school,2021-06,53
surf school,2021-07,65
surf school,2021-08,100
surf school,2021-09,46
surf school,2021-10,38
surf school,2021-11,30
surf school,2021-12,33
surf school,2022-01,41
surf school,2022-02,38
surf school,2022-03,38
surf school,2022-04,44
surf school,2022-05,44
surf school,2022-06,50
surf school,2022-07,72
surf school,2022-08,70
surf school,2022-09,40
surf school,2022-10,37
surf school,2022-11,34
surf school,2022-12,38
surf school,2023-01,39
surf school,2023-02,38
surf school,2023-03,39
surf school,2023-04,43
surf school,2023-05,44
surf school,2023-06,49
surf school,2023-07,62
surf school,2023-08,61
surf school,2023-09,45
surf school,2023-10,38
surf school,2023-11,34
surf school,2023-12,37
surf school,2024-01,45
surf school,2024-02,42
surf school,2024-03,45
surf school,2024-04,43
surf school,2024-05,48
surf school,2024-06,48
surf school,2024-07,59
surf school,2024-08,64
surf school,2024-09,45
surf school,2024-10,38
surf school,2024-11,36
surf school,2024-12,42
surf camp,2015-01,63
surf camp,2015-02,63
surf camp,2015-03,68
surf camp,2015-04,72
surf camp,2015-05,77
surf camp,2015-06,89
surf camp,2015-07,89
surf camp,2015-08,85
surf camp,2015-09,56
surf camp,2015-10,52
surf camp,2015-11,46
surf camp,2015-12,46
surf camp,2016-01,76
surf camp,2016-02,67
surf camp,2016-03,67
surf camp,2016-04,77
surf camp,2016-05,78
surf camp,2016-06,86
surf camp,2016-07,94
surf camp,2016-08,77
surf camp,2016-09,66
surf camp,2016-10,56
surf camp,2016-11,51
surf camp,2016-12,52
surf camp,2017-01,63
surf camp,2017-02,70
surf camp,2017-03,72
surf camp,2017-04,76
surf camp,2017-05,76
surf camp,2017-06,88
surf camp,2017-07,99
surf camp,2017-08,84
surf camp,2017-09,60
surf camp,2017-10,54
surf camp,2017-11,55
surf camp,2017-12,52
surf camp,2018-01,70
surf camp,2018-02,75
surf camp,2018-03,74
surf camp,2018-04,73
surf camp,2018-05,80
surf camp,2018-06,89
surf camp,2018-07,98
surf camp,2018-08,86
surf camp,2018-09,63
surf camp,2018-10,54
surf camp,2018-11,51
surf camp,2018-12,53
surf camp,2019-01,65
surf camp,2019-02,64
surf camp,2019-03,71
surf camp,2019-04,71
surf camp,2019-05,74
surf camp,2019-06,88
surf camp,2019-07,98
surf camp,2019-08,87
surf camp,2019-09,64
surf camp,2019-10,53
surf camp,2019-11,60
surf camp,2019-12,54
surf camp,2020-01,65
surf camp,2020-02,71
surf camp,2020-03,44
surf camp,2020-04,25
surf camp,2020-05,38
surf camp,2020-06,71
surf camp,2020-07,70
surf camp,2020-08,67
surf camp,2020-09,46
surf camp,2020-10,32
surf camp,2020-11,25
surf camp,2020-12,28
surf camp,2021-01,30
surf camp,2021-02,32
surf camp,2021-03,41
surf camp,2021-04,50
surf camp,2021-05,62
surf camp,2021-06,68
surf camp,2021-07,73
surf camp,2021-08,64
surf camp,2021-09,48
surf camp,2021-10,41
surf camp,2021-11,42
surf camp,2021-12,40
surf camp,2022-01,55
surf camp,2022-02,57
surf camp,2022-03,67
surf camp,2022-04,67
surf camp,2022-05,69
surf camp,2022-06,86
surf camp,2022-07,91
surf camp,2022-08,72
surf camp,2022-09,56
surf camp,2022-10,45
surf camp,2022-11,45
surf camp,2022-12,48
surf camp,2023-01,62
surf camp,2023-02,65
surf camp,2023-03,68
surf camp,2023-04,66
surf camp,2023-05,73
surf camp,2023-06,85
surf camp,2023-07,100
surf camp,2023-08,82
surf camp,2023-09,60
surf camp,2023-10,57
surf camp,2023-11,56
surf camp,2023-12,57
surf camp,2024-01,79
surf camp,2024-02,77
surf camp,2024-03,78
surf camp,2024-04,75
surf camp,2024-05,76
surf camp,2024-06,88
surf camp,2024-07,96
surf camp,2024-08,92
surf camp,2024-09,65
surf camp,2024-10,63
surf camp,2024-11,62
surf camp,2024-12,66
surf instructor,2015-01,32
surf instructor,2015-02,31
surf instructor,2015-03,32
surf instructor,2015-04,35
surf instructor,2015-05,30
surf instructor,2015-06,35
surf instructor,2015-07,34
surf instructor,2015-08,39
surf instructor,2015-09,31
surf instructor,2015-10,29
surf instructor,2015-11,33
surf instructor,2015-12,25
surf instructor,2016-01,27
surf instructor,2016-02,30
surf instructor,2016-03,33
surf instructor,2016-04,40
surf instructor,2016-05,37
surf instructor,2016-06,34
surf instructor,2016-07,33
surf instructor,2016-08,40
surf instructor,2016-09,32
surf instructor,2016-10,30
surf instructor,2016-11,30
surf instructor,2016-12,26
surf instructor,2017-01,31
surf instructor,2017-02,54
surf instructor,2017-03,42
surf instructor,2017-04,38
surf instructor,2017-05,35
surf instructor,2017-06,30
surf instructor,2017-07,40
surf instructor,2017-08,30
surf instructor,2017-09,34
surf instructor,2017-10,29
surf instructor,2017-11,33
surf instructor,2017-12,28
surf instructor,2018-01,37
surf instructor,2018-02,26
surf instructor,2018-03,39
surf instructor,2018-04,31
surf instructor,2018-05,34
surf instructor,2018-06,36
surf instructor,2018-07,34
surf instructor,2018-08,34
surf instructor,2018-09,34
surf instructor,2018-10,37
surf instructor,2018-11,27
surf instructor,2018-12,25
surf instructor,2019-01,33
surf instructor,2019-02,33
surf instructor,2019-03,36
surf instructor,2019-04,34
surf instructor,2019-05,25
surf instructor,2019-06,31
surf instructor,2019-07,31
surf instructor,2019-08,31
surf instructor,2019-09,31
surf instructor,2019-10,35
surf instructor,2019-11,30
surf instructor,2019-12,24
surf instructor,2020-01,29
surf instructor,2020-02,27
surf instructor,2020-03,21
surf instructor,2020-04,20
surf instructor,2020-05,21
surf instructor,2020-06,22
surf instructor,2020-07,30
surf instructor,2020-08,30
surf instructor,2020-09,30
surf instructor,2020-10,25
surf instructor,2020-11,25
surf instructor,2020-12,19
surf instructor,2021-01,23
surf instructor,2021-02,20
surf instructor,2021-03,25
surf instructor,2021-04,25
surf instructor,2021-05,31
surf instructor,2021-06,25
surf instructor,2021-07,29
surf instructor,2021-08,100
surf instructor,2021-09,64
surf instructor,2021-10,28
surf instructor,2021-11,26
surf instructor,2021-12,25
surf instructor,2022-01,29
surf instructor,2022-02,28
surf instructor,2022-03,29
surf instructor,2022-04,31
surf instructor,2022-05,26
surf instructor,2022-06,35
surf instructor,2022-07,34
surf instructor,2022-08,31
surf instructor,2022-09,31
surf instructor,2022-10,24
surf instructor,2022-11,28
surf instructor,2022-12,38
surf instructor,2023-01,36
surf instructor,2023-02,34
surf instructor,2023-03,25
surf instructor,2023-04,27
surf instructor,2023-05,27
surf instructor,2023-06,27
surf instructor,2023-07,36
surf instructor,2023-08,31
surf instructor,2023-09,27
surf instructor,2023-10,26
surf instructor,2023-11,31
surf instructor,2023-12,27
surf instructor,2024-01,28
surf instructor,2024-02,55
surf instructor,2024-03,41
surf instructor,2024-04,34
surf instructor,2024-05,32
surf instructor,2024-06,36
surf instructor,2024-07,42
surf instructor,2024-08,34
surf instructor,2024-09,39
surf instructor,2024-10,32
surf instructor,2024-11,32
surf instructor,2024-12,36
trail running course,2015-01,73
trail running course,2015-02,62
trail running course,2015-03,84
trail running course,2015-04,87
trail running course,2015-05,73
trail running course,2015-06,75
trail running course,2015-07,84
trail running course,2015-08,71
trail running course,2015-09,87
trail running course,2015-10,61
trail running course,2015-11,48
trail running course,2015-12,55
trail running course,2016-01,72
trail running course,2016-02,56
trail running course,2016-03,70
trail running course,2016-04,83
trail running course,2016-05,58
trail running course,2016-06,57
trail running course,2016-07,72
trail running course,2016-08,57
trail running course,2016-09,81
trail running course,2016-10,61
trail running course,2016-11,61
trail running course,2016-12,49
trail running course,2017-01,55
trail running course,2017-02,49
trail running course,2017-03,67
trail running course,2017-04,56
trail running course,2017-05,79
trail running course,2017-06,61
trail running course,2017-07,70
trail running course,2017-08,63
trail running course,2017-09,88
trail running course,2017-10,74
trail running course,2017-11,60
trail running course,2017-12,56
trail running course,2018-01,65
trail running course,2018-02,58
trail running course,2018-03,61
trail running course,2018-04,74
trail running course,2018-05,71
trail running course,2018-06,64
trail running course,2018-07,68
trail running course,2018-08,62
trail running course,2018-09,63
trail running course,2018-10,58
trail running course,2018-11,48
trail running course,2018-12,53
trail running course,2019-01,50
trail running course,2019-02,52
trail running course,2019-03,46
trail running course,2019-04,61
trail running course,2019-05,52
trail running course,2019-06,68
trail running course,2019-07,59
trail running course,2019-08,67
trail running course,2019-09,68
trail running course,2019-10,70
trail running course,2019-11,66
trail running course,2019-12,59
trail running course,2020-01,56
trail running course,2020-02,48
trail running course,2020-03,39
trail running course,2020-04,23
trail running course,2020-05,37
trail running course,2020-06,39
trail running course,2020-07,32
trail running course,2020-08,55
trail running course,2020-09,46
trail running course,2020-10,38
trail running course,2020-11,24
trail running course,2020-12,39
trail running course,2021-01,33
trail running course,2021-02,23
trail running course,2021-03,34
trail running course,2021-04,32
trail running course,2021-05,48
trail running course,2021-06,40
trail running course,2021-07,49
trail running course,2021-08,45
trail running course,2021-09,44
trail running course,2021-10,48
trail running course,2021-11,42
trail running course,2021-12,26
trail running course,2022-01,62
trail running course,2022-02,45
trail running course,2022-03,39
trail running course,2022-04,52
trail running course,2022-05,48
trail running course,2022-06,50
trail running course,2022-07,47
trail running course,2022-08,53
trail running course,2022-09,59
trail running course,2022-10,55
trail running course,2022-11,55
trail running course,2022-12,54
trail running course,2023-01,56
trail running course,2023-02,51
trail running course,2023-03,54
trail running course,2023-04,55
trail running course,2023-05,52
trail running course,2023-06,74
trail running course,2023-07,45
trail running course,2023-08,61
trail running course,2023-09,73
trail running course,2023-10,79
trail running course,2023-11,64
trail running course,2023-12,59
trail running course,2024-01,66
trail running course,2024-02,56
trail running course,2024-03,63
trail running course,2024-04,67
trail running course,2024-05,79
trail running course,2024-06,67
trail running course,2024-07,68
trail running course,2024-08,70
trail running course,2024-09,100
trail running course,2024-10,100
trail running course,2024-11,97
trail running course,2024-12,78
ultra running training,2015-01,68
ultra running training,2015-02,60
ultra running training,2015-03,92
ultra running training,2015-04,82
ultra running training,2015-05,63
ultra running training,2015-06,67
ultra running training,2015-07,72
ultra running training,2015-08,67
ultra running training,2015-09,81
ultra running training,2015-10,63
ultra running training,2015-11,57
ultra running training,2015-12,77
ultra running training,2016-01,70
ultra running training,2016-02,73
ultra running training,2016-03,57
ultra running training,2016-04,59
ultra running training,2016-05,61
ultra running training,2016-06,73
ultra running training,2016-07,56
ultra running training,2016-08,73
ultra running training,2016-09,85
ultra running training,2016-10,78
ultra running training,2016-11,78
ultra running training,2016-12,73
ultra running training,2017-01,86
ultra running training,2017-02,70
ultra running training,2017-03,68
ultra running training,2017-04,83
ultra running training,2017-05,63
ultra running training,2017-06,64
ultra running training,2017-07,82
ultra running training,2017-08,66
ultra running training,2017-09,82
ultra running training,2017-10,73
ultra running training,2017-11,77
ultra running training,2017-12,75
ultra running training,2018-01,100
ultra running training,2018-02,92
ultra running training,2018-03,87
ultra running training,2018-04,86
ultra running training,2018-05,90
ultra running training,2018-06,95
ultra running training,2018-07,74
ultra running training,2018-08,95
ultra running training,2018-09,78
ultra running training,2018-10,79
ultra running training,2018-11,76
ultra running training,2018-12,84
ultra running training,2019-01,83
ultra running training,2019-02,80
ultra running training,2019-03,92
ultra running training,2019-04,87
ultra running training,2019-05,83
ultra running training,2019-06,69
ultra running training,2019-07,69
ultra running training,2019-08,89
ultra running training,2019-09,65
ultra running training,2019-10,77
ultra running training,2019-11,80
ultra running training,2019-12,80
ultra running training,2020-01,98
ultra running training,2020-02,90
ultra running training,2020-03,65
ultra running training,2020-04,58
ultra running training,2020-05,68
ultra running training,2020-06,71
ultra running training,2020-07,65
ultra running training,2020-08,83
ultra running training,2020-09,67
ultra running training,2020-10,61
ultra running training,2020-11,76
ultra running training,2020-12,64
ultra running training,2021-01,72
ultra running training,2021-02,73
ultra running training,2021-03,60
ultra running training,2021-04,65
ultra running training,2021-05,59
ultra running training,2021-06,43
ultra running training,2021-07,88
ultra running training,2021-08,63
ultra running training,2021-09,56
ultra running training,2021-10,52
ultra running training,2021-11,44
ultra running training,2021-12,36
ultra running training,2022-01,74
ultra running training,2022-02,61
ultra running training,2022-03,65
ultra running training,2022-04,54
ultra running training,2022-05,59
ultra running training,2022-06,57
ultra running training,2022-07,57
ultra running training,2022-08,53
ultra running training,2022-09,60
ultra running training,2022-10,54
ultra running training,2022-11,47
ultra running training,2022-12,51
ultra running training,2023-01,90
ultra running training,2023-02,70
ultra running training,2023-03,57
ultra running training,2023-04,67
ultra running training,2023-05,62
ultra running training,2023-06,66
ultra running training,2023-07,84
ultra running training,2023-08,69
ultra running training,2023-09,82
ultra running training,2023-10,58
ultra running training,2023-11,84
ultra running training,2023-12,63
ultra running training,2024-01,74
ultra running training,2024-02,80
ultra running training,2024-03,78
ultra running training,2024-04,67
ultra running training,2024-05,76
ultra running training,2024-06,66
ultra running training,2024-07,72
ultra running training,2024-08,89
ultra running training,2024-09,88
ultra running training,2024-10,77
ultra running training,2024-11,80
ultra running training,2024-12,71
learn trail running,2015-01,0
learn trail running,2015-02,0
learn trail running,2015-03,0
learn trail running,2015-04,0
learn trail running,2015-05,0
learn trail running,2015-06,0
learn trail running,2015-07,0
learn trail running,2015-08,0
learn trail running,2015-09,0
learn trail running,2015-10,0
learn trail running,2015-11,0
learn trail running,2015-12,0
learn trail running,2016-01,0
learn trail running,2016-02,0
learn trail running,2016-03,0
learn trail running,2016-04,0
learn trail running,2016-05,0
learn trail running,2016-06,0
learn trail running,2016-07,0
learn trail running,2016-08,0
learn trail running,2016-09,0
learn trail running,2016-10,0
learn trail running,2016-11,0
learn trail running,2016-12,0
learn trail running,2017-01,0
learn trail running,2017-02,0
learn trail running,2017-03,0
learn trail running,2017-04,0
learn trail running,2017-05,0
learn trail running,2017-06,0
learn trail running,2017-07,0
learn trail running,2017-08,0
learn trail running,2017-09,0
learn trail running,2017-10,0
learn trail running,2017-11,0
learn trail running,2017-12,0
learn trail running,2018-01,0
learn trail running,2018-02,0
learn trail running,2018-03,0
learn trail running,2018-04,0
learn trail running,2018-05,0
learn trail running,2018-06,0
learn trail running,2018-07,0
learn trail running,2018-08,0
learn trail running,2018-09,0
learn trail running,2018-10,0
learn trail running,2018-11,0
learn trail running,2018-12,0
learn trail running,2019-01,0
learn trail running,2019-02,0
learn trail running,2019-03,0
learn trail running,2019-04,0
learn trail running,2019-05,0
learn trail running,2019-06,0
learn trail running,2019-07,0
learn trail running,2019-08,0
learn trail running,2019-09,0
learn trail running,2019-10,0
learn trail running,2019-11,0
learn trail running,2019-12,0
learn trail running,2020-01,0
learn trail running,2020-02,0
learn trail running,2020-03,0
learn trail running,2020-04,0
learn trail running,2020-05,0
learn trail running,2020-06,0
learn trail running,2020-07,0
learn trail running,2020-08,0
learn trail running,2020-09,0
learn trail running,2020-10,0
learn trail running,2020-11,0
learn trail running,2020-12,0
learn trail running,2021-01,0
learn trail running,2021-02,100
learn trail running,2021-03,0
learn trail running,2021-04,0
learn trail running,2021-05,0
learn trail running,2021-06,0
learn trail running,2021-07,0
learn trail running,2021-08,0
learn trail running,2021-09,0
learn trail running,2021-10,0
learn trail running,2021-11,0
learn trail running,2021-12,0
learn trail running,2022-01,0
learn trail running,2022-02,0
learn trail running,2022-03,0
learn trail running,2022-04,0
learn trail running,2022-05,0
learn trail running,2022-06,0
learn trail running,2022-07,0
learn trail running,2022-08,0
learn trail running,2022-09,0
learn trail running,2022-10,0
learn trail running,2022-11,0
learn trail running,2022-12,0
learn trail running,2023-01,0
learn trail running,2023-02,0
learn trail running,2023-03,0
learn trail running,2023-04,71
learn trail running,2023-05,0
learn trail running,2023-06,0
learn trail running,2023-07,0
learn trail running,2023-08,0
learn trail running,2023-09,0
learn trail running,2023-10,0
learn trail running,2023-11,0
learn trail running,2023-12,0
learn trail running,2024-01,0
learn trail running,2024-02,0
learn trail running,2024-03,75
learn trail running,2024-04,0
learn trail running,2024-05,0
learn trail running,2024-06,0
learn trail running,2024-07,0
learn trail running,2024-08,0
learn trail running,2024-09,0
learn trail running,2024-10,0
learn trail running,2024-11,0
learn trail running,2024-12,0
trail running coaching,2015-01,0
trail running coaching,2015-02,0
trail running coaching,2015-03,0
trail running coaching,2015-04,0
trail running coaching,2015-05,0
trail running coaching,2015-06,0
trail running coaching,2015-07,0
trail running coaching,2015-08,0
trail running coaching,2015-09,0
trail running coaching,2015-10,0
trail running coaching,2015-11,0
trail running coaching,2015-12,0
trail running coaching,2016-01,0
trail running coaching,2016-02,0
trail running coaching,2016-03,100
trail running coaching,2016-04,0
trail running coaching,2016-05,0
trail running coaching,2016-06,0
trail running coaching,2016-07,81
trail running coaching,2016-08,0
trail running coaching,2016-09,0
trail running coaching,2016-10,0
trail running coaching,2016-11,0
trail running coaching,2016-12,0
trail running coaching,2017-01,0
trail running coaching,2017-02,0
trail running coaching,2017-03,0
trail running coaching,2017-04,0
trail running coaching,2017-05,0
trail running coaching,2017-06,0
trail running coaching,2017-07,0
trail running coaching,2017-08,0
trail running coaching,2017-09,0
trail running coaching,2017-10,0
trail running coaching,2017-11,0
trail running coaching,2017-12,0
trail running coaching,2018-01,0
trail running coaching,2018-02,0
trail running coaching,2018-03,0
trail running coaching,2018-04,0
trail running coaching,2018-05,0
trail running coaching,2018-06,0
trail running coaching,2018-07,0
trail running coaching,2018-08,0
trail running coaching,2018-09,0
trail running coaching,2018-10,0
trail running coaching,2018-11,0
trail running coaching,2018-12,0
trail running coaching,2019-01,0
trail running coaching,2019-02,0
trail running coaching,2019-03,0
trail running coaching,2019-04,0
trail running coaching,2019-05,0
trail running coaching,2019-06,0
trail running coaching,2019-07,0
trail running coaching,2019-08,0
trail running coaching,2019-09,0
trail running coaching,2019-10,0
trail running coaching,2019-11,0
trail running coaching,2019-12,0
trail running coaching,2020-01,0
trail running coaching,2020-02,0
trail running coaching,2020-03,0
trail running coaching,2020-04,0
trail running coaching,2020-05,0
trail running coaching,2020-06,0
trail running coaching,2020-07,0
trail running coaching,2020-08,0
trail running coaching,2020-09,0
trail running coaching,2020-10,0
trail running coaching,2020-11,0
trail running coaching,2020-12,0
trail running coaching,2021-01,0
trail running coaching,2021-02,0
trail running coaching,2021-03,0
trail running coaching,2021-04,0
trail running coaching,2021-05,0
trail running coaching,2021-06,0
trail running coaching,2021-07,0
trail running coaching,2021-08,0
trail running coaching,2021-09,0
trail running coaching,2021-10,0
trail running coaching,2021-11,0
trail running coaching,2021-12,0
trail running coaching,2022-01,0
trail running coaching,2022-02,0
trail running coaching,2022-03,0
trail running coaching,2022-04,0
trail running coaching,2022-05,0
trail running coaching,2022-06,0
trail running coaching,2022-07,0
trail running coaching,2022-08,0
trail running coaching,2022-09,0
trail running coaching,2022-10,0
trail running coaching,2022-11,0
trail running coaching,2022-12,0
trail running coaching,2023-01,47
trail running coaching,2023-02,0
trail running coaching,2023-03,0
trail running coaching,2023-04,0
trail running coaching,2023-05,0
trail running coaching,2023-06,0
trail running coaching,2023-07,0
trail running coaching,2023-08,0
trail running coaching,2023-09,0
trail running coaching,2023-10,0
trail running coaching,2023-11,0
trail running coaching,2023-12,0
trail running coaching,2024-01,0
trail running coaching,2024-02,0
trail running coaching,2024-03,0
trail running coaching,2024-04,0
trail running coaching,2024-05,0
trail running coaching,2024-06,0
trail running coaching,2024-07,60
trail running coaching,2024-08,0
trail running coaching,2024-09,0
trail running coaching,2024-10,0
trail running coaching,2024-11,0
trail running coaching,2024-12,0
trail running camp,2015-01,63
trail running camp,2015-02,63
trail running camp,2015-03,58
trail running camp,2015-04,65
trail running camp,2015-05,88
trail running camp,2015-06,65
trail running camp,2015-07,60
trail running camp,2015-08,95
trail running camp,2015-09,53
trail running camp,2015-10,45
trail running camp,2015-11,43
trail running camp,2015-12,42
trail running camp,2016-01,39
trail running camp,2016-02,64
trail running camp,2016-03,76
trail running camp,2016-04,50
trail running camp,2016-05,72
trail running camp,2016-06,48
trail running camp,2016-07,70
trail running camp,2016-08,58
trail running camp,2016-09,44
trail running camp,2016-10,55
trail running camp,2016-11,37
trail running camp,2016-12,45
trail running camp,2017-01,50
trail running camp,2017-02,56
trail running camp,2017-03,74
trail running camp,2017-04,32
trail running camp,2017-05,63
trail running camp,2017-06,64
trail running camp,2017-07,76
trail running camp,2017-08,97
trail running camp,2017-09,64
trail running camp,2017-10,49
trail running camp,2017-11,0
trail running camp,2017-12,44
trail running camp,2018-01,67
trail running camp,2018-02,75
trail running camp,2018-03,34
trail running camp,2018-04,56
trail running camp,2018-05,52
trail running camp,2018-06,50
trail running camp,2018-07,98
trail running camp,2018-08,55
trail running camp,2018-09,50
trail running camp,2018-10,32
trail running camp,2018-11,61
trail running camp,2018-12,0
trail running camp,2019-01,50
trail running camp,2019-02,58
trail running camp,2019-03,50
trail running camp,2019-04,68
trail running camp,2019-05,68
trail running camp,2019-06,100
trail running camp,2019-07,82
trail running camp,2019-08,33
trail running camp,2019-09,52
trail running camp,2019-10,40
trail running camp,2019-11,38
trail running camp,2019-12,36
trail running camp,2020-01,56
trail running camp,2020-02,48
trail running camp,2020-03,27
trail running camp,2020-04,41
trail running camp,2020-05,38
trail running camp,2020-06,27
trail running camp,2020-07,58
trail running camp,2020-08,51
trail running camp,2020-09,33
trail running camp,2020-10,30
trail running camp,2020-11,0
trail running camp,2020-12,27
trail running camp,2021-01,36
trail running camp,2021-02,0
trail running camp,2021-03,41
trail running camp,2021-04,46
trail running camp,2021-05,34
trail running camp,2021-06,31
trail running camp,2021-07,54
trail running camp,2021-08,37
trail running camp,2021-09,42
trail running camp,2021-10,0
trail running camp,2021-11,30
trail running camp,2021-12,36
trail running camp,2022-01,38
trail running camp,2022-02,37
trail running camp,2022-03,46
trail running camp,2022-04,53
trail running camp,2022-05,52
trail running camp,2022-06,58
trail running camp,2022-07,63
trail running camp,2022-08,42
trail running camp,2022-09,29
trail running camp,2022-10,37
trail running camp,2022-11,36
trail running camp,2022-12,32
trail running camp,2023-01,50
trail running camp,2023-02,60
trail running camp,2023-03,59
trail running camp,2023-04,50
trail running camp,2023-05,45
trail running camp,2023-06,68
trail running camp,2023-07,45
trail running camp,2023-08,46
trail running camp,2023-09,60
trail running camp,2023-10,45
trail running camp,2023-11,46
trail running camp,2023-12,47
trail running camp,2024-01,25
trail running camp,2024-02,67
trail running camp,2024-03,51
trail running camp,2024-04,63
trail running camp,2024-05,82
trail running camp,2024-06,79
trail running camp,2024-07,48
trail running camp,2024-08,83
trail running camp,2024-09,63
trail running camp,2024-10,41
trail running camp,2024-11,59
trail running camp,2024-12,56
ultra marathon training,2015-01,90
ultra marathon training,2015-02,58
ultra marathon training,2015-03,85
ultra marathon training,2015-04,69
ultra marathon training,2015-05,78
ultra marathon training,2015-06,74
ultra marathon training,2015-07,64
ultra marathon training,2015-08,50
ultra marathon training,2015-09,70
ultra marathon training,2015-10,68
ultra marathon training,2015-11,58
ultra marathon training,2015-12,61
ultra marathon training,2016-01,52
ultra marathon training,2016-02,59
ultra marathon training,2016-03,53
ultra marathon training,2016-04,68
ultra marathon training,2016-05,54
ultra marathon training,2016-06,58
ultra marathon training,2016-07,52
ultra marathon training,2016-08,68
ultra marathon training,2016-09,65
ultra marathon training,2016-10,66
ultra marathon training,2016-11,59
ultra marathon training,2016-12,44
ultra marathon training,2017-01,76
ultra marathon training,2017-02,51
ultra marathon training,2017-03,57
ultra marathon training,2017-04,57
ultra marathon training,2017-05,59
ultra marathon training,2017-06,68
ultra marathon training,2017-07,57
ultra marathon training,2017-08,55
ultra marathon training,2017-09,64
ultra marathon training,2017-10,73
ultra marathon training,2017-11,64
ultra marathon training,2017-12,65
ultra marathon training,2018-01,75
ultra marathon training,2018-02,73
ultra marathon training,2018-03,61
ultra marathon training,2018-04,68
ultra marathon training,2018-05,76
ultra marathon training,2018-06,75
ultra marathon training,2018-07,71
ultra marathon training,2018-08,72
ultra marathon training,2018-09,76
ultra marathon training,2018-10,68
ultra marathon training,2018-11,61
ultra marathon training,2018-12,62
ultra marathon training,2019-01,86
ultra marathon training,2019-02,70
ultra marathon training,2019-03,67
ultra marathon training,2019-04,69
ultra marathon training,2019-05,73
ultra marathon training,2019-06,65
ultra marathon training,2019-07,57
ultra marathon training,2019-08,83
ultra marathon training,2019-09,67
ultra marathon training,2019-10,76
ultra marathon training,2019-11,75
ultra marathon training,2019-12,75
ultra marathon training,2020-01,100
ultra marathon training,2020-02,72
ultra marathon training,2020-03,52
ultra marathon training,2020-04,64
ultra marathon training,2020-05,65
ultra marathon training,2020-06,62
ultra marathon training,2020-07,57
ultra marathon training,2020-08,73
ultra marathon training,2020-09,57
ultra marathon training,2020-10,57
ultra marathon training,2020-11,44
ultra marathon training,2020-12,54
ultra marathon training,2021-01,66
ultra marathon training,2021-02,64
ultra marathon training,2021-03,56
ultra marathon training,2021-04,49
ultra marathon training,2021-05,58
ultra marathon training,2021-06,49
ultra marathon training,2021-07,53
ultra marathon training,2021-08,50
ultra marathon training,2021-09,44
ultra marathon training,2021-10,56
ultra marathon training,2021-11,41
ultra marathon training,2021-12,52
ultra marathon training,2022-01,60
ultra marathon training,2022-02,43
ultra marathon training,2022-03,51
ultra marathon training,2022-04,51
ultra marathon training,2022-05,46
ultra marathon training,2022-06,56
ultra marathon training,2022-07,49
ultra marathon training,2022-08,56
ultra marathon training,2022-09,56
ultra marathon training,2022-10,48
ultra marathon training,2022-11,46
ultra marathon training,2022-12,47
ultra marathon training,2023-01,78
ultra marathon training,2023-02,58
ultra marathon training,2023-03,56
ultra marathon training,2023-04,64
ultra marathon training,2023-05,59
ultra marathon training,2023-06,60
ultra marathon training,2023-07,69
ultra marathon training,2023-08,71
ultra marathon training,2023-09,73
ultra marathon training,2023-10,68
ultra marathon training,2023-11,69
ultra marathon training,2023-12,55
ultra marathon training,2024-01,88
ultra marathon training,2024-02,67
ultra marathon training,2024-03,75
ultra marathon training,2024-04,84
ultra marathon training,2024-05,77
ultra marathon training,2024-06,62
ultra marathon training,2024-07,60
ultra marathon training,2024-08,63
ultra marathon training,2024-09,77
ultra marathon training,2024-10,70
ultra marathon training,2024-11,56
ultra marathon training,2024-12,66
wing foil lessons,2015-01,0
wing foil lessons,2015-02,0
wing foil lessons,2015-03,0
wing foil lessons,2015-04,0
wing foil lessons,2015-05,0
wing foil lessons,2015-06,0
wing foil lessons,2015-07,0
wing foil lessons,2015-08,0
wing foil lessons,2015-09,0
wing foil lessons,2015-10,0
wing foil lessons,2015-11,0
wing foil lessons,2015-12,0
wing foil lessons,2016-01,0
wing foil lessons,2016-02,0
wing foil lessons,2016-03,0
wing foil lessons,2016-04,0
wing foil lessons,2016-05,0
wing foil lessons,2016-06,0
wing foil lessons,2016-07,0
wing foil lessons,2016-08,0
wing foil lessons,2016-09,0
wing foil lessons,2016-10,0
wing foil lessons,2016-11,0
wing foil lessons,2016-12,0
wing foil lessons,2017-01,0
wing foil lessons,2017-02,0
wing foil lessons,2017-03,0
wing foil lessons,2017-04,0
wing foil lessons,2017-05,0
wing foil lessons,2017-06,0
wing foil lessons,2017-07,0
wing foil lessons,2017-08,0
wing foil lessons,2017-09,0
wing foil lessons,2017-10,0
wing foil lessons,2017-11,0
wing foil lessons,2017-12,0
wing foil lessons,2018-01,0
wing foil lessons,2018-02,0
wing foil lessons,2018-03,0
wing foil lessons,2018-04,0
wing foil lessons,2018-05,0
wing foil lessons,2018-06,0
wing foil lessons,2018-07,0
wing foil lessons,2018-08,0
wing foil lessons,2018-09,0
wing foil lessons,2018-10,0
wing foil lessons,2018-11,0
wing foil lessons,2018-12,0
wing foil lessons,2019-01,0
wing foil lessons,2019-02,0
wing foil lessons,2019-03,0
wing foil lessons,2019-04,0
wing foil lessons,2019-05,0
wing foil lessons,2019-06,0
wing foil lessons,2019-07,0
wing foil lessons,2019-08,0
wing foil lessons,2019-09,0
wing foil lessons,2019-10,0
wing foil lessons,2019-11,0
wing foil lessons,2019-12,0
wing foil lessons,2020-01,0
wing foil lessons,2020-02,0
wing foil lessons,2020-03,0
wing foil lessons,2020-04,0
wing foil lessons,2020-05,0
wing foil lessons,2020-06,0
wing foil lessons,2020-07,0
wing foil lessons,2020-08,0
wing foil lessons,2020-09,0
wing foil lessons,2020-10,0
wing foil lessons,2020-11,0
wing foil lessons,2020-12,0
wing foil lessons,2021-01,0
wing foil lessons,2021-02,0
wing foil lessons,2021-03,0
wing foil lessons,2021-04,0
wing foil lessons,2021-05,0
wing foil lessons,2021-06,0
wing foil lessons,2021-07,0
wing foil lessons,2021-08,44
wing foil lessons,2021-09,0
wing foil lessons,2021-10,38
wing foil lessons,2021-11,0
wing foil lessons,2021-12,0
wing foil lessons,2022-01,0
wing foil lessons,2022-02,0
wing foil lessons,2022-03,32
wing foil lessons,2022-04,31
wing foil lessons,2022-05,42
wing foil lessons,2022-06,54
wing foil lessons,2022-07,82
wing foil lessons,2022-08,93
wing foil lessons,2022-09,48
wing foil lessons,2022-10,42
wing foil lessons,2022-11,53
wing foil lessons,2022-12,0
wing foil lessons,2023-01,49
wing foil lessons,2023-02,45
wing foil lessons,2023-03,34
wing foil lessons,2023-04,31
wing foil lessons,2023-05,33
wing foil lessons,2023-06,54
wing foil lessons,2023-07,74
wing foil lessons,2023-08,72
wing foil lessons,2023-09,53
wing foil lessons,2023-10,42
wing foil lessons,2023-11,55
wing foil lessons,2023-12,47
wing foil lessons,2024-01,39
wing foil lessons,2024-02,40
wing foil lessons,2024-03,0
wing foil lessons,2024-04,47
wing foil lessons,2024-05,56
wing foil lessons,2024-06,47
wing foil lessons,2024-07,100
wing foil lessons,2024-08,99
wing foil lessons,2024-09,0
wing foil lessons,2024-10,32
wing foil lessons,2024-11,45
wing foil lessons,2024-12,44
learn wing foiling,2015-01,0
learn wing foiling,2015-02,0
learn wing foiling,2015-03,0
learn wing foiling,2015-04,0
learn wing foiling,2015-05,0
learn wing foiling,2015-06,0
learn wing foiling,2015-07,0
learn wing foiling,2015-08,0
learn wing foiling,2015-09,0
learn wing foiling,2015-10,0
learn wing foiling,2015-11,0
learn wing foiling,2015-12,0
learn wing foiling,2016-01,0
learn wing foiling,2016-02,0
learn wing foiling,2016-03,0
learn wing foiling,2016-04,0
learn wing foiling,2016-05,0
learn wing foiling,2016-06,0
learn wing foiling,2016-07,0
learn wing foiling,2016-08,0
learn wing foiling,2016-09,0
learn wing foiling,2016-10,0
learn wing foiling,2016-11,0
learn wing foiling,2016-12,0
learn wing foiling,2017-01,0
learn wing foiling,2017-02,0
learn wing foiling,2017-03,0
learn wing foiling,2017-04,0
learn wing foiling,2017-05,0
learn wing foiling,2017-06,0
learn wing foiling,2017-07,0
learn wing foiling,2017-08,0
learn wing foiling,2017-09,0
learn wing foiling,2017-10,0
learn wing foiling,2017-11,0
learn wing foiling,2017-12,0
learn wing foiling,2018-01,0
learn wing foiling,2018-02,0
learn wing foiling,2018-03,0
learn wing foiling,2018-04,0
learn wing foiling,2018-05,0
learn wing foiling,2018-06,0
learn wing foiling,2018-07,0
learn wing foiling,2018-08,0
learn wing foiling,2018-09,0
learn wing foiling,2018-10,0
learn wing foiling,2018-11,0
learn wing foiling,2018-12,0
learn wing foiling,2019-01,0
learn wing foiling,2019-02,0
learn wing foiling,2019-03,0
learn wing foiling,2019-04,0
learn wing foiling,2019-05,0
learn wing foiling,2019-06,0
learn wing foiling,2019-07,0
learn wing foiling,2019-08,0
learn wing foiling,2019-09,0
learn wing foiling,2019-10,0
learn wing foiling,2019-11,0
learn wing foiling,2019-12,0
learn wing foiling,2020-01,0
learn wing foiling,2020-02,0
learn wing foiling,2020-03,0
learn wing foiling,2020-04,0
learn wing foiling,2020-05,0
learn wing foiling,2020-06,0
learn wing foiling,2020-07,0
learn wing foiling,2020-08,0
learn wing foiling,2020-09,0
learn wing foiling,2020-10,0
learn wing foiling,2020-11,0
learn wing foiling,2020-12,0
learn wing foiling,2021-01,0
learn wing foiling,2021-02,0
learn wing foiling,2021-03,0
learn wing foiling,2021-04,0
learn wing foiling,2021-05,0
learn wing foiling,2021-06,0
learn wing foiling,2021-07,0
learn wing foiling,2021-08,0
learn wing foiling,2021-09,0
learn wing foiling,2021-10,0
learn wing foiling,2021-11,0
learn wing foiling,2021-12,0
learn wing foiling,2022-01,0
learn wing foiling,2022-02,0
learn wing foiling,2022-03,0
learn wing foiling,2022-04,0
learn wing foiling,2022-05,0
learn wing foiling,2022-06,0
learn wing foiling,2022-07,0
learn wing foiling,2022-08,0
learn wing foiling,2022-09,0
learn wing foiling,2022-10,0
learn wing foiling,2022-11,0
learn wing foiling,2022-12,0
learn wing foiling,2023-01,0
learn wing foiling,2023-02,0
learn wing foiling,2023-03,0
learn wing foiling,2023-04,0
learn wing foiling,2023-05,89
learn wing foiling,2023-06,0
learn wing foiling,2023-07,0
learn wing foiling,2023-08,0
learn wing foiling,2023-09,0
learn wing foiling,2023-10,0
learn wing foiling,2023-11,0
learn wing foiling,2023-12,0
learn wing foiling,2024-01,0
learn wing foiling,2024-02,0
learn wing foiling,2024-03,0
learn wing foiling,2024-04,100
learn wing foiling,2024-05,0
learn wing foiling,2024-06,99
learn wing foiling,2024-07,0
learn wing foiling,2024-08,0
learn wing foiling,2024-09,0
learn wing foiling,2024-10,0
learn wing foiling,2024-11,0
learn wing foiling,2024-12,0
wing foil school,2015-01,0
wing foil school,2015-02,0
wing foil school,2015-03,0
wing foil school,2015-04,0
wing foil school,2015-05,0
wing foil school,2015-06,0
wing foil school,2015-07,0
wing foil school,2015-08,0
wing foil school,2015-09,0
wing foil school,2015-10,0
wing foil school,2015-11,0
wing foil school,2015-12,0
wing foil school,2016-01,0
wing foil school,2016-02,0
wing foil school,2016-03,0
wing foil school,2016-04,0
wing foil school,2016-05,0
wing foil school,2016-06,0
wing foil school,2016-07,0
wing foil school,2016-08,0
wing foil school,2016-09,0
wing foil school,2016-10,0
wing foil school,2016-11,0
wing foil school,2016-12,0
wing foil school,2017-01,0
wing foil school,2017-02,0
wing foil school,2017-03,0
wing foil school,2017-04,0
wing foil school,2017-05,0
wing foil school,2017-06,0
wing foil school,2017-07,0
wing foil school,2017-08,0
wing foil school,2017-09,0
wing foil school,2017-10,0
wing foil school,2017-11,0
wing foil school,2017-12,0
wing foil school,2018-01,0
wing foil school,2018-02,0
wing foil school,2018-03,0
wing foil school,2018-04,0
wing foil school,2018-05,0
wing foil school,2018-06,0
wing foil school,2018-07,0
wing foil school,2018-08,0
wing foil school,2018-09,0
wing foil school,2018-10,0
wing foil school,2018-11,0
wing foil school,2018-12,0
wing foil school,2019-01,0
wing foil school,2019-02,0
wing foil school,2019-03,0
wing foil school,2019-04,0
wing foil school,2019-05,0
wing foil school,2019-06,0
wing foil school,2019-07,0
wing foil school,2019-08,0
wing foil school,2019-09,0
wing foil school,2019-10,0
wing foil school,2019-11,0
wing foil school,2019-12,0
wing foil school,2020-01,0
wing foil school,2020-02,0
wing foil school,2020-03,0
wing foil school,2020-04,0
wing foil school,2020-05,0
wing foil school,2020-06,0
wing foil school,2020-07,0
wing foil school,2020-08,0
wing foil school,2020-09,0
wing foil school,2020-10,0
wing foil school,2020-11,0
wing foil school,2020-12,0
wing foil school,2021-01,0
wing foil school,2021-02,0
wing foil school,2021-03,0
wing foil school,2021-04,0
wing foil school,2021-05,0
wing foil school,2021-06,0
wing foil school,2021-07,0
wing foil school,2021-08,0
wing foil school,2021-09,0
wing foil school,2021-10,0
wing foil school,2021-11,0
wing foil school,2021-12,0
wing foil school,2022-01,0
wing foil school,2022-02,0
wing foil school,2022-03,0
wing foil school,2022-04,0
wing foil school,2022-05,45
wing foil school,2022-06,0
wing foil school,2022-07,54
wing foil school,2022-08,52
wing foil school,2022-09,0
wing foil school,2022-10,0
wing foil school,2022-11,0
wing foil school,2022-12,0
wing foil school,2023-01,0
wing foil school,2023-02,0
wing foil school,2023-03,0
wing foil school,2023-04,0
wing foil school,2023-05,0
wing foil school,2023-06,0
wing foil school,2023-07,0
wing foil school,2023-08,0
wing foil school,2023-09,50
wing foil school,2023-10,0
wing foil school,2023-11,0
wing foil school,2023-12,0
wing foil school,2024-01,0
wing foil school,2024-02,0
wing foil school,2024-03,0
wing foil school,2024-04,0
wing foil school,2024-05,0
wing foil school,2024-06,66
wing foil school,2024-07,100
wing foil school,2024-08,92
wing foil school,2024-09,52
wing foil school,2024-10,0
wing foil school,2024-11,0
wing foil school,2024-12,0
