sport,article,date,pageviews
Alpine Skiing,Skiing,2015-07-01,13475
Alpine Skiing,Skiing,2015-08-01,12996
Alpine Skiing,Skiing,2015-09-01,15010
Alpine Skiing,Skiing,2015-10-01,19610
Alpine Skiing,Skiing,2015-11-01,21252
Alpine Skiing,Skiing,2015-12-01,23337
Alpine Skiing,Skiing,2016-01-01,33732
Alpine Skiing,Skiing,2016-02-01,31240
Alpine Skiing,Skiing,2016-03-01,24080
Alpine Skiing,Skiing,2016-04-01,21860
Alpine Skiing,Skiing,2016-05-01,20889
Alpine Skiing,Skiing,2016-06-01,15822
Alpine Skiing,Skiing,2016-07-01,13789
Alpine Skiing,Skiing,2016-08-01,15738
Alpine Skiing,Skiing,2016-09-01,17887
Alpine Skiing,Skiing,2016-10-01,20759
Alpine Skiing,Skiing,2016-11-01,25700
Alpine Skiing,Skiing,2016-12-01,30479
Alpine Skiing,Skiing,2017-01-01,38455
Alpine Skiing,Skiing,2017-02-01,32920
Alpine Skiing,Skiing,2017-03-01,30587
Alpine Skiing,Skiing,2017-04-01,21966
Alpine Skiing,Skiing,2017-05-01,20615
Alpine Skiing,Skiing,2017-06-01,17140
Alpine Skiing,Skiing,2017-07-01,16203
Alpine Skiing,Skiing,2017-08-01,16410
Alpine Skiing,Skiing,2017-09-01,18590
Alpine Skiing,Skiing,2017-10-01,21156
Alpine Skiing,Skiing,2017-11-01,23693
Alpine Skiing,Skiing,2017-12-01,31222
Alpine Skiing,Skiing,2018-01-01,37485
Alpine Skiing,Skiing,2018-02-01,50180
Alpine Skiing,Skiing,2018-03-01,27995
Alpine Skiing,Skiing,2018-04-01,18482
Alpine Skiing,Skiing,2018-05-01,17675
Alpine Skiing,Skiing,2018-06-01,14442
Alpine Skiing,Skiing,2018-07-01,14579
Alpine Skiing,Skiing,2018-08-01,15345
Alpine Skiing,Skiing,2018-09-01,16300
Alpine Skiing,Skiing,2018-10-01,19308
Alpine Skiing,Skiing,2018-11-01,22363
Alpine Skiing,Skiing,2018-12-01,26245
Alpine Skiing,Skiing,2019-01-01,32961
Alpine Skiing,Skiing,2019-02-01,27955
Alpine Skiing,Skiing,2019-03-01,25334
Alpine Skiing,Skiing,2019-04-01,18449
Alpine Skiing,Skiing,2019-05-01,15091
Alpine Skiing,Skiing,2019-06-01,13242
Alpine Skiing,Skiing,2019-07-01,14212
Alpine Skiing,Skiing,2019-08-01,13998
Alpine Skiing,Skiing,2019-09-01,17307
Alpine Skiing,Skiing,2019-10-01,20663
Alpine Skiing,Skiing,2019-11-01,26602
Alpine Skiing,Skiing,2019-12-01,56063
Alpine Skiing,Skiing,2020-01-01,75720
Alpine Skiing,Skiing,2020-02-01,118064
Alpine Skiing,Skiing,2020-03-01,123242
Alpine Skiing,Skiing,2020-04-01,76251
Alpine Skiing,Skiing,2020-05-01,46456
Alpine Skiing,Skiing,2020-06-01,28069
Alpine Skiing,Skiing,2020-07-01,21973
Alpine Skiing,Skiing,2020-08-01,21052
Alpine Skiing,Skiing,2020-09-01,29801
Alpine Skiing,Skiing,2020-10-01,29121
Alpine Skiing,Skiing,2020-11-01,37633
Alpine Skiing,Skiing,2020-12-01,44036
Alpine Skiing,Skiing,2021-01-01,56936
Alpine Skiing,Skiing,2021-02-01,50944
Alpine Skiing,Skiing,2021-03-01,24416
Alpine Skiing,Skiing,2021-04-01,56081
Alpine Skiing,Skiing,2021-05-01,18527
Alpine Skiing,Skiing,2021-06-01,15186
Alpine Skiing,Skiing,2021-07-01,16084
Alpine Skiing,Skiing,2021-08-01,17402
Alpine Skiing,Skiing,2021-09-01,18649
Alpine Skiing,Skiing,2021-10-01,18778
Alpine Skiing,Skiing,2021-11-01,21298
Alpine Skiing,Skiing,2021-12-01,25593
Alpine Skiing,Skiing,2022-01-01,35772
Alpine Skiing,Skiing,2022-02-01,43235
Alpine Skiing,Skiing,2022-03-01,28906
Alpine Skiing,Skiing,2022-04-01,21572
Alpine Skiing,Skiing,2022-05-01,18098
Alpine Skiing,Skiing,2022-06-01,17218
Alpine Skiing,Skiing,2022-07-01,18828
Alpine Skiing,Skiing,2022-08-01,20708
Alpine Skiing,Skiing,2022-09-01,26298
Alpine Skiing,Skiing,2022-10-01,32914
Alpine Skiing,Skiing,2022-11-01,33602
Alpine Skiing,Skiing,2022-12-01,36336
Alpine Skiing,Skiing,2023-01-01,47282
Alpine Skiing,Skiing,2023-02-01,45492
Alpine Skiing,Skiing,2023-03-01,38008
Alpine Skiing,Skiing,2023-04-01,25755
Alpine Skiing,Skiing,2023-05-01,26871
Alpine Skiing,Skiing,2023-06-01,29181
Alpine Skiing,Skiing,2023-07-01,28992
Alpine Skiing,Skiing,2023-08-01,29687
Alpine Skiing,Skiing,2023-09-01,33486
Alpine Skiing,Skiing,2023-10-01,31615
Alpine Skiing,Skiing,2023-11-01,34782
Alpine Skiing,Skiing,2023-12-01,45150
Alpine Skiing,Skiing,2024-01-01,67362
Alpine Skiing,Skiing,2024-02-01,47762
Alpine Skiing,Skiing,2024-03-01,41962
Alpine Skiing,Skiing,2024-04-01,34772
Alpine Skiing,Skiing,2024-05-01,24237
Alpine Skiing,Skiing,2024-06-01,20146
Alpine Skiing,Skiing,2024-07-01,20271
Alpine Skiing,Skiing,2024-08-01,19233
Alpine Skiing,Skiing,2024-09-01,20885
Alpine Skiing,Skiing,2024-10-01,24944
Alpine Skiing,Skiing,2024-11-01,24665
Alpine Skiing,Skiing,2024-12-01,28818
BASE Jumping,BASE_jumping,2015-07-01,31479
BASE Jumping,BASE_jumping,2015-08-01,28190
BASE Jumping,BASE_jumping,2015-09-01,29121
BASE Jumping,BASE_jumping,2015-10-01,30494
BASE Jumping,BASE_jumping,2015-11-01,29334
BASE Jumping,BASE_jumping,2015-12-01,24339
BASE Jumping,BASE_jumping,2016-01-01,48911
BASE Jumping,BASE_jumping,2016-02-01,28263
BASE Jumping,BASE_jumping,2016-03-01,29336
BASE Jumping,BASE_jumping,2016-04-01,27756
BASE Jumping,BASE_jumping,2016-05-01,31750
BASE Jumping,BASE_jumping,2016-06-01,27101
BASE Jumping,BASE_jumping,2016-07-01,27826
BASE Jumping,BASE_jumping,2016-08-01,33477
BASE Jumping,BASE_jumping,2016-09-01,29863
BASE Jumping,BASE_jumping,2016-10-01,25261
BASE Jumping,BASE_jumping,2016-11-01,24328
BASE Jumping,BASE_jumping,2016-12-01,22671
BASE Jumping,BASE_jumping,2017-01-01,24092
BASE Jumping,BASE_jumping,2017-02-01,21509
BASE Jumping,BASE_jumping,2017-03-01,23712
BASE Jumping,BASE_jumping,2017-04-01,22479
BASE Jumping,BASE_jumping,2017-05-01,23470
BASE Jumping,BASE_jumping,2017-06-01,34775
BASE Jumping,BASE_jumping,2017-07-01,23235
BASE Jumping,BASE_jumping,2017-08-01,18217
BASE Jumping,BASE_jumping,2017-09-01,17420
BASE Jumping,BASE_jumping,2017-10-01,19537
BASE Jumping,BASE_jumping,2017-11-01,24317
BASE Jumping,BASE_jumping,2017-12-01,18487
BASE Jumping,BASE_jumping,2018-01-01,20538
BASE Jumping,BASE_jumping,2018-02-01,19236
BASE Jumping,BASE_jumping,2018-03-01,17647
BASE Jumping,BASE_jumping,2018-04-01,16584
BASE Jumping,BASE_jumping,2018-05-01,19966
BASE Jumping,BASE_jumping,2018-06-01,18323
BASE Jumping,BASE_jumping,2018-07-01,18238
BASE Jumping,BASE_jumping,2018-08-01,19385
BASE Jumping,BASE_jumping,2018-09-01,20411
BASE Jumping,BASE_jumping,2018-10-01,20927
BASE Jumping,BASE_jumping,2018-11-01,20253
BASE Jumping,BASE_jumping,2018-12-01,17818
BASE Jumping,BASE_jumping,2019-01-01,19453
BASE Jumping,BASE_jumping,2019-02-01,18314
BASE Jumping,BASE_jumping,2019-03-01,25375
BASE Jumping,BASE_jumping,2019-04-01,18452
BASE Jumping,BASE_jumping,2019-05-01,18101
BASE Jumping,BASE_jumping,2019-06-01,16627
BASE Jumping,BASE_jumping,2019-07-01,16598
BASE Jumping,BASE_jumping,2019-08-01,20307
BASE Jumping,BASE_jumping,2019-09-01,17306
BASE Jumping,BASE_jumping,2019-10-01,17091
BASE Jumping,BASE_jumping,2019-11-01,16446
BASE Jumping,BASE_jumping,2019-12-01,15414
BASE Jumping,BASE_jumping,2020-01-01,18416
BASE Jumping,BASE_jumping,2020-02-01,17818
BASE Jumping,BASE_jumping,2020-03-01,16884
BASE Jumping,BASE_jumping,2020-04-01,17096
BASE Jumping,BASE_jumping,2020-05-01,17391
BASE Jumping,BASE_jumping,2020-06-01,16304
BASE Jumping,BASE_jumping,2020-07-01,16915
BASE Jumping,BASE_jumping,2020-08-01,16624
BASE Jumping,BASE_jumping,2020-09-01,17089
BASE Jumping,BASE_jumping,2020-10-01,16123
BASE Jumping,BASE_jumping,2020-11-01,20428
BASE Jumping,BASE_jumping,2020-12-01,17208
BASE Jumping,BASE_jumping,2021-01-01,24568
BASE Jumping,BASE_jumping,2021-02-01,18532
BASE Jumping,BASE_jumping,2021-03-01,25136
BASE Jumping,BASE_jumping,2021-04-01,30317
BASE Jumping,BASE_jumping,2021-05-01,22776
BASE Jumping,BASE_jumping,2021-06-01,24414
BASE Jumping,BASE_jumping,2021-07-01,19583
BASE Jumping,BASE_jumping,2021-08-01,19180
BASE Jumping,BASE_jumping,2021-09-01,18887
BASE Jumping,BASE_jumping,2021-10-01,19079
BASE Jumping,BASE_jumping,2021-11-01,17926
BASE Jumping,BASE_jumping,2021-12-01,17084
BASE Jumping,BASE_jumping,2022-01-01,23021
BASE Jumping,BASE_jumping,2022-02-01,16924
BASE Jumping,BASE_jumping,2022-03-01,20678
BASE Jumping,BASE_jumping,2022-04-01,16924
BASE Jumping,BASE_jumping,2022-05-01,18192
BASE Jumping,BASE_jumping,2022-06-01,18327
BASE Jumping,BASE_jumping,2022-07-01,25906
BASE Jumping,BASE_jumping,2022-08-01,20683
BASE Jumping,BASE_jumping,2022-09-01,19209
BASE Jumping,BASE_jumping,2022-10-01,19560
BASE Jumping,BASE_jumping,2022-11-01,17462
BASE Jumping,BASE_jumping,2022-12-01,17550
BASE Jumping,BASE_jumping,2023-01-01,16885
BASE Jumping,BASE_jumping,2023-02-01,16042
BASE Jumping,BASE_jumping,2023-03-01,18383
BASE Jumping,BASE_jumping,2023-04-01,17191
BASE Jumping,BASE_jumping,2023-05-01,18270
BASE Jumping,BASE_jumping,2023-06-01,19186
BASE Jumping,BASE_jumping,2023-07-01,20490
BASE Jumping,BASE_jumping,2023-08-01,19584
BASE Jumping,BASE_jumping,2023-09-01,21745
BASE Jumping,BASE_jumping,2023-10-01,21914
BASE Jumping,BASE_jumping,2023-11-01,20103
BASE Jumping,BASE_jumping,2023-12-01,27711
BASE Jumping,BASE_jumping,2024-01-01,31695
BASE Jumping,BASE_jumping,2024-02-01,21695
BASE Jumping,BASE_jumping,2024-03-01,21395
BASE Jumping,BASE_jumping,2024-04-01,20027
BASE Jumping,BASE_jumping,2024-05-01,19580
BASE Jumping,BASE_jumping,2024-06-01,16916
BASE Jumping,BASE_jumping,2024-07-01,19822
BASE Jumping,BASE_jumping,2024-08-01,37236
BASE Jumping,BASE_jumping,2024-09-01,21304
BASE Jumping,BASE_jumping,2024-10-01,21287
BASE Jumping,BASE_jumping,2024-11-01,18331
BASE Jumping,BASE_jumping,2024-12-01,18809
Backcountry Skiing,Ski_touring,2015-07-01,1652
Backcountry Skiing,Ski_touring,2015-08-01,1816
Backcountry Skiing,Ski_touring,2015-09-01,2432
Backcountry Skiing,Ski_touring,2015-10-01,3341
Backcountry Skiing,Ski_touring,2015-11-01,4517
Backcountry Skiing,Ski_touring,2015-12-01,5462
Backcountry Skiing,Ski_touring,2016-01-01,8194
Backcountry Skiing,Ski_touring,2016-02-01,6353
Backcountry Skiing,Ski_touring,2016-03-01,4963
Backcountry Skiing,Ski_touring,2016-04-01,2992
Backcountry Skiing,Ski_touring,2016-05-01,1874
Backcountry Skiing,Ski_touring,2016-06-01,1641
Backcountry Skiing,Ski_touring,2016-07-01,1626
Backcountry Skiing,Ski_touring,2016-08-01,1876
Backcountry Skiing,Ski_touring,2016-09-01,2786
Backcountry Skiing,Ski_touring,2016-10-01,3697
Backcountry Skiing,Ski_touring,2016-11-01,4310
Backcountry Skiing,Ski_touring,2016-12-01,5235
Backcountry Skiing,Ski_touring,2017-01-01,7772
Backcountry Skiing,Ski_touring,2017-02-01,5964
Backcountry Skiing,Ski_touring,2017-03-01,4697
Backcountry Skiing,Ski_touring,2017-04-01,2659
Backcountry Skiing,Ski_touring,2017-05-01,1851
Backcountry Skiing,Ski_touring,2017-06-01,1486
Backcountry Skiing,Ski_touring,2017-07-01,1614
Backcountry Skiing,Ski_touring,2017-08-01,1828
Backcountry Skiing,Ski_touring,2017-09-01,2166
Backcountry Skiing,Ski_touring,2017-10-01,2896
Backcountry Skiing,Ski_touring,2017-11-01,4936
Backcountry Skiing,Ski_touring,2017-12-01,5687
Backcountry Skiing,Ski_touring,2018-01-01,8334
Backcountry Skiing,Ski_touring,2018-02-01,9035
Backcountry Skiing,Ski_touring,2018-03-01,6141
Backcountry Skiing,Ski_touring,2018-04-01,3236
Backcountry Skiing,Ski_touring,2018-05-01,1874
Backcountry Skiing,Ski_touring,2018-06-01,1549
Backcountry Skiing,Ski_touring,2018-07-01,1855
Backcountry Skiing,Ski_touring,2018-08-01,2134
Backcountry Skiing,Ski_touring,2018-09-01,2240
Backcountry Skiing,Ski_touring,2018-10-01,3011
Backcountry Skiing,Ski_touring,2018-11-01,4142
Backcountry Skiing,Ski_touring,2018-12-01,6223
Backcountry Skiing,Ski_touring,2019-01-01,9506
Backcountry Skiing,Ski_touring,2019-02-01,7029
Backcountry Skiing,Ski_touring,2019-03-01,5272
Backcountry Skiing,Ski_touring,2019-04-01,2865
Backcountry Skiing,Ski_touring,2019-05-01,1732
Backcountry Skiing,Ski_touring,2019-06-01,1378
Backcountry Skiing,Ski_touring,2019-07-01,1929
Backcountry Skiing,Ski_touring,2019-08-01,1909
Backcountry Skiing,Ski_touring,2019-09-01,2046
Backcountry Skiing,Ski_touring,2019-10-01,2608
Backcountry Skiing,Ski_touring,2019-11-01,3888
Backcountry Skiing,Ski_touring,2019-12-01,5437
Backcountry Skiing,Ski_touring,2020-01-01,7793
Backcountry Skiing,Ski_touring,2020-02-01,6210
Backcountry Skiing,Ski_touring,2020-03-01,4189
Backcountry Skiing,Ski_touring,2020-04-01,2320
Backcountry Skiing,Ski_touring,2020-05-01,1814
Backcountry Skiing,Ski_touring,2020-06-01,1387
Backcountry Skiing,Ski_touring,2020-07-01,1526
Backcountry Skiing,Ski_touring,2020-08-01,1722
Backcountry Skiing,Ski_touring,2020-09-01,2162
Backcountry Skiing,Ski_touring,2020-10-01,2900
Backcountry Skiing,Ski_touring,2020-11-01,4203
Backcountry Skiing,Ski_touring,2020-12-01,7145
Backcountry Skiing,Ski_touring,2021-01-01,10587
Backcountry Skiing,Ski_touring,2021-02-01,8129
Backcountry Skiing,Ski_touring,2021-03-01,5363
Backcountry Skiing,Ski_touring,2021-04-01,2722
Backcountry Skiing,Ski_touring,2021-05-01,1720
Backcountry Skiing,Ski_touring,2021-06-01,1379
Backcountry Skiing,Ski_touring,2021-07-01,1408
Backcountry Skiing,Ski_touring,2021-08-01,1805
Backcountry Skiing,Ski_touring,2021-09-01,1901
Backcountry Skiing,Ski_touring,2021-10-01,2328
Backcountry Skiing,Ski_touring,2021-11-01,3176
Backcountry Skiing,Ski_touring,2021-12-01,5584
Backcountry Skiing,Ski_touring,2022-01-01,9588
Backcountry Skiing,Ski_touring,2022-02-01,7899
Backcountry Skiing,Ski_touring,2022-03-01,4606
Backcountry Skiing,Ski_touring,2022-04-01,2587
Backcountry Skiing,Ski_touring,2022-05-01,1790
Backcountry Skiing,Ski_touring,2022-06-01,1665
Backcountry Skiing,Ski_touring,2022-07-01,1587
Backcountry Skiing,Ski_touring,2022-08-01,2180
Backcountry Skiing,Ski_touring,2022-09-01,2186
Backcountry Skiing,Ski_touring,2022-10-01,2920
Backcountry Skiing,Ski_touring,2022-11-01,3975
Backcountry Skiing,Ski_touring,2022-12-01,6062
Backcountry Skiing,Ski_touring,2023-01-01,7361
Backcountry Skiing,Ski_touring,2023-02-01,6307
Backcountry Skiing,Ski_touring,2023-03-01,5326
Backcountry Skiing,Ski_touring,2023-04-01,2606
Backcountry Skiing,Ski_touring,2023-05-01,1534
Backcountry Skiing,Ski_touring,2023-06-01,1452
Backcountry Skiing,Ski_touring,2023-07-01,1454
Backcountry Skiing,Ski_touring,2023-08-01,1981
Backcountry Skiing,Ski_touring,2023-09-01,2692
Backcountry Skiing,Ski_touring,2023-10-01,3068
Backcountry Skiing,Ski_touring,2023-11-01,3917
Backcountry Skiing,Ski_touring,2023-12-01,6117
Backcountry Skiing,Ski_touring,2024-01-01,10062
Backcountry Skiing,Ski_touring,2024-02-01,6764
Backcountry Skiing,Ski_touring,2024-03-01,4767
Backcountry Skiing,Ski_touring,2024-04-01,2512
Backcountry Skiing,Ski_touring,2024-05-01,1654
Backcountry Skiing,Ski_touring,2024-06-01,1227
Backcountry Skiing,Ski_touring,2024-07-01,1691
Backcountry Skiing,Ski_touring,2024-08-01,1703
Backcountry Skiing,Ski_touring,2024-09-01,1723
Backcountry Skiing,Ski_touring,2024-10-01,2197
Backcountry Skiing,Ski_touring,2024-11-01,3147
Backcountry Skiing,Ski_touring,2024-12-01,5089
Bouldering,Bouldering,2015-07-01,11738
Bouldering,Bouldering,2015-08-01,11986
Bouldering,Bouldering,2015-09-01,13408
Bouldering,Bouldering,2015-10-01,13903
Bouldering,Bouldering,2015-11-01,12053
Bouldering,Bouldering,2015-12-01,10913
Bouldering,Bouldering,2016-01-01,13873
Bouldering,Bouldering,2016-02-01,13553
Bouldering,Bouldering,2016-03-01,14257
Bouldering,Bouldering,2016-04-01,13338
Bouldering,Bouldering,2016-05-01,14192
Bouldering,Bouldering,2016-06-01,13006
Bouldering,Bouldering,2016-07-01,12545
Bouldering,Bouldering,2016-08-01,14628
Bouldering,Bouldering,2016-09-01,14110
Bouldering,Bouldering,2016-10-01,14355
Bouldering,Bouldering,2016-11-01,13173
Bouldering,Bouldering,2016-12-01,11362
Bouldering,Bouldering,2017-01-01,14474
Bouldering,Bouldering,2017-02-01,13446
Bouldering,Bouldering,2017-03-01,14958
Bouldering,Bouldering,2017-04-01,13823
Bouldering,Bouldering,2017-05-01,13917
Bouldering,Bouldering,2017-06-01,15883
Bouldering,Bouldering,2017-07-01,13379
Bouldering,Bouldering,2017-08-01,14536
Bouldering,Bouldering,2017-09-01,15239
Bouldering,Bouldering,2017-10-01,15345
Bouldering,Bouldering,2017-11-01,12834
Bouldering,Bouldering,2017-12-01,12249
Bouldering,Bouldering,2018-01-01,16026
Bouldering,Bouldering,2018-02-01,14366
Bouldering,Bouldering,2018-03-01,14496
Bouldering,Bouldering,2018-04-01,13486
Bouldering,Bouldering,2018-05-01,13689
Bouldering,Bouldering,2018-06-01,13637
Bouldering,Bouldering,2018-07-01,13385
Bouldering,Bouldering,2018-08-01,15646
Bouldering,Bouldering,2018-09-01,16025
Bouldering,Bouldering,2018-10-01,16855
Bouldering,Bouldering,2018-11-01,17889
Bouldering,Bouldering,2018-12-01,14112
Bouldering,Bouldering,2019-01-01,17901
Bouldering,Bouldering,2019-02-01,22845
Bouldering,Bouldering,2019-03-01,38966
Bouldering,Bouldering,2019-04-01,22880
Bouldering,Bouldering,2019-05-01,21495
Bouldering,Bouldering,2019-06-01,19464
Bouldering,Bouldering,2019-07-01,18746
Bouldering,Bouldering,2019-08-01,20927
Bouldering,Bouldering,2019-09-01,18324
Bouldering,Bouldering,2019-10-01,20479
Bouldering,Bouldering,2019-11-01,17788
Bouldering,Bouldering,2019-12-01,17062
Bouldering,Bouldering,2020-01-01,19543
Bouldering,Bouldering,2020-02-01,15795
Bouldering,Bouldering,2020-03-01,13598
Bouldering,Bouldering,2020-04-01,12110
Bouldering,Bouldering,2020-05-01,11974
Bouldering,Bouldering,2020-06-01,12232
Bouldering,Bouldering,2020-07-01,13005
Bouldering,Bouldering,2020-08-01,13116
Bouldering,Bouldering,2020-09-01,13343
Bouldering,Bouldering,2020-10-01,14428
Bouldering,Bouldering,2020-11-01,17537
Bouldering,Bouldering,2020-12-01,12765
Bouldering,Bouldering,2021-01-01,12109
Bouldering,Bouldering,2021-02-01,10879
Bouldering,Bouldering,2021-03-01,13111
Bouldering,Bouldering,2021-04-01,14847
Bouldering,Bouldering,2021-05-01,15848
Bouldering,Bouldering,2021-06-01,14783
Bouldering,Bouldering,2021-07-01,22212
Bouldering,Bouldering,2021-08-01,36471
Bouldering,Bouldering,2021-09-01,16170
Bouldering,Bouldering,2021-10-01,15709
Bouldering,Bouldering,2021-11-01,14453
Bouldering,Bouldering,2021-12-01,14366
Bouldering,Bouldering,2022-01-01,16422
Bouldering,Bouldering,2022-02-01,14587
Bouldering,Bouldering,2022-03-01,14518
Bouldering,Bouldering,2022-04-01,14766
Bouldering,Bouldering,2022-05-01,15610
Bouldering,Bouldering,2022-06-01,16247
Bouldering,Bouldering,2022-07-01,19344
Bouldering,Bouldering,2022-08-01,20066
Bouldering,Bouldering,2022-09-01,18817
Bouldering,Bouldering,2022-10-01,23590
Bouldering,Bouldering,2022-11-01,22074
Bouldering,Bouldering,2022-12-01,16299
Bouldering,Bouldering,2023-01-01,21737
Bouldering,Bouldering,2023-02-01,20077
Bouldering,Bouldering,2023-03-01,20712
Bouldering,Bouldering,2023-04-01,15497
Bouldering,Bouldering,2023-05-01,16992
Bouldering,Bouldering,2023-06-01,18363
Bouldering,Bouldering,2023-07-01,19757
Bouldering,Bouldering,2023-08-01,21751
Bouldering,Bouldering,2023-09-01,20272
Bouldering,Bouldering,2023-10-01,19442
Bouldering,Bouldering,2023-11-01,17506
Bouldering,Bouldering,2023-12-01,16557
Bouldering,Bouldering,2024-01-01,25074
Bouldering,Bouldering,2024-02-01,17684
Bouldering,Bouldering,2024-03-01,19021
Bouldering,Bouldering,2024-04-01,18818
Bouldering,Bouldering,2024-05-01,14643
Bouldering,Bouldering,2024-06-01,12114
Bouldering,Bouldering,2024-07-01,26969
Bouldering,Bouldering,2024-08-01,26270
Bouldering,Bouldering,2024-09-01,12427
Bouldering,Bouldering,2024-10-01,13614
Bouldering,Bouldering,2024-11-01,12745
Bouldering,Bouldering,2024-12-01,11909
Camping,Camping,2015-07-01,17042
Camping,Camping,2015-08-01,18780
Camping,Camping,2015-09-01,14838
Camping,Camping,2015-10-01,16067
Camping,Camping,2015-11-01,14613
Camping,Camping,2015-12-01,12388
Camping,Camping,2016-01-01,16230
Camping,Camping,2016-02-01,17528
Camping,Camping,2016-03-01,19653
Camping,Camping,2016-04-01,18531
Camping,Camping,2016-05-01,20524
Camping,Camping,2016-06-01,19879
Camping,Camping,2016-07-01,23731
Camping,Camping,2016-08-01,19644
Camping,Camping,2016-09-01,18090
Camping,Camping,2016-10-01,18714
Camping,Camping,2016-11-01,16488
Camping,Camping,2016-12-01,15770
Camping,Camping,2017-01-01,18124
Camping,Camping,2017-02-01,17754
Camping,Camping,2017-03-01,21657
Camping,Camping,2017-04-01,19464
Camping,Camping,2017-05-01,20425
Camping,Camping,2017-06-01,20209
Camping,Camping,2017-07-01,20346
Camping,Camping,2017-08-01,18495
Camping,Camping,2017-09-01,17129
Camping,Camping,2017-10-01,20299
Camping,Camping,2017-11-01,45891
Camping,Camping,2017-12-01,30182
Camping,Camping,2018-01-01,39429
Camping,Camping,2018-02-01,28395
Camping,Camping,2018-03-01,26242
Camping,Camping,2018-04-01,21278
Camping,Camping,2018-05-01,22180
Camping,Camping,2018-06-01,25205
Camping,Camping,2018-07-01,30944
Camping,Camping,2018-08-01,29181
Camping,Camping,2018-09-01,25852
Camping,Camping,2018-10-01,19543
Camping,Camping,2018-11-01,22427
Camping,Camping,2018-12-01,17805
Camping,Camping,2019-01-01,21374
Camping,Camping,2019-02-01,19719
Camping,Camping,2019-03-01,21374
Camping,Camping,2019-04-01,34109
Camping,Camping,2019-05-01,19025
Camping,Camping,2019-06-01,16699
Camping,Camping,2019-07-01,18590
Camping,Camping,2019-08-01,18239
Camping,Camping,2019-09-01,17805
Camping,Camping,2019-10-01,17435
Camping,Camping,2019-11-01,20487
Camping,Camping,2019-12-01,17154
Camping,Camping,2020-01-01,21304
Camping,Camping,2020-02-01,19536
Camping,Camping,2020-03-01,18828
Camping,Camping,2020-04-01,20185
Camping,Camping,2020-05-01,19846
Camping,Camping,2020-06-01,17203
Camping,Camping,2020-07-01,21142
Camping,Camping,2020-08-01,233999
Camping,Camping,2020-09-01,17440
Camping,Camping,2020-10-01,16686
Camping,Camping,2020-11-01,16889
Camping,Camping,2020-12-01,17348
Camping,Camping,2021-01-01,17987
Camping,Camping,2021-02-01,18722
Camping,Camping,2021-03-01,24704
Camping,Camping,2021-04-01,26185
Camping,Camping,2021-05-01,23533
Camping,Camping,2021-06-01,22686
Camping,Camping,2021-07-01,19475
Camping,Camping,2021-08-01,18496
Camping,Camping,2021-09-01,17404
Camping,Camping,2021-10-01,16972
Camping,Camping,2021-11-01,15772
Camping,Camping,2021-12-01,16325
Camping,Camping,2022-01-01,17697
Camping,Camping,2022-02-01,20538
Camping,Camping,2022-03-01,24691
Camping,Camping,2022-04-01,23654
Camping,Camping,2022-05-01,21769
Camping,Camping,2022-06-01,19582
Camping,Camping,2022-07-01,20970
Camping,Camping,2022-08-01,21504
Camping,Camping,2022-09-01,21373
Camping,Camping,2022-10-01,21736
Camping,Camping,2022-11-01,19881
Camping,Camping,2022-12-01,17918
Camping,Camping,2023-01-01,22452
Camping,Camping,2023-02-01,21309
Camping,Camping,2023-03-01,26528
Camping,Camping,2023-04-01,18433
Camping,Camping,2023-05-01,26581
Camping,Camping,2023-06-01,23747
Camping,Camping,2023-07-01,19930
Camping,Camping,2023-08-01,21438
Camping,Camping,2023-09-01,22444
Camping,Camping,2023-10-01,24516
Camping,Camping,2023-11-01,21174
Camping,Camping,2023-12-01,21277
Camping,Camping,2024-01-01,25740
Camping,Camping,2024-02-01,23463
Camping,Camping,2024-03-01,23131
Camping,Camping,2024-04-01,25563
Camping,Camping,2024-05-01,21873
Camping,Camping,2024-06-01,14012
Camping,Camping,2024-07-01,15502
Camping,Camping,2024-08-01,14076
Camping,Camping,2024-09-01,12302
Camping,Camping,2024-10-01,12437
Camping,Camping,2024-11-01,11416
Camping,Camping,2024-12-01,9653
Hang Gliding,Hang_gliding,2015-07-01,19672
Hang Gliding,Hang_gliding,2015-08-01,18885
Hang Gliding,Hang_gliding,2015-09-01,13492
Hang Gliding,Hang_gliding,2015-10-01,14427
Hang Gliding,Hang_gliding,2015-11-01,13565
Hang Gliding,Hang_gliding,2015-12-01,12046
Hang Gliding,Hang_gliding,2016-01-01,15187
Hang Gliding,Hang_gliding,2016-02-01,14929
Hang Gliding,Hang_gliding,2016-03-01,13868
Hang Gliding,Hang_gliding,2016-04-01,13986
Hang Gliding,Hang_gliding,2016-05-01,15542
Hang Gliding,Hang_gliding,2016-06-01,12585
Hang Gliding,Hang_gliding,2016-07-01,12323
Hang Gliding,Hang_gliding,2016-08-01,13604
Hang Gliding,Hang_gliding,2016-09-01,13276
Hang Gliding,Hang_gliding,2016-10-01,13182
Hang Gliding,Hang_gliding,2016-11-01,13149
Hang Gliding,Hang_gliding,2016-12-01,11981
Hang Gliding,Hang_gliding,2017-01-01,14610
Hang Gliding,Hang_gliding,2017-02-01,13916
Hang Gliding,Hang_gliding,2017-03-01,14974
Hang Gliding,Hang_gliding,2017-04-01,13820
Hang Gliding,Hang_gliding,2017-05-01,14261
Hang Gliding,Hang_gliding,2017-06-01,12522
Hang Gliding,Hang_gliding,2017-07-01,12245
Hang Gliding,Hang_gliding,2017-08-01,13312
Hang Gliding,Hang_gliding,2017-09-01,12925
Hang Gliding,Hang_gliding,2017-10-01,13188
Hang Gliding,Hang_gliding,2017-11-01,11135
Hang Gliding,Hang_gliding,2017-12-01,10048
Hang Gliding,Hang_gliding,2018-01-01,11957
Hang Gliding,Hang_gliding,2018-02-01,10945
Hang Gliding,Hang_gliding,2018-03-01,12312
Hang Gliding,Hang_gliding,2018-04-01,11516
Hang Gliding,Hang_gliding,2018-05-01,12079
Hang Gliding,Hang_gliding,2018-06-01,10951
Hang Gliding,Hang_gliding,2018-07-01,11668
Hang Gliding,Hang_gliding,2018-08-01,12110
Hang Gliding,Hang_gliding,2018-09-01,11954
Hang Gliding,Hang_gliding,2018-10-01,18419
Hang Gliding,Hang_gliding,2018-11-01,14251
Hang Gliding,Hang_gliding,2018-12-01,11702
Hang Gliding,Hang_gliding,2019-01-01,12499
Hang Gliding,Hang_gliding,2019-02-01,10507
Hang Gliding,Hang_gliding,2019-03-01,11954
Hang Gliding,Hang_gliding,2019-04-01,11502
Hang Gliding,Hang_gliding,2019-05-01,11250
Hang Gliding,Hang_gliding,2019-06-01,10175
Hang Gliding,Hang_gliding,2019-07-01,11253
Hang Gliding,Hang_gliding,2019-08-01,11062
Hang Gliding,Hang_gliding,2019-09-01,10756
Hang Gliding,Hang_gliding,2019-10-01,11076
Hang Gliding,Hang_gliding,2019-11-01,10873
Hang Gliding,Hang_gliding,2019-12-01,10215
Hang Gliding,Hang_gliding,2020-01-01,11727
Hang Gliding,Hang_gliding,2020-02-01,10007
Hang Gliding,Hang_gliding,2020-03-01,9243
Hang Gliding,Hang_gliding,2020-04-01,10930
Hang Gliding,Hang_gliding,2020-05-01,11964
Hang Gliding,Hang_gliding,2020-06-01,12010
Hang Gliding,Hang_gliding,2020-07-01,11073
Hang Gliding,Hang_gliding,2020-08-01,11151
Hang Gliding,Hang_gliding,2020-09-01,11382
Hang Gliding,Hang_gliding,2020-10-01,12246
Hang Gliding,Hang_gliding,2020-11-01,10887
Hang Gliding,Hang_gliding,2020-12-01,11722
Hang Gliding,Hang_gliding,2021-01-01,11358
Hang Gliding,Hang_gliding,2021-02-01,10750
Hang Gliding,Hang_gliding,2021-03-01,11762
Hang Gliding,Hang_gliding,2021-04-01,10775
Hang Gliding,Hang_gliding,2021-05-01,11424
Hang Gliding,Hang_gliding,2021-06-01,10539
Hang Gliding,Hang_gliding,2021-07-01,10316
Hang Gliding,Hang_gliding,2021-08-01,10428
Hang Gliding,Hang_gliding,2021-09-01,10511
Hang Gliding,Hang_gliding,2021-10-01,10235
Hang Gliding,Hang_gliding,2021-11-01,9621
Hang Gliding,Hang_gliding,2021-12-01,8420
Hang Gliding,Hang_gliding,2022-01-01,9542
Hang Gliding,Hang_gliding,2022-02-01,9167
Hang Gliding,Hang_gliding,2022-03-01,9488
Hang Gliding,Hang_gliding,2022-04-01,8978
Hang Gliding,Hang_gliding,2022-05-01,9875
Hang Gliding,Hang_gliding,2022-06-01,9476
Hang Gliding,Hang_gliding,2022-07-01,10498
Hang Gliding,Hang_gliding,2022-08-01,12014
Hang Gliding,Hang_gliding,2022-09-01,12787
Hang Gliding,Hang_gliding,2022-10-01,12263
Hang Gliding,Hang_gliding,2022-11-01,12016
Hang Gliding,Hang_gliding,2022-12-01,8861
Hang Gliding,Hang_gliding,2023-01-01,11896
Hang Gliding,Hang_gliding,2023-02-01,11542
Hang Gliding,Hang_gliding,2023-03-01,15356
Hang Gliding,Hang_gliding,2023-04-01,10458
Hang Gliding,Hang_gliding,2023-05-01,13036
Hang Gliding,Hang_gliding,2023-06-01,13505
Hang Gliding,Hang_gliding,2023-07-01,13027
Hang Gliding,Hang_gliding,2023-08-01,15065
Hang Gliding,Hang_gliding,2023-09-01,13657
Hang Gliding,Hang_gliding,2023-10-01,18347
Hang Gliding,Hang_gliding,2023-11-01,13432
Hang Gliding,Hang_gliding,2023-12-01,24274
Hang Gliding,Hang_gliding,2024-01-01,17728
Hang Gliding,Hang_gliding,2024-02-01,14222
Hang Gliding,Hang_gliding,2024-03-01,15577
Hang Gliding,Hang_gliding,2024-04-01,13453
Hang Gliding,Hang_gliding,2024-05-01,11057
Hang Gliding,Hang_gliding,2024-06-01,9244
Hang Gliding,Hang_gliding,2024-07-01,9471
Hang Gliding,Hang_gliding,2024-08-01,8453
Hang Gliding,Hang_gliding,2024-09-01,8054
Hang Gliding,Hang_gliding,2024-10-01,9157
Hang Gliding,Hang_gliding,2024-11-01,8668
Hang Gliding,Hang_gliding,2024-12-01,7733
Hiking,Hiking,2015-07-01,26750
Hiking,Hiking,2015-08-01,27539
Hiking,Hiking,2015-09-01,26060
Hiking,Hiking,2015-10-01,27211
Hiking,Hiking,2015-11-01,25171
Hiking,Hiking,2015-12-01,22400
Hiking,Hiking,2016-01-01,27972
Hiking,Hiking,2016-02-01,29675
Hiking,Hiking,2016-03-01,31997
Hiking,Hiking,2016-04-01,29975
Hiking,Hiking,2016-05-01,31238
Hiking,Hiking,2016-06-01,28747
Hiking,Hiking,2016-07-01,29808
Hiking,Hiking,2016-08-01,30792
Hiking,Hiking,2016-09-01,30213
Hiking,Hiking,2016-10-01,30480
Hiking,Hiking,2016-11-01,27121
Hiking,Hiking,2016-12-01,23799
Hiking,Hiking,2017-01-01,29154
Hiking,Hiking,2017-02-01,28441
Hiking,Hiking,2017-03-01,32587
Hiking,Hiking,2017-04-01,30450
Hiking,Hiking,2017-05-01,31068
Hiking,Hiking,2017-06-01,28750
Hiking,Hiking,2017-07-01,32424
Hiking,Hiking,2017-08-01,31271
Hiking,Hiking,2017-09-01,31925
Hiking,Hiking,2017-10-01,30278
Hiking,Hiking,2017-11-01,29345
Hiking,Hiking,2017-12-01,23543
Hiking,Hiking,2018-01-01,31894
Hiking,Hiking,2018-02-01,30721
Hiking,Hiking,2018-03-01,33639
Hiking,Hiking,2018-04-01,27517
Hiking,Hiking,2018-05-01,28991
Hiking,Hiking,2018-06-01,23771
Hiking,Hiking,2018-07-01,28435
Hiking,Hiking,2018-08-01,28576
Hiking,Hiking,2018-09-01,25756
Hiking,Hiking,2018-10-01,25811
Hiking,Hiking,2018-11-01,25187
Hiking,Hiking,2018-12-01,22625
Hiking,Hiking,2019-01-01,29552
Hiking,Hiking,2019-02-01,25844
Hiking,Hiking,2019-03-01,27574
Hiking,Hiking,2019-04-01,22764
Hiking,Hiking,2019-05-01,23126
Hiking,Hiking,2019-06-01,24730
Hiking,Hiking,2019-07-01,27571
Hiking,Hiking,2019-08-01,25924
Hiking,Hiking,2019-09-01,24416
Hiking,Hiking,2019-10-01,27494
Hiking,Hiking,2019-11-01,23503
Hiking,Hiking,2019-12-01,23758
Hiking,Hiking,2020-01-01,27984
Hiking,Hiking,2020-02-01,25434
Hiking,Hiking,2020-03-01,23262
Hiking,Hiking,2020-04-01,24066
Hiking,Hiking,2020-05-01,22591
Hiking,Hiking,2020-06-01,22503
Hiking,Hiking,2020-07-01,24627
Hiking,Hiking,2020-08-01,25711
Hiking,Hiking,2020-09-01,25081
Hiking,Hiking,2020-10-01,24179
Hiking,Hiking,2020-11-01,24607
Hiking,Hiking,2020-12-01,21802
Hiking,Hiking,2021-01-01,23771
Hiking,Hiking,2021-02-01,21925
Hiking,Hiking,2021-03-01,26533
Hiking,Hiking,2021-04-01,24683
Hiking,Hiking,2021-05-01,24200
Hiking,Hiking,2021-06-01,22197
Hiking,Hiking,2021-07-01,23342
Hiking,Hiking,2021-08-01,22137
Hiking,Hiking,2021-09-01,22012
Hiking,Hiking,2021-10-01,21185
Hiking,Hiking,2021-11-01,19294
Hiking,Hiking,2021-12-01,18718
Hiking,Hiking,2022-01-01,22518
Hiking,Hiking,2022-02-01,22715
Hiking,Hiking,2022-03-01,22238
Hiking,Hiking,2022-04-01,21480
Hiking,Hiking,2022-05-01,24562
Hiking,Hiking,2022-06-01,22560
Hiking,Hiking,2022-07-01,24314
Hiking,Hiking,2022-08-01,31583
Hiking,Hiking,2022-09-01,32840
Hiking,Hiking,2022-10-01,33392
Hiking,Hiking,2022-11-01,29633
Hiking,Hiking,2022-12-01,19016
Hiking,Hiking,2023-01-01,25550
Hiking,Hiking,2023-02-01,26496
Hiking,Hiking,2023-03-01,31598
Hiking,Hiking,2023-04-01,24266
Hiking,Hiking,2023-05-01,33376
Hiking,Hiking,2023-06-01,29428
Hiking,Hiking,2023-07-01,26850
Hiking,Hiking,2023-08-01,29137
Hiking,Hiking,2023-09-01,27322
Hiking,Hiking,2023-10-01,29362
Hiking,Hiking,2023-11-01,26381
Hiking,Hiking,2023-12-01,25636
Hiking,Hiking,2024-01-01,36583
Hiking,Hiking,2024-02-01,28662
Hiking,Hiking,2024-03-01,30027
Hiking,Hiking,2024-04-01,33700
Hiking,Hiking,2024-05-01,28561
Hiking,Hiking,2024-06-01,19290
Hiking,Hiking,2024-07-01,20897
Hiking,Hiking,2024-08-01,20479
Hiking,Hiking,2024-09-01,19734
Hiking,Hiking,2024-10-01,20830
Hiking,Hiking,2024-11-01,17809
Hiking,Hiking,2024-12-01,16090
Ice Climbing,Ice_climbing,2015-07-01,3370
Ice Climbing,Ice_climbing,2015-08-01,3255
Ice Climbing,Ice_climbing,2015-09-01,4607
Ice Climbing,Ice_climbing,2015-10-01,5051
Ice Climbing,Ice_climbing,2015-11-01,5198
Ice Climbing,Ice_climbing,2015-12-01,6163
Ice Climbing,Ice_climbing,2016-01-01,7490
Ice Climbing,Ice_climbing,2016-02-01,6387
Ice Climbing,Ice_climbing,2016-03-01,5302
Ice Climbing,Ice_climbing,2016-04-01,4769
Ice Climbing,Ice_climbing,2016-05-01,5285
Ice Climbing,Ice_climbing,2016-06-01,4405
Ice Climbing,Ice_climbing,2016-07-01,3085
Ice Climbing,Ice_climbing,2016-08-01,3846
Ice Climbing,Ice_climbing,2016-09-01,4987
Ice Climbing,Ice_climbing,2016-10-01,5030
Ice Climbing,Ice_climbing,2016-11-01,4815
Ice Climbing,Ice_climbing,2016-12-01,5357
Ice Climbing,Ice_climbing,2017-01-01,6753
Ice Climbing,Ice_climbing,2017-02-01,5966
Ice Climbing,Ice_climbing,2017-03-01,5449
Ice Climbing,Ice_climbing,2017-04-01,4285
Ice Climbing,Ice_climbing,2017-05-01,4343
Ice Climbing,Ice_climbing,2017-06-01,3614
Ice Climbing,Ice_climbing,2017-07-01,3247
Ice Climbing,Ice_climbing,2017-08-01,3375
Ice Climbing,Ice_climbing,2017-09-01,4107
Ice Climbing,Ice_climbing,2017-10-01,4740
Ice Climbing,Ice_climbing,2017-11-01,4813
Ice Climbing,Ice_climbing,2017-12-01,4826
Ice Climbing,Ice_climbing,2018-01-01,6373
Ice Climbing,Ice_climbing,2018-02-01,6354
Ice Climbing,Ice_climbing,2018-03-01,5029
Ice Climbing,Ice_climbing,2018-04-01,3871
Ice Climbing,Ice_climbing,2018-05-01,4028
Ice Climbing,Ice_climbing,2018-06-01,2983
Ice Climbing,Ice_climbing,2018-07-01,3152
Ice Climbing,Ice_climbing,2018-08-01,3392
Ice Climbing,Ice_climbing,2018-09-01,3680
Ice Climbing,Ice_climbing,2018-10-01,4141
Ice Climbing,Ice_climbing,2018-11-01,4605
Ice Climbing,Ice_climbing,2018-12-01,4481
Ice Climbing,Ice_climbing,2019-01-01,5993
Ice Climbing,Ice_climbing,2019-02-01,5394
Ice Climbing,Ice_climbing,2019-03-01,5166
Ice Climbing,Ice_climbing,2019-04-01,3644
Ice Climbing,Ice_climbing,2019-05-01,3784
Ice Climbing,Ice_climbing,2019-06-01,3061
Ice Climbing,Ice_climbing,2019-07-01,3125
Ice Climbing,Ice_climbing,2019-08-01,3103
Ice Climbing,Ice_climbing,2019-09-01,3855
Ice Climbing,Ice_climbing,2019-10-01,4078
Ice Climbing,Ice_climbing,2019-11-01,4554
Ice Climbing,Ice_climbing,2019-12-01,5024
Ice Climbing,Ice_climbing,2020-01-01,5997
Ice Climbing,Ice_climbing,2020-02-01,5251
Ice Climbing,Ice_climbing,2020-03-01,4615
Ice Climbing,Ice_climbing,2020-04-01,4158
Ice Climbing,Ice_climbing,2020-05-01,3386
Ice Climbing,Ice_climbing,2020-06-01,3010
Ice Climbing,Ice_climbing,2020-07-01,2844
Ice Climbing,Ice_climbing,2020-08-01,2804
Ice Climbing,Ice_climbing,2020-09-01,3508
Ice Climbing,Ice_climbing,2020-10-01,3765
Ice Climbing,Ice_climbing,2020-11-01,4221
Ice Climbing,Ice_climbing,2020-12-01,4961
Ice Climbing,Ice_climbing,2021-01-01,5314
Ice Climbing,Ice_climbing,2021-02-01,5332
Ice Climbing,Ice_climbing,2021-03-01,4121
Ice Climbing,Ice_climbing,2021-04-01,4102
Ice Climbing,Ice_climbing,2021-05-01,3688
Ice Climbing,Ice_climbing,2021-06-01,3026
Ice Climbing,Ice_climbing,2021-07-01,2953
Ice Climbing,Ice_climbing,2021-08-01,3266
Ice Climbing,Ice_climbing,2021-09-01,3296
Ice Climbing,Ice_climbing,2021-10-01,3328
Ice Climbing,Ice_climbing,2021-11-01,3978
Ice Climbing,Ice_climbing,2021-12-01,5357
Ice Climbing,Ice_climbing,2022-01-01,6562
Ice Climbing,Ice_climbing,2022-02-01,6888
Ice Climbing,Ice_climbing,2022-03-01,5033
Ice Climbing,Ice_climbing,2022-04-01,3956
Ice Climbing,Ice_climbing,2022-05-01,3972
Ice Climbing,Ice_climbing,2022-06-01,3016
Ice Climbing,Ice_climbing,2022-07-01,2868
Ice Climbing,Ice_climbing,2022-08-01,3331
Ice Climbing,Ice_climbing,2022-09-01,3812
Ice Climbing,Ice_climbing,2022-10-01,4506
Ice Climbing,Ice_climbing,2022-11-01,4422
Ice Climbing,Ice_climbing,2022-12-01,5054
Ice Climbing,Ice_climbing,2023-01-01,5388
Ice Climbing,Ice_climbing,2023-02-01,5142
Ice Climbing,Ice_climbing,2023-03-01,5036
Ice Climbing,Ice_climbing,2023-04-01,4177
Ice Climbing,Ice_climbing,2023-05-01,6791
Ice Climbing,Ice_climbing,2023-06-01,4344
Ice Climbing,Ice_climbing,2023-07-01,3958
Ice Climbing,Ice_climbing,2023-08-01,3773
Ice Climbing,Ice_climbing,2023-09-01,4603
Ice Climbing,Ice_climbing,2023-10-01,4826
Ice Climbing,Ice_climbing,2023-11-01,5508
Ice Climbing,Ice_climbing,2023-12-01,5736
Ice Climbing,Ice_climbing,2024-01-01,8012
Ice Climbing,Ice_climbing,2024-02-01,6507
Ice Climbing,Ice_climbing,2024-03-01,5714
Ice Climbing,Ice_climbing,2024-04-01,5611
Ice Climbing,Ice_climbing,2024-05-01,5896
Ice Climbing,Ice_climbing,2024-06-01,3866
Ice Climbing,Ice_climbing,2024-07-01,3755
Ice Climbing,Ice_climbing,2024-08-01,4166
Ice Climbing,Ice_climbing,2024-09-01,4318
Ice Climbing,Ice_climbing,2024-10-01,4783
Ice Climbing,Ice_climbing,2024-11-01,4208
Ice Climbing,Ice_climbing,2024-12-01,5399
Kayaking,Kayaking,2015-07-01,25508
Kayaking,Kayaking,2015-08-01,13236
Kayaking,Kayaking,2015-09-01,11992
Kayaking,Kayaking,2015-10-01,11053
Kayaking,Kayaking,2015-11-01,9404
Kayaking,Kayaking,2015-12-01,9624
Kayaking,Kayaking,2016-01-01,10686
Kayaking,Kayaking,2016-02-01,11366
Kayaking,Kayaking,2016-03-01,12254
Kayaking,Kayaking,2016-04-01,24597
Kayaking,Kayaking,2016-05-01,15124
Kayaking,Kayaking,2016-06-01,14715
Kayaking,Kayaking,2016-07-01,13681
Kayaking,Kayaking,2016-08-01,16703
Kayaking,Kayaking,2016-09-01,12617
Kayaking,Kayaking,2016-10-01,11742
Kayaking,Kayaking,2016-11-01,10269
Kayaking,Kayaking,2016-12-01,9235
Kayaking,Kayaking,2017-01-01,11225
Kayaking,Kayaking,2017-02-01,11577
Kayaking,Kayaking,2017-03-01,14977
Kayaking,Kayaking,2017-04-01,14056
Kayaking,Kayaking,2017-05-01,16391
Kayaking,Kayaking,2017-06-01,17253
Kayaking,Kayaking,2017-07-01,18041
Kayaking,Kayaking,2017-08-01,16323
Kayaking,Kayaking,2017-09-01,14655
Kayaking,Kayaking,2017-10-01,12971
Kayaking,Kayaking,2017-11-01,14200
Kayaking,Kayaking,2017-12-01,12190
Kayaking,Kayaking,2018-01-01,15397
Kayaking,Kayaking,2018-02-01,12845
Kayaking,Kayaking,2018-03-01,14446
Kayaking,Kayaking,2018-04-01,13692
Kayaking,Kayaking,2018-05-01,16857
Kayaking,Kayaking,2018-06-01,16607
Kayaking,Kayaking,2018-07-01,19211
Kayaking,Kayaking,2018-08-01,16096
Kayaking,Kayaking,2018-09-01,13985
Kayaking,Kayaking,2018-10-01,11699
Kayaking,Kayaking,2018-11-01,12602
Kayaking,Kayaking,2018-12-01,11282
Kayaking,Kayaking,2019-01-01,13958
Kayaking,Kayaking,2019-02-01,11761
Kayaking,Kayaking,2019-03-01,13326
Kayaking,Kayaking,2019-04-01,12441
Kayaking,Kayaking,2019-05-01,14384
Kayaking,Kayaking,2019-06-01,14270
Kayaking,Kayaking,2019-07-01,16612
Kayaking,Kayaking,2019-08-01,14381
Kayaking,Kayaking,2019-09-01,13077
Kayaking,Kayaking,2019-10-01,11040
Kayaking,Kayaking,2019-11-01,11337
Kayaking,Kayaking,2019-12-01,10013
Kayaking,Kayaking,2020-01-01,11197
Kayaking,Kayaking,2020-02-01,8801
Kayaking,Kayaking,2020-03-01,8775
Kayaking,Kayaking,2020-04-01,8925
Kayaking,Kayaking,2020-05-01,8028
Kayaking,Kayaking,2020-06-01,9012
Kayaking,Kayaking,2020-07-01,9184
Kayaking,Kayaking,2020-08-01,9177
Kayaking,Kayaking,2020-09-01,8440
Kayaking,Kayaking,2020-10-01,7931
Kayaking,Kayaking,2020-11-01,7382
Kayaking,Kayaking,2020-12-01,7515
Kayaking,Kayaking,2021-01-01,8639
Kayaking,Kayaking,2021-02-01,8738
Kayaking,Kayaking,2021-03-01,9491
Kayaking,Kayaking,2021-04-01,8856
Kayaking,Kayaking,2021-05-01,8704
Kayaking,Kayaking,2021-06-01,9064
Kayaking,Kayaking,2021-07-01,11025
Kayaking,Kayaking,2021-08-01,9888
Kayaking,Kayaking,2021-09-01,8326
Kayaking,Kayaking,2021-10-01,8014
Kayaking,Kayaking,2021-11-01,7687
Kayaking,Kayaking,2021-12-01,7795
Kayaking,Kayaking,2022-01-01,8078
Kayaking,Kayaking,2022-02-01,8727
Kayaking,Kayaking,2022-03-01,10313
Kayaking,Kayaking,2022-04-01,9330
Kayaking,Kayaking,2022-05-01,9987
Kayaking,Kayaking,2022-06-01,10735
Kayaking,Kayaking,2022-07-01,12618
Kayaking,Kayaking,2022-08-01,14434
Kayaking,Kayaking,2022-09-01,15390
Kayaking,Kayaking,2022-10-01,15666
Kayaking,Kayaking,2022-11-01,15857
Kayaking,Kayaking,2022-12-01,9491
Kayaking,Kayaking,2023-01-01,11989
Kayaking,Kayaking,2023-02-01,14804
Kayaking,Kayaking,2023-03-01,19214
Kayaking,Kayaking,2023-04-01,12028
Kayaking,Kayaking,2023-05-01,21625
Kayaking,Kayaking,2023-06-01,18703
Kayaking,Kayaking,2023-07-01,20286
Kayaking,Kayaking,2023-08-01,21127
Kayaking,Kayaking,2023-09-01,20208
Kayaking,Kayaking,2023-10-01,18208
Kayaking,Kayaking,2023-11-01,15534
Kayaking,Kayaking,2023-12-01,14437
Kayaking,Kayaking,2024-01-01,16787
Kayaking,Kayaking,2024-02-01,13648
Kayaking,Kayaking,2024-03-01,17853
Kayaking,Kayaking,2024-04-01,18496
Kayaking,Kayaking,2024-05-01,14499
Kayaking,Kayaking,2024-06-01,10682
Kayaking,Kayaking,2024-07-01,10596
Kayaking,Kayaking,2024-08-01,9932
Kayaking,Kayaking,2024-09-01,9337
Kayaking,Kayaking,2024-10-01,8961
Kayaking,Kayaking,2024-11-01,8230
Kayaking,Kayaking,2024-12-01,7597
Kitesurfing,Kitesurfing,2015-07-01,21615
Kitesurfing,Kitesurfing,2015-08-01,20847
Kitesurfing,Kitesurfing,2015-09-01,16101
Kitesurfing,Kitesurfing,2015-10-01,14850
Kitesurfing,Kitesurfing,2015-11-01,14720
Kitesurfing,Kitesurfing,2015-12-01,13918
Kitesurfing,Kitesurfing,2016-01-01,16752
Kitesurfing,Kitesurfing,2016-02-01,15886
Kitesurfing,Kitesurfing,2016-03-01,15975
Kitesurfing,Kitesurfing,2016-04-01,17004
Kitesurfing,Kitesurfing,2016-05-01,18255
Kitesurfing,Kitesurfing,2016-06-01,20053
Kitesurfing,Kitesurfing,2016-07-01,20838
Kitesurfing,Kitesurfing,2016-08-01,21246
Kitesurfing,Kitesurfing,2016-09-01,17201
Kitesurfing,Kitesurfing,2016-10-01,16306
Kitesurfing,Kitesurfing,2016-11-01,13920
Kitesurfing,Kitesurfing,2016-12-01,13330
Kitesurfing,Kitesurfing,2017-01-01,15848
Kitesurfing,Kitesurfing,2017-02-01,16246
Kitesurfing,Kitesurfing,2017-03-01,16978
Kitesurfing,Kitesurfing,2017-04-01,16582
Kitesurfing,Kitesurfing,2017-05-01,16733
Kitesurfing,Kitesurfing,2017-06-01,17008
Kitesurfing,Kitesurfing,2017-07-01,18374
Kitesurfing,Kitesurfing,2017-08-01,19736
Kitesurfing,Kitesurfing,2017-09-01,16196
Kitesurfing,Kitesurfing,2017-10-01,16853
Kitesurfing,Kitesurfing,2017-11-01,7294
Kitesurfing,Kitesurfing,2017-12-01,5802
Kitesurfing,Kitesurfing,2018-01-01,5778
Kitesurfing,Kitesurfing,2018-02-01,4928
Kitesurfing,Kitesurfing,2018-03-01,5181
Kitesurfing,Kitesurfing,2018-04-01,5332
Kitesurfing,Kitesurfing,2018-05-01,4859
Kitesurfing,Kitesurfing,2018-06-01,5377
Kitesurfing,Kitesurfing,2018-07-01,8072
Kitesurfing,Kitesurfing,2018-08-01,5599
Kitesurfing,Kitesurfing,2018-09-01,4759
Kitesurfing,Kitesurfing,2018-10-01,4904
Kitesurfing,Kitesurfing,2018-11-01,4358
Kitesurfing,Kitesurfing,2018-12-01,4552
Kitesurfing,Kitesurfing,2019-01-01,4917
Kitesurfing,Kitesurfing,2019-02-01,4073
Kitesurfing,Kitesurfing,2019-03-01,4976
Kitesurfing,Kitesurfing,2019-04-01,5073
Kitesurfing,Kitesurfing,2019-05-01,4054
Kitesurfing,Kitesurfing,2019-06-01,3969
Kitesurfing,Kitesurfing,2019-07-01,6012
Kitesurfing,Kitesurfing,2019-08-01,5469
Kitesurfing,Kitesurfing,2019-09-01,6251
Kitesurfing,Kitesurfing,2019-10-01,4049
Kitesurfing,Kitesurfing,2019-11-01,4099
Kitesurfing,Kitesurfing,2019-12-01,3504
Kitesurfing,Kitesurfing,2020-01-01,3963
Kitesurfing,Kitesurfing,2020-02-01,3836
Kitesurfing,Kitesurfing,2020-03-01,3712
Kitesurfing,Kitesurfing,2020-04-01,5122
Kitesurfing,Kitesurfing,2020-05-01,4228
Kitesurfing,Kitesurfing,2020-06-01,5015
Kitesurfing,Kitesurfing,2020-07-01,4636
Kitesurfing,Kitesurfing,2020-08-01,4223
Kitesurfing,Kitesurfing,2020-09-01,3968
Kitesurfing,Kitesurfing,2020-10-01,3969
Kitesurfing,Kitesurfing,2020-11-01,3356
Kitesurfing,Kitesurfing,2020-12-01,3146
Kitesurfing,Kitesurfing,2021-01-01,3931
Kitesurfing,Kitesurfing,2021-02-01,3384
Kitesurfing,Kitesurfing,2021-03-01,4625
Kitesurfing,Kitesurfing,2021-04-01,3487
Kitesurfing,Kitesurfing,2021-05-01,3479
Kitesurfing,Kitesurfing,2021-06-01,3337
Kitesurfing,Kitesurfing,2021-07-01,4370
Kitesurfing,Kitesurfing,2021-08-01,3681
Kitesurfing,Kitesurfing,2021-09-01,3330
Kitesurfing,Kitesurfing,2021-10-01,3231
Kitesurfing,Kitesurfing,2021-11-01,4707
Kitesurfing,Kitesurfing,2021-12-01,2568
Kitesurfing,Kitesurfing,2022-01-01,3140
Kitesurfing,Kitesurfing,2022-02-01,2581
Kitesurfing,Kitesurfing,2022-03-01,2829
Kitesurfing,Kitesurfing,2022-04-01,2911
Kitesurfing,Kitesurfing,2022-05-01,3194
Kitesurfing,Kitesurfing,2022-06-01,4800
Kitesurfing,Kitesurfing,2022-07-01,5707
Kitesurfing,Kitesurfing,2022-08-01,6185
Kitesurfing,Kitesurfing,2022-09-01,3522
Kitesurfing,Kitesurfing,2022-10-01,4760
Kitesurfing,Kitesurfing,2022-11-01,3630
Kitesurfing,Kitesurfing,2022-12-01,3539
Kitesurfing,Kitesurfing,2023-01-01,4092
Kitesurfing,Kitesurfing,2023-02-01,3059
Kitesurfing,Kitesurfing,2023-03-01,5260
Kitesurfing,Kitesurfing,2023-04-01,3749
Kitesurfing,Kitesurfing,2023-05-01,3195
Kitesurfing,Kitesurfing,2023-06-01,3340
Kitesurfing,Kitesurfing,2023-07-01,4244
Kitesurfing,Kitesurfing,2023-08-01,3897
Kitesurfing,Kitesurfing,2023-09-01,3469
Kitesurfing,Kitesurfing,2023-10-01,4151
Kitesurfing,Kitesurfing,2023-11-01,3877
Kitesurfing,Kitesurfing,2023-12-01,3088
Kitesurfing,Kitesurfing,2024-01-01,3846
Kitesurfing,Kitesurfing,2024-02-01,4046
Kitesurfing,Kitesurfing,2024-03-01,4413
Kitesurfing,Kitesurfing,2024-04-01,4365
Kitesurfing,Kitesurfing,2024-05-01,4071
Kitesurfing,Kitesurfing,2024-06-01,5475
Kitesurfing,Kitesurfing,2024-07-01,16804
Kitesurfing,Kitesurfing,2024-08-01,7473
Kitesurfing,Kitesurfing,2024-09-01,4271
Kitesurfing,Kitesurfing,2024-10-01,3079
Kitesurfing,Kitesurfing,2024-11-01,2688
Kitesurfing,Kitesurfing,2024-12-01,2648
Mountain Biking,Mountain_biking,2015-07-01,14089
Mountain Biking,Mountain_biking,2015-08-01,13707
Mountain Biking,Mountain_biking,2015-09-01,16482
Mountain Biking,Mountain_biking,2015-10-01,16644
Mountain Biking,Mountain_biking,2015-11-01,16614
Mountain Biking,Mountain_biking,2015-12-01,12717
Mountain Biking,Mountain_biking,2016-01-01,14575
Mountain Biking,Mountain_biking,2016-02-01,14554
Mountain Biking,Mountain_biking,2016-03-01,16883
Mountain Biking,Mountain_biking,2016-04-01,16892
Mountain Biking,Mountain_biking,2016-05-01,17401
Mountain Biking,Mountain_biking,2016-06-01,16042
Mountain Biking,Mountain_biking,2016-07-01,13880
Mountain Biking,Mountain_biking,2016-08-01,18331
Mountain Biking,Mountain_biking,2016-09-01,15987
Mountain Biking,Mountain_biking,2016-10-01,16275
Mountain Biking,Mountain_biking,2016-11-01,15193
Mountain Biking,Mountain_biking,2016-12-01,12064
Mountain Biking,Mountain_biking,2017-01-01,14492
Mountain Biking,Mountain_biking,2017-02-01,14424
Mountain Biking,Mountain_biking,2017-03-01,17756
Mountain Biking,Mountain_biking,2017-04-01,15728
Mountain Biking,Mountain_biking,2017-05-01,18160
Mountain Biking,Mountain_biking,2017-06-01,15808
Mountain Biking,Mountain_biking,2017-07-01,14763
Mountain Biking,Mountain_biking,2017-08-01,15376
Mountain Biking,Mountain_biking,2017-09-01,16423
Mountain Biking,Mountain_biking,2017-10-01,17299
Mountain Biking,Mountain_biking,2017-11-01,16238
Mountain Biking,Mountain_biking,2017-12-01,17567
Mountain Biking,Mountain_biking,2018-01-01,16698
Mountain Biking,Mountain_biking,2018-02-01,15144
Mountain Biking,Mountain_biking,2018-03-01,16989
Mountain Biking,Mountain_biking,2018-04-01,16511
Mountain Biking,Mountain_biking,2018-05-01,21164
Mountain Biking,Mountain_biking,2018-06-01,13900
Mountain Biking,Mountain_biking,2018-07-01,14624
Mountain Biking,Mountain_biking,2018-08-01,14668
Mountain Biking,Mountain_biking,2018-09-01,14625
Mountain Biking,Mountain_biking,2018-10-01,15145
Mountain Biking,Mountain_biking,2018-11-01,15222
Mountain Biking,Mountain_biking,2018-12-01,11821
Mountain Biking,Mountain_biking,2019-01-01,13753
Mountain Biking,Mountain_biking,2019-02-01,12643
Mountain Biking,Mountain_biking,2019-03-01,13933
Mountain Biking,Mountain_biking,2019-04-01,14036
Mountain Biking,Mountain_biking,2019-05-01,15148
Mountain Biking,Mountain_biking,2019-06-01,12298
Mountain Biking,Mountain_biking,2019-07-01,14365
Mountain Biking,Mountain_biking,2019-08-01,14541
Mountain Biking,Mountain_biking,2019-09-01,15197
Mountain Biking,Mountain_biking,2019-10-01,18348
Mountain Biking,Mountain_biking,2019-11-01,15800
Mountain Biking,Mountain_biking,2019-12-01,14182
Mountain Biking,Mountain_biking,2020-01-01,21109
Mountain Biking,Mountain_biking,2020-02-01,12279
Mountain Biking,Mountain_biking,2020-03-01,13943
Mountain Biking,Mountain_biking,2020-04-01,15834
Mountain Biking,Mountain_biking,2020-05-01,16905
Mountain Biking,Mountain_biking,2020-06-01,14610
Mountain Biking,Mountain_biking,2020-07-01,14919
Mountain Biking,Mountain_biking,2020-08-01,14587
Mountain Biking,Mountain_biking,2020-09-01,14811
Mountain Biking,Mountain_biking,2020-10-01,16248
Mountain Biking,Mountain_biking,2020-11-01,15467
Mountain Biking,Mountain_biking,2020-12-01,13994
Mountain Biking,Mountain_biking,2021-01-01,13521
Mountain Biking,Mountain_biking,2021-02-01,12637
Mountain Biking,Mountain_biking,2021-03-01,14355
Mountain Biking,Mountain_biking,2021-04-01,14506
Mountain Biking,Mountain_biking,2021-05-01,15008
Mountain Biking,Mountain_biking,2021-06-01,13862
Mountain Biking,Mountain_biking,2021-07-01,14821
Mountain Biking,Mountain_biking,2021-08-01,13407
Mountain Biking,Mountain_biking,2021-09-01,12475
Mountain Biking,Mountain_biking,2021-10-01,12496
Mountain Biking,Mountain_biking,2021-11-01,12230
Mountain Biking,Mountain_biking,2021-12-01,10350
Mountain Biking,Mountain_biking,2022-01-01,11021
Mountain Biking,Mountain_biking,2022-02-01,11548
Mountain Biking,Mountain_biking,2022-03-01,12360
Mountain Biking,Mountain_biking,2022-04-01,11581
Mountain Biking,Mountain_biking,2022-05-01,12424
Mountain Biking,Mountain_biking,2022-06-01,10979
Mountain Biking,Mountain_biking,2022-07-01,13137
Mountain Biking,Mountain_biking,2022-08-01,15110
Mountain Biking,Mountain_biking,2022-09-01,14199
Mountain Biking,Mountain_biking,2022-10-01,13895
Mountain Biking,Mountain_biking,2022-11-01,12057
Mountain Biking,Mountain_biking,2022-12-01,9944
Mountain Biking,Mountain_biking,2023-01-01,11657
Mountain Biking,Mountain_biking,2023-02-01,10719
Mountain Biking,Mountain_biking,2023-03-01,14311
Mountain Biking,Mountain_biking,2023-04-01,11362
Mountain Biking,Mountain_biking,2023-05-01,12114
Mountain Biking,Mountain_biking,2023-06-01,12331
Mountain Biking,Mountain_biking,2023-07-01,12417
Mountain Biking,Mountain_biking,2023-08-01,12357
Mountain Biking,Mountain_biking,2023-09-01,13975
Mountain Biking,Mountain_biking,2023-10-01,14714
Mountain Biking,Mountain_biking,2023-11-01,11976
Mountain Biking,Mountain_biking,2023-12-01,9980
Mountain Biking,Mountain_biking,2024-01-01,12496
Mountain Biking,Mountain_biking,2024-02-01,10850
Mountain Biking,Mountain_biking,2024-03-01,11559
Mountain Biking,Mountain_biking,2024-04-01,10629
Mountain Biking,Mountain_biking,2024-05-01,9562
Mountain Biking,Mountain_biking,2024-06-01,7908
Mountain Biking,Mountain_biking,2024-07-01,9365
Mountain Biking,Mountain_biking,2024-08-01,9698
Mountain Biking,Mountain_biking,2024-09-01,8512
Mountain Biking,Mountain_biking,2024-10-01,9682
Mountain Biking,Mountain_biking,2024-11-01,8274
Mountain Biking,Mountain_biking,2024-12-01,7617
Paragliding,Paragliding,2015-07-01,28951
Paragliding,Paragliding,2015-08-01,25893
Paragliding,Paragliding,2015-09-01,22088
Paragliding,Paragliding,2015-10-01,22997
Paragliding,Paragliding,2015-11-01,20337
Paragliding,Paragliding,2015-12-01,19749
Paragliding,Paragliding,2016-01-01,23689
Paragliding,Paragliding,2016-02-01,20462
Paragliding,Paragliding,2016-03-01,22713
Paragliding,Paragliding,2016-04-01,22820
Paragliding,Paragliding,2016-05-01,31565
Paragliding,Paragliding,2016-06-01,28706
Paragliding,Paragliding,2016-07-01,26866
Paragliding,Paragliding,2016-08-01,28569
Paragliding,Paragliding,2016-09-01,25776
Paragliding,Paragliding,2016-10-01,24439
Paragliding,Paragliding,2016-11-01,22336
Paragliding,Paragliding,2016-12-01,21860
Paragliding,Paragliding,2017-01-01,25920
Paragliding,Paragliding,2017-02-01,22413
Paragliding,Paragliding,2017-03-01,25505
Paragliding,Paragliding,2017-04-01,25859
Paragliding,Paragliding,2017-05-01,26579
Paragliding,Paragliding,2017-06-01,26297
Paragliding,Paragliding,2017-07-01,27806
Paragliding,Paragliding,2017-08-01,28894
Paragliding,Paragliding,2017-09-01,25101
Paragliding,Paragliding,2017-10-01,24890
Paragliding,Paragliding,2017-11-01,22601
Paragliding,Paragliding,2017-12-01,19442
Paragliding,Paragliding,2018-01-01,22967
Paragliding,Paragliding,2018-02-01,19735
Paragliding,Paragliding,2018-03-01,21798
Paragliding,Paragliding,2018-04-01,20604
Paragliding,Paragliding,2018-05-01,22740
Paragliding,Paragliding,2018-06-01,22465
Paragliding,Paragliding,2018-07-01,26224
Paragliding,Paragliding,2018-08-01,30712
Paragliding,Paragliding,2018-09-01,24881
Paragliding,Paragliding,2018-10-01,26015
Paragliding,Paragliding,2018-11-01,21353
Paragliding,Paragliding,2018-12-01,19446
Paragliding,Paragliding,2019-01-01,24205
Paragliding,Paragliding,2019-02-01,19749
Paragliding,Paragliding,2019-03-01,24292
Paragliding,Paragliding,2019-04-01,23786
Paragliding,Paragliding,2019-05-01,25306
Paragliding,Paragliding,2019-06-01,23959
Paragliding,Paragliding,2019-07-01,34942
Paragliding,Paragliding,2019-08-01,31162
Paragliding,Paragliding,2019-09-01,23333
Paragliding,Paragliding,2019-10-01,20740
Paragliding,Paragliding,2019-11-01,20138
Paragliding,Paragliding,2019-12-01,19290
Paragliding,Paragliding,2020-01-01,21535
Paragliding,Paragliding,2020-02-01,20311
Paragliding,Paragliding,2020-03-01,17987
Paragliding,Paragliding,2020-04-01,20353
Paragliding,Paragliding,2020-05-01,19264
Paragliding,Paragliding,2020-06-01,19822
Paragliding,Paragliding,2020-07-01,22245
Paragliding,Paragliding,2020-08-01,22789
Paragliding,Paragliding,2020-09-01,21949
Paragliding,Paragliding,2020-10-01,21577
Paragliding,Paragliding,2020-11-01,20305
Paragliding,Paragliding,2020-12-01,23895
Paragliding,Paragliding,2021-01-01,23844
Paragliding,Paragliding,2021-02-01,19965
Paragliding,Paragliding,2021-03-01,23282
Paragliding,Paragliding,2021-04-01,21558
Paragliding,Paragliding,2021-05-01,21149
Paragliding,Paragliding,2021-06-01,24982
Paragliding,Paragliding,2021-07-01,25016
Paragliding,Paragliding,2021-08-01,24233
Paragliding,Paragliding,2021-09-01,23035
Paragliding,Paragliding,2021-10-01,22212
Paragliding,Paragliding,2021-11-01,19277
Paragliding,Paragliding,2021-12-01,20833
Paragliding,Paragliding,2022-01-01,21315
Paragliding,Paragliding,2022-02-01,19898
Paragliding,Paragliding,2022-03-01,21330
Paragliding,Paragliding,2022-04-01,19522
Paragliding,Paragliding,2022-05-01,20767
Paragliding,Paragliding,2022-06-01,23389
Paragliding,Paragliding,2022-07-01,25849
Paragliding,Paragliding,2022-08-01,27510
Paragliding,Paragliding,2022-09-01,30896
Paragliding,Paragliding,2022-10-01,30999
Paragliding,Paragliding,2022-11-01,32197
Paragliding,Paragliding,2022-12-01,20014
Paragliding,Paragliding,2023-01-01,22301
Paragliding,Paragliding,2023-02-01,21314
Paragliding,Paragliding,2023-03-01,28236
Paragliding,Paragliding,2023-04-01,22350
Paragliding,Paragliding,2023-05-01,28955
Paragliding,Paragliding,2023-06-01,30177
Paragliding,Paragliding,2023-07-01,33951
Paragliding,Paragliding,2023-08-01,33149
Paragliding,Paragliding,2023-09-01,33222
Paragliding,Paragliding,2023-10-01,52222
Paragliding,Paragliding,2023-11-01,31072
Paragliding,Paragliding,2023-12-01,30251
Paragliding,Paragliding,2024-01-01,40716
Paragliding,Paragliding,2024-02-01,31126
Paragliding,Paragliding,2024-03-01,35070
Paragliding,Paragliding,2024-04-01,34054
Paragliding,Paragliding,2024-05-01,24254
Paragliding,Paragliding,2024-06-01,18786
Paragliding,Paragliding,2024-07-01,20333
Paragliding,Paragliding,2024-08-01,21985
Paragliding,Paragliding,2024-09-01,20871
Paragliding,Paragliding,2024-10-01,18795
Paragliding,Paragliding,2024-11-01,17392
Paragliding,Paragliding,2024-12-01,15311
Road Cycling,Cycling,2015-07-01,22550
Road Cycling,Cycling,2015-08-01,20907
Road Cycling,Cycling,2015-09-01,21381
Road Cycling,Cycling,2015-10-01,21139
Road Cycling,Cycling,2015-11-01,20184
Road Cycling,Cycling,2015-12-01,19766
Road Cycling,Cycling,2016-01-01,22965
Road Cycling,Cycling,2016-02-01,23141
Road Cycling,Cycling,2016-03-01,23866
Road Cycling,Cycling,2016-04-01,26837
Road Cycling,Cycling,2016-05-01,23895
Road Cycling,Cycling,2016-06-01,23297
Road Cycling,Cycling,2016-07-01,29849
Road Cycling,Cycling,2016-08-01,34862
Road Cycling,Cycling,2016-09-01,27344
Road Cycling,Cycling,2016-10-01,26998
Road Cycling,Cycling,2016-11-01,26659
Road Cycling,Cycling,2016-12-01,23837
Road Cycling,Cycling,2017-01-01,26062
Road Cycling,Cycling,2017-02-01,25730
Road Cycling,Cycling,2017-03-01,29422
Road Cycling,Cycling,2017-04-01,24158
Road Cycling,Cycling,2017-05-01,25627
Road Cycling,Cycling,2017-06-01,23583
Road Cycling,Cycling,2017-07-01,25776
Road Cycling,Cycling,2017-08-01,25216
Road Cycling,Cycling,2017-09-01,25121
Road Cycling,Cycling,2017-10-01,26433
Road Cycling,Cycling,2017-11-01,25383
Road Cycling,Cycling,2017-12-01,23861
Road Cycling,Cycling,2018-01-01,30260
Road Cycling,Cycling,2018-02-01,24587
Road Cycling,Cycling,2018-03-01,24976
Road Cycling,Cycling,2018-04-01,22587
Road Cycling,Cycling,2018-05-01,24439
Road Cycling,Cycling,2018-06-01,20916
Road Cycling,Cycling,2018-07-01,24512
Road Cycling,Cycling,2018-08-01,25434
Road Cycling,Cycling,2018-09-01,27816
Road Cycling,Cycling,2018-10-01,25992
Road Cycling,Cycling,2018-11-01,24127
Road Cycling,Cycling,2018-12-01,20623
Road Cycling,Cycling,2019-01-01,25610
Road Cycling,Cycling,2019-02-01,23322
Road Cycling,Cycling,2019-03-01,24599
Road Cycling,Cycling,2019-04-01,22566
Road Cycling,Cycling,2019-05-01,20461
Road Cycling,Cycling,2019-06-01,19642
Road Cycling,Cycling,2019-07-01,30221
Road Cycling,Cycling,2019-08-01,27755
Road Cycling,Cycling,2019-09-01,24821
Road Cycling,Cycling,2019-10-01,30196
Road Cycling,Cycling,2019-11-01,49309
Road Cycling,Cycling,2019-12-01,30386
Road Cycling,Cycling,2020-01-01,32396
Road Cycling,Cycling,2020-02-01,24345
Road Cycling,Cycling,2020-03-01,22168
Road Cycling,Cycling,2020-04-01,27821
Road Cycling,Cycling,2020-05-01,23397
Road Cycling,Cycling,2020-06-01,19636
Road Cycling,Cycling,2020-07-01,19610
Road Cycling,Cycling,2020-08-01,21731
Road Cycling,Cycling,2020-09-01,24901
Road Cycling,Cycling,2020-10-01,25061
Road Cycling,Cycling,2020-11-01,24001
Road Cycling,Cycling,2020-12-01,21871
Road Cycling,Cycling,2021-01-01,22760
Road Cycling,Cycling,2021-02-01,23842
Road Cycling,Cycling,2021-03-01,25331
Road Cycling,Cycling,2021-04-01,23616
Road Cycling,Cycling,2021-05-01,24132
Road Cycling,Cycling,2021-06-01,21976
Road Cycling,Cycling,2021-07-01,27318
Road Cycling,Cycling,2021-08-01,24835
Road Cycling,Cycling,2021-09-01,23777
Road Cycling,Cycling,2021-10-01,20645
Road Cycling,Cycling,2021-11-01,18113
Road Cycling,Cycling,2021-12-01,17971
Road Cycling,Cycling,2022-01-01,18847
Road Cycling,Cycling,2022-02-01,19305
Road Cycling,Cycling,2022-03-01,21137
Road Cycling,Cycling,2022-04-01,18515
Road Cycling,Cycling,2022-05-01,17561
Road Cycling,Cycling,2022-06-01,16593
Road Cycling,Cycling,2022-07-01,20557
Road Cycling,Cycling,2022-08-01,26470
Road Cycling,Cycling,2022-09-01,35287
Road Cycling,Cycling,2022-10-01,46584
Road Cycling,Cycling,2022-11-01,29026
Road Cycling,Cycling,2022-12-01,21253
Road Cycling,Cycling,2023-01-01,24129
Road Cycling,Cycling,2023-02-01,22244
Road Cycling,Cycling,2023-03-01,25847
Road Cycling,Cycling,2023-04-01,15763
Road Cycling,Cycling,2023-05-01,22430
Road Cycling,Cycling,2023-06-01,21851
Road Cycling,Cycling,2023-07-01,20705
Road Cycling,Cycling,2023-08-01,21847
Road Cycling,Cycling,2023-09-01,24724
Road Cycling,Cycling,2023-10-01,25240
Road Cycling,Cycling,2023-11-01,22648
Road Cycling,Cycling,2023-12-01,21372
Road Cycling,Cycling,2024-01-01,25721
Road Cycling,Cycling,2024-02-01,21172
Road Cycling,Cycling,2024-03-01,22496
Road Cycling,Cycling,2024-04-01,24692
Road Cycling,Cycling,2024-05-01,19071
Road Cycling,Cycling,2024-06-01,11755
Road Cycling,Cycling,2024-07-01,13414
Road Cycling,Cycling,2024-08-01,18328
Road Cycling,Cycling,2024-09-01,14199
Road Cycling,Cycling,2024-10-01,12947
Road Cycling,Cycling,2024-11-01,12457
Road Cycling,Cycling,2024-12-01,11489
Road Racing,Road_racing,2015-07-01,4096
Road Racing,Road_racing,2015-08-01,4203
Road Racing,Road_racing,2015-09-01,4231
Road Racing,Road_racing,2015-10-01,4349
Road Racing,Road_racing,2015-11-01,4756
Road Racing,Road_racing,2015-12-01,3480
Road Racing,Road_racing,2016-01-01,3625
Road Racing,Road_racing,2016-02-01,4192
Road Racing,Road_racing,2016-03-01,4443
Road Racing,Road_racing,2016-04-01,5117
Road Racing,Road_racing,2016-05-01,4931
Road Racing,Road_racing,2016-06-01,5069
Road Racing,Road_racing,2016-07-01,4043
Road Racing,Road_racing,2016-08-01,4070
Road Racing,Road_racing,2016-09-01,4062
Road Racing,Road_racing,2016-10-01,3866
Road Racing,Road_racing,2016-11-01,3803
Road Racing,Road_racing,2016-12-01,3258
Road Racing,Road_racing,2017-01-01,3503
Road Racing,Road_racing,2017-02-01,3570
Road Racing,Road_racing,2017-03-01,4350
Road Racing,Road_racing,2017-04-01,4423
Road Racing,Road_racing,2017-05-01,4730
Road Racing,Road_racing,2017-06-01,4731
Road Racing,Road_racing,2017-07-01,4009
Road Racing,Road_racing,2017-08-01,4211
Road Racing,Road_racing,2017-09-01,3668
Road Racing,Road_racing,2017-10-01,3708
Road Racing,Road_racing,2017-11-01,3823
Road Racing,Road_racing,2017-12-01,3103
Road Racing,Road_racing,2018-01-01,3290
Road Racing,Road_racing,2018-02-01,3191
Road Racing,Road_racing,2018-03-01,4086
Road Racing,Road_racing,2018-04-01,4070
Road Racing,Road_racing,2018-05-01,4253
Road Racing,Road_racing,2018-06-01,4493
Road Racing,Road_racing,2018-07-01,4282
Road Racing,Road_racing,2018-08-01,4339
Road Racing,Road_racing,2018-09-01,4626
Road Racing,Road_racing,2018-10-01,4481
Road Racing,Road_racing,2018-11-01,3947
Road Racing,Road_racing,2018-12-01,3278
Road Racing,Road_racing,2019-01-01,3630
Road Racing,Road_racing,2019-02-01,3349
Road Racing,Road_racing,2019-03-01,4042
Road Racing,Road_racing,2019-04-01,3818
Road Racing,Road_racing,2019-05-01,4346
Road Racing,Road_racing,2019-06-01,4502
Road Racing,Road_racing,2019-07-01,4698
Road Racing,Road_racing,2019-08-01,4834
Road Racing,Road_racing,2019-09-01,4128
Road Racing,Road_racing,2019-10-01,4998
Road Racing,Road_racing,2019-11-01,4942
Road Racing,Road_racing,2019-12-01,3946
Road Racing,Road_racing,2020-01-01,4647
Road Racing,Road_racing,2020-02-01,3923
Road Racing,Road_racing,2020-03-01,4372
Road Racing,Road_racing,2020-04-01,4674
Road Racing,Road_racing,2020-05-01,4988
Road Racing,Road_racing,2020-06-01,4375
Road Racing,Road_racing,2020-07-01,4952
Road Racing,Road_racing,2020-08-01,5123
Road Racing,Road_racing,2020-09-01,4420
Road Racing,Road_racing,2020-10-01,4274
Road Racing,Road_racing,2020-11-01,4001
Road Racing,Road_racing,2020-12-01,3580
Road Racing,Road_racing,2021-01-01,3304
Road Racing,Road_racing,2021-02-01,3559
Road Racing,Road_racing,2021-03-01,4728
Road Racing,Road_racing,2021-04-01,4683
Road Racing,Road_racing,2021-05-01,5455
Road Racing,Road_racing,2021-06-01,4456
Road Racing,Road_racing,2021-07-01,3965
Road Racing,Road_racing,2021-08-01,5087
Road Racing,Road_racing,2021-09-01,4675
Road Racing,Road_racing,2021-10-01,4096
Road Racing,Road_racing,2021-11-01,3936
Road Racing,Road_racing,2021-12-01,3344
Road Racing,Road_racing,2022-01-01,3378
Road Racing,Road_racing,2022-02-01,3212
Road Racing,Road_racing,2022-03-01,4246
Road Racing,Road_racing,2022-04-01,4144
Road Racing,Road_racing,2022-05-01,4662
Road Racing,Road_racing,2022-06-01,5225
Road Racing,Road_racing,2022-07-01,4572
Road Racing,Road_racing,2022-08-01,4437
Road Racing,Road_racing,2022-09-01,4508
Road Racing,Road_racing,2022-10-01,4145
Road Racing,Road_racing,2022-11-01,4774
Road Racing,Road_racing,2022-12-01,3028
Road Racing,Road_racing,2023-01-01,3218
Road Racing,Road_racing,2023-02-01,3269
Road Racing,Road_racing,2023-03-01,4666
Road Racing,Road_racing,2023-04-01,4072
Road Racing,Road_racing,2023-05-01,4677
Road Racing,Road_racing,2023-06-01,5181
Road Racing,Road_racing,2023-07-01,4505
Road Racing,Road_racing,2023-08-01,4215
Road Racing,Road_racing,2023-09-01,4166
Road Racing,Road_racing,2023-10-01,4402
Road Racing,Road_racing,2023-11-01,4510
Road Racing,Road_racing,2023-12-01,4018
Road Racing,Road_racing,2024-01-01,4533
Road Racing,Road_racing,2024-02-01,4511
Road Racing,Road_racing,2024-03-01,4814
Road Racing,Road_racing,2024-04-01,5070
Road Racing,Road_racing,2024-05-01,4981
Road Racing,Road_racing,2024-06-01,4794
Road Racing,Road_racing,2024-07-01,4247
Road Racing,Road_racing,2024-08-01,4040
Road Racing,Road_racing,2024-09-01,3972
Road Racing,Road_racing,2024-10-01,3917
Road Racing,Road_racing,2024-11-01,4200
Road Racing,Road_racing,2024-12-01,3430
Rock Climbing,Rock_climbing,2015-07-01,15379
Rock Climbing,Rock_climbing,2015-08-01,14394
Rock Climbing,Rock_climbing,2015-09-01,18442
Rock Climbing,Rock_climbing,2015-10-01,20149
Rock Climbing,Rock_climbing,2015-11-01,17920
Rock Climbing,Rock_climbing,2015-12-01,15772
Rock Climbing,Rock_climbing,2016-01-01,18650
Rock Climbing,Rock_climbing,2016-02-01,18477
Rock Climbing,Rock_climbing,2016-03-01,19563
Rock Climbing,Rock_climbing,2016-04-01,19304
Rock Climbing,Rock_climbing,2016-05-01,21165
Rock Climbing,Rock_climbing,2016-06-01,17889
Rock Climbing,Rock_climbing,2016-07-01,14659
Rock Climbing,Rock_climbing,2016-08-01,17274
Rock Climbing,Rock_climbing,2016-09-01,19912
Rock Climbing,Rock_climbing,2016-10-01,20413
Rock Climbing,Rock_climbing,2016-11-01,19867
Rock Climbing,Rock_climbing,2016-12-01,16767
Rock Climbing,Rock_climbing,2017-01-01,18306
Rock Climbing,Rock_climbing,2017-02-01,17790
Rock Climbing,Rock_climbing,2017-03-01,19528
Rock Climbing,Rock_climbing,2017-04-01,17268
Rock Climbing,Rock_climbing,2017-05-01,18089
Rock Climbing,Rock_climbing,2017-06-01,15843
Rock Climbing,Rock_climbing,2017-07-01,14811
Rock Climbing,Rock_climbing,2017-08-01,15121
Rock Climbing,Rock_climbing,2017-09-01,18055
Rock Climbing,Rock_climbing,2017-10-01,19834
Rock Climbing,Rock_climbing,2017-11-01,17865
Rock Climbing,Rock_climbing,2017-12-01,14261
Rock Climbing,Rock_climbing,2018-01-01,17061
Rock Climbing,Rock_climbing,2018-02-01,16288
Rock Climbing,Rock_climbing,2018-03-01,17642
Rock Climbing,Rock_climbing,2018-04-01,15526
Rock Climbing,Rock_climbing,2018-05-01,16501
Rock Climbing,Rock_climbing,2018-06-01,15086
Rock Climbing,Rock_climbing,2018-07-01,15066
Rock Climbing,Rock_climbing,2018-08-01,16005
Rock Climbing,Rock_climbing,2018-09-01,16472
Rock Climbing,Rock_climbing,2018-10-01,16998
Rock Climbing,Rock_climbing,2018-11-01,16790
Rock Climbing,Rock_climbing,2018-12-01,14437
Rock Climbing,Rock_climbing,2019-01-01,15394
Rock Climbing,Rock_climbing,2019-02-01,15071
Rock Climbing,Rock_climbing,2019-03-01,21572
Rock Climbing,Rock_climbing,2019-04-01,16254
Rock Climbing,Rock_climbing,2019-05-01,15819
Rock Climbing,Rock_climbing,2019-06-01,12549
Rock Climbing,Rock_climbing,2019-07-01,12824
Rock Climbing,Rock_climbing,2019-08-01,12652
Rock Climbing,Rock_climbing,2019-09-01,13991
Rock Climbing,Rock_climbing,2019-10-01,14610
Rock Climbing,Rock_climbing,2019-11-01,14861
Rock Climbing,Rock_climbing,2019-12-01,13995
Rock Climbing,Rock_climbing,2020-01-01,15511
Rock Climbing,Rock_climbing,2020-02-01,12876
Rock Climbing,Rock_climbing,2020-03-01,12083
Rock Climbing,Rock_climbing,2020-04-01,14120
Rock Climbing,Rock_climbing,2020-05-01,11375
Rock Climbing,Rock_climbing,2020-06-01,10137
Rock Climbing,Rock_climbing,2020-07-01,10328
Rock Climbing,Rock_climbing,2020-08-01,11279
Rock Climbing,Rock_climbing,2020-09-01,12457
Rock Climbing,Rock_climbing,2020-10-01,14108
Rock Climbing,Rock_climbing,2020-11-01,13642
Rock Climbing,Rock_climbing,2020-12-01,12983
Rock Climbing,Rock_climbing,2021-01-01,12166
Rock Climbing,Rock_climbing,2021-02-01,12733
Rock Climbing,Rock_climbing,2021-03-01,13578
Rock Climbing,Rock_climbing,2021-04-01,12713
Rock Climbing,Rock_climbing,2021-05-01,12994
Rock Climbing,Rock_climbing,2021-06-01,10460
Rock Climbing,Rock_climbing,2021-07-01,11639
Rock Climbing,Rock_climbing,2021-08-01,13339
Rock Climbing,Rock_climbing,2021-09-01,12464
Rock Climbing,Rock_climbing,2021-10-01,12944
Rock Climbing,Rock_climbing,2021-11-01,12691
Rock Climbing,Rock_climbing,2021-12-01,12171
Rock Climbing,Rock_climbing,2022-01-01,13870
Rock Climbing,Rock_climbing,2022-02-01,14133
Rock Climbing,Rock_climbing,2022-03-01,13304
Rock Climbing,Rock_climbing,2022-04-01,13162
Rock Climbing,Rock_climbing,2022-05-01,12714
Rock Climbing,Rock_climbing,2022-06-01,15209
Rock Climbing,Rock_climbing,2022-07-01,12885
Rock Climbing,Rock_climbing,2022-08-01,13663
Rock Climbing,Rock_climbing,2022-09-01,16077
Rock Climbing,Rock_climbing,2022-10-01,19011
Rock Climbing,Rock_climbing,2022-11-01,16890
Rock Climbing,Rock_climbing,2022-12-01,12276
Rock Climbing,Rock_climbing,2023-01-01,14959
Rock Climbing,Rock_climbing,2023-02-01,14909
Rock Climbing,Rock_climbing,2023-03-01,18713
Rock Climbing,Rock_climbing,2023-04-01,13758
Rock Climbing,Rock_climbing,2023-05-01,16909
Rock Climbing,Rock_climbing,2023-06-01,14624
Rock Climbing,Rock_climbing,2023-07-01,14005
Rock Climbing,Rock_climbing,2023-08-01,14919
Rock Climbing,Rock_climbing,2023-09-01,16429
Rock Climbing,Rock_climbing,2023-10-01,17353
Rock Climbing,Rock_climbing,2023-11-01,16438
Rock Climbing,Rock_climbing,2023-12-01,14440
Rock Climbing,Rock_climbing,2024-01-01,18724
Rock Climbing,Rock_climbing,2024-02-01,15144
Rock Climbing,Rock_climbing,2024-03-01,15505
Rock Climbing,Rock_climbing,2024-04-01,16203
Rock Climbing,Rock_climbing,2024-05-01,13348
Rock Climbing,Rock_climbing,2024-06-01,10342
Rock Climbing,Rock_climbing,2024-07-01,10463
Rock Climbing,Rock_climbing,2024-08-01,13066
Rock Climbing,Rock_climbing,2024-09-01,10933
Rock Climbing,Rock_climbing,2024-10-01,14585
Rock Climbing,Rock_climbing,2024-11-01,11831
Rock Climbing,Rock_climbing,2024-12-01,11148
Running,Running,2015-07-01,25167
Running,Running,2015-08-01,24474
Running,Running,2015-09-01,24606
Running,Running,2015-10-01,26179
Running,Running,2015-11-01,26878
Running,Running,2015-12-01,23468
Running,Running,2016-01-01,28265
Running,Running,2016-02-01,29047
Running,Running,2016-03-01,27788
Running,Running,2016-04-01,24934
Running,Running,2016-05-01,24302
Running,Running,2016-06-01,23464
Running,Running,2016-07-01,25051
Running,Running,2016-08-01,37215
Running,Running,2016-09-01,29972
Running,Running,2016-10-01,28618
Running,Running,2016-11-01,28302
Running,Running,2016-12-01,25404
Running,Running,2017-01-01,31071
Running,Running,2017-02-01,28857
Running,Running,2017-03-01,31864
Running,Running,2017-04-01,25115
Running,Running,2017-05-01,27492
Running,Running,2017-06-01,22652
Running,Running,2017-07-01,23902
Running,Running,2017-08-01,24723
Running,Running,2017-09-01,26258
Running,Running,2017-10-01,28478
Running,Running,2017-11-01,29225
Running,Running,2017-12-01,25114
Running,Running,2018-01-01,31519
Running,Running,2018-02-01,29830
Running,Running,2018-03-01,28141
Running,Running,2018-04-01,25312
Running,Running,2018-05-01,24908
Running,Running,2018-06-01,24632
Running,Running,2018-07-01,26182
Running,Running,2018-08-01,28364
Running,Running,2018-09-01,27934
Running,Running,2018-10-01,30189
Running,Running,2018-11-01,29079
Running,Running,2018-12-01,31296
Running,Running,2019-01-01,32574
Running,Running,2019-02-01,26963
Running,Running,2019-03-01,26557
Running,Running,2019-04-01,23162
Running,Running,2019-05-01,24300
Running,Running,2019-06-01,27091
Running,Running,2019-07-01,26106
Running,Running,2019-08-01,25996
Running,Running,2019-09-01,27791
Running,Running,2019-10-01,30656
Running,Running,2019-11-01,30492
Running,Running,2019-12-01,30134
Running,Running,2020-01-01,31468
Running,Running,2020-02-01,29514
Running,Running,2020-03-01,24450
Running,Running,2020-04-01,28495
Running,Running,2020-05-01,137052
Running,Running,2020-06-01,34525
Running,Running,2020-07-01,26916
Running,Running,2020-08-01,27185
Running,Running,2020-09-01,29213
Running,Running,2020-10-01,31477
Running,Running,2020-11-01,35416
Running,Running,2020-12-01,34736
Running,Running,2021-01-01,34260
Running,Running,2021-02-01,34100
Running,Running,2021-03-01,37969
Running,Running,2021-04-01,35625
Running,Running,2021-05-01,34022
Running,Running,2021-06-01,32297
Running,Running,2021-07-01,31059
Running,Running,2021-08-01,32853
Running,Running,2021-09-01,34926
Running,Running,2021-10-01,32784
Running,Running,2021-11-01,30888
Running,Running,2021-12-01,31957
Running,Running,2022-01-01,30020
Running,Running,2022-02-01,30653
Running,Running,2022-03-01,46419
Running,Running,2022-04-01,39761
Running,Running,2022-05-01,37764
Running,Running,2022-06-01,40759
Running,Running,2022-07-01,47524
Running,Running,2022-08-01,48022
Running,Running,2022-09-01,43232
Running,Running,2022-10-01,39040
Running,Running,2022-11-01,42888
Running,Running,2022-12-01,31154
Running,Running,2023-01-01,37933
Running,Running,2023-02-01,37582
Running,Running,2023-03-01,42292
Running,Running,2023-04-01,28600
Running,Running,2023-05-01,35649
Running,Running,2023-06-01,34317
Running,Running,2023-07-01,32997
Running,Running,2023-08-01,39546
Running,Running,2023-09-01,45412
Running,Running,2023-10-01,49312
Running,Running,2023-11-01,42502
Running,Running,2023-12-01,36598
Running,Running,2024-01-01,55085
Running,Running,2024-02-01,45903
Running,Running,2024-03-01,41938
Running,Running,2024-04-01,41012
Running,Running,2024-05-01,30133
Running,Running,2024-06-01,21657
Running,Running,2024-07-01,23238
Running,Running,2024-08-01,27026
Running,Running,2024-09-01,24793
Running,Running,2024-10-01,25426
Running,Running,2024-11-01,25261
Running,Running,2024-12-01,22745
SUP,Stand_up_paddleboarding,2015-07-01,10
SUP,Stand_up_paddleboarding,2015-08-01,13
SUP,Stand_up_paddleboarding,2015-09-01,8
SUP,Stand_up_paddleboarding,2015-10-01,13
SUP,Stand_up_paddleboarding,2015-11-01,8
SUP,Stand_up_paddleboarding,2015-12-01,7
SUP,Stand_up_paddleboarding,2016-01-01,9
SUP,Stand_up_paddleboarding,2016-02-01,9
SUP,Stand_up_paddleboarding,2016-03-01,11
SUP,Stand_up_paddleboarding,2016-04-01,11
SUP,Stand_up_paddleboarding,2016-05-01,12
SUP,Stand_up_paddleboarding,2016-06-01,7
SUP,Stand_up_paddleboarding,2016-07-01,12
SUP,Stand_up_paddleboarding,2016-08-01,11
SUP,Stand_up_paddleboarding,2016-09-01,6
SUP,Stand_up_paddleboarding,2016-10-01,2
SUP,Stand_up_paddleboarding,2016-11-01,6
SUP,Stand_up_paddleboarding,2016-12-01,6
SUP,Stand_up_paddleboarding,2017-01-01,6
SUP,Stand_up_paddleboarding,2017-02-01,9
SUP,Stand_up_paddleboarding,2017-03-01,12
SUP,Stand_up_paddleboarding,2017-04-01,11
SUP,Stand_up_paddleboarding,2017-05-01,19
SUP,Stand_up_paddleboarding,2017-06-01,6
SUP,Stand_up_paddleboarding,2017-07-01,10
SUP,Stand_up_paddleboarding,2017-08-01,4
SUP,Stand_up_paddleboarding,2017-09-01,5
SUP,Stand_up_paddleboarding,2017-10-01,4
SUP,Stand_up_paddleboarding,2017-11-01,6
SUP,Stand_up_paddleboarding,2017-12-01,3
SUP,Stand_up_paddleboarding,2018-01-01,9
SUP,Stand_up_paddleboarding,2018-02-01,7
SUP,Stand_up_paddleboarding,2018-03-01,7
SUP,Stand_up_paddleboarding,2018-04-01,7
SUP,Stand_up_paddleboarding,2018-05-01,9
SUP,Stand_up_paddleboarding,2018-06-01,5
SUP,Stand_up_paddleboarding,2018-07-01,10
SUP,Stand_up_paddleboarding,2018-08-01,5
SUP,Stand_up_paddleboarding,2018-09-01,12
SUP,Stand_up_paddleboarding,2018-10-01,9
SUP,Stand_up_paddleboarding,2018-11-01,5
SUP,Stand_up_paddleboarding,2018-12-01,13
SUP,Stand_up_paddleboarding,2019-01-01,107
SUP,Stand_up_paddleboarding,2019-02-01,170
SUP,Stand_up_paddleboarding,2019-03-01,181
SUP,Stand_up_paddleboarding,2019-04-01,195
SUP,Stand_up_paddleboarding,2019-05-01,240
SUP,Stand_up_paddleboarding,2019-06-01,352
SUP,Stand_up_paddleboarding,2019-07-01,502
SUP,Stand_up_paddleboarding,2019-08-01,462
SUP,Stand_up_paddleboarding,2019-09-01,264
SUP,Stand_up_paddleboarding,2019-10-01,177
SUP,Stand_up_paddleboarding,2019-11-01,126
SUP,Stand_up_paddleboarding,2019-12-01,100
SUP,Stand_up_paddleboarding,2020-01-01,162
SUP,Stand_up_paddleboarding,2020-02-01,136
SUP,Stand_up_paddleboarding,2020-03-01,126
SUP,Stand_up_paddleboarding,2020-04-01,187
SUP,Stand_up_paddleboarding,2020-05-01,285
SUP,Stand_up_paddleboarding,2020-06-01,317
SUP,Stand_up_paddleboarding,2020-07-01,435
SUP,Stand_up_paddleboarding,2020-08-01,617
SUP,Stand_up_paddleboarding,2020-09-01,319
SUP,Stand_up_paddleboarding,2020-10-01,167
SUP,Stand_up_paddleboarding,2020-11-01,113
SUP,Stand_up_paddleboarding,2020-12-01,125
SUP,Stand_up_paddleboarding,2021-01-01,160
SUP,Stand_up_paddleboarding,2021-02-01,131
SUP,Stand_up_paddleboarding,2021-03-01,212
SUP,Stand_up_paddleboarding,2021-04-01,237
SUP,Stand_up_paddleboarding,2021-05-01,266
SUP,Stand_up_paddleboarding,2021-06-01,435
SUP,Stand_up_paddleboarding,2021-07-01,556
SUP,Stand_up_paddleboarding,2021-08-01,549
SUP,Stand_up_paddleboarding,2021-09-01,357
SUP,Stand_up_paddleboarding,2021-10-01,214
SUP,Stand_up_paddleboarding,2021-11-01,155
SUP,Stand_up_paddleboarding,2021-12-01,163
SUP,Stand_up_paddleboarding,2022-01-01,142
SUP,Stand_up_paddleboarding,2022-02-01,121
SUP,Stand_up_paddleboarding,2022-03-01,141
SUP,Stand_up_paddleboarding,2022-04-01,171
SUP,Stand_up_paddleboarding,2022-05-01,239
SUP,Stand_up_paddleboarding,2022-06-01,271
SUP,Stand_up_paddleboarding,2022-07-01,447
SUP,Stand_up_paddleboarding,2022-08-01,495
SUP,Stand_up_paddleboarding,2022-09-01,229
SUP,Stand_up_paddleboarding,2022-10-01,116
SUP,Stand_up_paddleboarding,2022-11-01,90
SUP,Stand_up_paddleboarding,2022-12-01,142
SUP,Stand_up_paddleboarding,2023-01-01,135
SUP,Stand_up_paddleboarding,2023-02-01,105
SUP,Stand_up_paddleboarding,2023-03-01,140
SUP,Stand_up_paddleboarding,2023-04-01,139
SUP,Stand_up_paddleboarding,2023-05-01,185
SUP,Stand_up_paddleboarding,2023-06-01,226
SUP,Stand_up_paddleboarding,2023-07-01,20
SUP,Stand_up_paddleboarding,2023-08-01,27
SUP,Stand_up_paddleboarding,2023-09-01,23
SUP,Stand_up_paddleboarding,2023-10-01,18
SUP,Stand_up_paddleboarding,2023-11-01,19
SUP,Stand_up_paddleboarding,2023-12-01,23
SUP,Stand_up_paddleboarding,2024-01-01,21
SUP,Stand_up_paddleboarding,2024-02-01,26
SUP,Stand_up_paddleboarding,2024-03-01,21
SUP,Stand_up_paddleboarding,2024-04-01,29
SUP,Stand_up_paddleboarding,2024-05-01,38
SUP,Stand_up_paddleboarding,2024-06-01,33
SUP,Stand_up_paddleboarding,2024-07-01,35
SUP,Stand_up_paddleboarding,2024-08-01,32
SUP,Stand_up_paddleboarding,2024-09-01,29
SUP,Stand_up_paddleboarding,2024-10-01,32
SUP,Stand_up_paddleboarding,2024-11-01,18
SUP,Stand_up_paddleboarding,2024-12-01,30
Scuba Diving,Scuba_diving,2015-07-01,45152
Scuba Diving,Scuba_diving,2015-08-01,45461
Scuba Diving,Scuba_diving,2015-09-01,35965
Scuba Diving,Scuba_diving,2015-10-01,36655
Scuba Diving,Scuba_diving,2015-11-01,36544
Scuba Diving,Scuba_diving,2015-12-01,34489
Scuba Diving,Scuba_diving,2016-01-01,42088
Scuba Diving,Scuba_diving,2016-02-01,40373
Scuba Diving,Scuba_diving,2016-03-01,44382
Scuba Diving,Scuba_diving,2016-04-01,41218
Scuba Diving,Scuba_diving,2016-05-01,43526
Scuba Diving,Scuba_diving,2016-06-01,38259
Scuba Diving,Scuba_diving,2016-07-01,38885
Scuba Diving,Scuba_diving,2016-08-01,43034
Scuba Diving,Scuba_diving,2016-09-01,43191
Scuba Diving,Scuba_diving,2016-10-01,44769
Scuba Diving,Scuba_diving,2016-11-01,46286
Scuba Diving,Scuba_diving,2016-12-01,38612
Scuba Diving,Scuba_diving,2017-01-01,43654
Scuba Diving,Scuba_diving,2017-02-01,41152
Scuba Diving,Scuba_diving,2017-03-01,45750
Scuba Diving,Scuba_diving,2017-04-01,41457
Scuba Diving,Scuba_diving,2017-05-01,43051
Scuba Diving,Scuba_diving,2017-06-01,41818
Scuba Diving,Scuba_diving,2017-07-01,42034
Scuba Diving,Scuba_diving,2017-08-01,43369
Scuba Diving,Scuba_diving,2017-09-01,39033
Scuba Diving,Scuba_diving,2017-10-01,46549
Scuba Diving,Scuba_diving,2017-11-01,40505
Scuba Diving,Scuba_diving,2017-12-01,36482
Scuba Diving,Scuba_diving,2018-01-01,42439
Scuba Diving,Scuba_diving,2018-02-01,38192
Scuba Diving,Scuba_diving,2018-03-01,43849
Scuba Diving,Scuba_diving,2018-04-01,39560
Scuba Diving,Scuba_diving,2018-05-01,40423
Scuba Diving,Scuba_diving,2018-06-01,38197
Scuba Diving,Scuba_diving,2018-07-01,54637
Scuba Diving,Scuba_diving,2018-08-01,41277
Scuba Diving,Scuba_diving,2018-09-01,38630
Scuba Diving,Scuba_diving,2018-10-01,40069
Scuba Diving,Scuba_diving,2018-11-01,38547
Scuba Diving,Scuba_diving,2018-12-01,36149
Scuba Diving,Scuba_diving,2019-01-01,42625
Scuba Diving,Scuba_diving,2019-02-01,38736
Scuba Diving,Scuba_diving,2019-03-01,44363
Scuba Diving,Scuba_diving,2019-04-01,37692
Scuba Diving,Scuba_diving,2019-05-01,43450
Scuba Diving,Scuba_diving,2019-06-01,40333
Scuba Diving,Scuba_diving,2019-07-01,41602
Scuba Diving,Scuba_diving,2019-08-01,40852
Scuba Diving,Scuba_diving,2019-09-01,40904
Scuba Diving,Scuba_diving,2019-10-01,40577
Scuba Diving,Scuba_diving,2019-11-01,44571
Scuba Diving,Scuba_diving,2019-12-01,35036
Scuba Diving,Scuba_diving,2020-01-01,39349
Scuba Diving,Scuba_diving,2020-02-01,38480
Scuba Diving,Scuba_diving,2020-03-01,31840
Scuba Diving,Scuba_diving,2020-04-01,33736
Scuba Diving,Scuba_diving,2020-05-01,30623
Scuba Diving,Scuba_diving,2020-06-01,26903
Scuba Diving,Scuba_diving,2020-07-01,28585
Scuba Diving,Scuba_diving,2020-08-01,29517
Scuba Diving,Scuba_diving,2020-09-01,29932
Scuba Diving,Scuba_diving,2020-10-01,32602
Scuba Diving,Scuba_diving,2020-11-01,33734
Scuba Diving,Scuba_diving,2020-12-01,34762
Scuba Diving,Scuba_diving,2021-01-01,35422
Scuba Diving,Scuba_diving,2021-02-01,34577
Scuba Diving,Scuba_diving,2021-03-01,40195
Scuba Diving,Scuba_diving,2021-04-01,32594
Scuba Diving,Scuba_diving,2021-05-01,31008
Scuba Diving,Scuba_diving,2021-06-01,29332
Scuba Diving,Scuba_diving,2021-07-01,32098
Scuba Diving,Scuba_diving,2021-08-01,30899
Scuba Diving,Scuba_diving,2021-09-01,29438
Scuba Diving,Scuba_diving,2021-10-01,30842
Scuba Diving,Scuba_diving,2021-11-01,31093
Scuba Diving,Scuba_diving,2021-12-01,29651
Scuba Diving,Scuba_diving,2022-01-01,31208
Scuba Diving,Scuba_diving,2022-02-01,30549
Scuba Diving,Scuba_diving,2022-03-01,35562
Scuba Diving,Scuba_diving,2022-04-01,35119
Scuba Diving,Scuba_diving,2022-05-01,31820
Scuba Diving,Scuba_diving,2022-06-01,28442
Scuba Diving,Scuba_diving,2022-07-01,33558
Scuba Diving,Scuba_diving,2022-08-01,39443
Scuba Diving,Scuba_diving,2022-09-01,46994
Scuba Diving,Scuba_diving,2022-10-01,42717
Scuba Diving,Scuba_diving,2022-11-01,47970
Scuba Diving,Scuba_diving,2022-12-01,32897
Scuba Diving,Scuba_diving,2023-01-01,40167
Scuba Diving,Scuba_diving,2023-02-01,41389
Scuba Diving,Scuba_diving,2023-03-01,56219
Scuba Diving,Scuba_diving,2023-04-01,43779
Scuba Diving,Scuba_diving,2023-05-01,53452
Scuba Diving,Scuba_diving,2023-06-01,58692
Scuba Diving,Scuba_diving,2023-07-01,57256
Scuba Diving,Scuba_diving,2023-08-01,51828
Scuba Diving,Scuba_diving,2023-09-01,50806
Scuba Diving,Scuba_diving,2023-10-01,56456
Scuba Diving,Scuba_diving,2023-11-01,49135
Scuba Diving,Scuba_diving,2023-12-01,50659
Scuba Diving,Scuba_diving,2024-01-01,70761
Scuba Diving,Scuba_diving,2024-02-01,54174
Scuba Diving,Scuba_diving,2024-03-01,55104
Scuba Diving,Scuba_diving,2024-04-01,52992
Scuba Diving,Scuba_diving,2024-05-01,40938
Scuba Diving,Scuba_diving,2024-06-01,30709
Scuba Diving,Scuba_diving,2024-07-01,32167
Scuba Diving,Scuba_diving,2024-08-01,31221
Scuba Diving,Scuba_diving,2024-09-01,31179
Scuba Diving,Scuba_diving,2024-10-01,31017
Scuba Diving,Scuba_diving,2024-11-01,29853
Scuba Diving,Scuba_diving,2024-12-01,29081
Skateboarding,Skateboarding,2015-07-01,28271
Skateboarding,Skateboarding,2015-08-01,29077
Skateboarding,Skateboarding,2015-09-01,34002
Skateboarding,Skateboarding,2015-10-01,38806
Skateboarding,Skateboarding,2015-11-01,33140
Skateboarding,Skateboarding,2015-12-01,27813
Skateboarding,Skateboarding,2016-01-01,31205
Skateboarding,Skateboarding,2016-02-01,32120
Skateboarding,Skateboarding,2016-03-01,35453
Skateboarding,Skateboarding,2016-04-01,35281
Skateboarding,Skateboarding,2016-05-01,39431
Skateboarding,Skateboarding,2016-06-01,32182
Skateboarding,Skateboarding,2016-07-01,29433
Skateboarding,Skateboarding,2016-08-01,47463
Skateboarding,Skateboarding,2016-09-01,33981
Skateboarding,Skateboarding,2016-10-01,34644
Skateboarding,Skateboarding,2016-11-01,31838
Skateboarding,Skateboarding,2016-12-01,29158
Skateboarding,Skateboarding,2017-01-01,32380
Skateboarding,Skateboarding,2017-02-01,33696
Skateboarding,Skateboarding,2017-03-01,40272
Skateboarding,Skateboarding,2017-04-01,35503
Skateboarding,Skateboarding,2017-05-01,36719
Skateboarding,Skateboarding,2017-06-01,32415
Skateboarding,Skateboarding,2017-07-01,25356
Skateboarding,Skateboarding,2017-08-01,25748
Skateboarding,Skateboarding,2017-09-01,31502
Skateboarding,Skateboarding,2017-10-01,34476
Skateboarding,Skateboarding,2017-11-01,30713
Skateboarding,Skateboarding,2017-12-01,28177
Skateboarding,Skateboarding,2018-01-01,31080
Skateboarding,Skateboarding,2018-02-01,41609
Skateboarding,Skateboarding,2018-03-01,30229
Skateboarding,Skateboarding,2018-04-01,28690
Skateboarding,Skateboarding,2018-05-01,29489
Skateboarding,Skateboarding,2018-06-01,26234
Skateboarding,Skateboarding,2018-07-01,26584
Skateboarding,Skateboarding,2018-08-01,26549
Skateboarding,Skateboarding,2018-09-01,27582
Skateboarding,Skateboarding,2018-10-01,29360
Skateboarding,Skateboarding,2018-11-01,27628
Skateboarding,Skateboarding,2018-12-01,26382
Skateboarding,Skateboarding,2019-01-01,27537
Skateboarding,Skateboarding,2019-02-01,26264
Skateboarding,Skateboarding,2019-03-01,28556
Skateboarding,Skateboarding,2019-04-01,29332
Skateboarding,Skateboarding,2019-05-01,31136
Skateboarding,Skateboarding,2019-06-01,24779
Skateboarding,Skateboarding,2019-07-01,25167
Skateboarding,Skateboarding,2019-08-01,26610
Skateboarding,Skateboarding,2019-09-01,29870
Skateboarding,Skateboarding,2019-10-01,31685
Skateboarding,Skateboarding,2019-11-01,29437
Skateboarding,Skateboarding,2019-12-01,26905
Skateboarding,Skateboarding,2020-01-01,27420
Skateboarding,Skateboarding,2020-02-01,27471
Skateboarding,Skateboarding,2020-03-01,27751
Skateboarding,Skateboarding,2020-04-01,29419
Skateboarding,Skateboarding,2020-05-01,36102
Skateboarding,Skateboarding,2020-06-01,26475
Skateboarding,Skateboarding,2020-07-01,24883
Skateboarding,Skateboarding,2020-08-01,26125
Skateboarding,Skateboarding,2020-09-01,33158
Skateboarding,Skateboarding,2020-10-01,28974
Skateboarding,Skateboarding,2020-11-01,28890
Skateboarding,Skateboarding,2020-12-01,25364
Skateboarding,Skateboarding,2021-01-01,27222
Skateboarding,Skateboarding,2021-02-01,25513
Skateboarding,Skateboarding,2021-03-01,32293
Skateboarding,Skateboarding,2021-04-01,30470
Skateboarding,Skateboarding,2021-05-01,31705
Skateboarding,Skateboarding,2021-06-01,24434
Skateboarding,Skateboarding,2021-07-01,57494
Skateboarding,Skateboarding,2021-08-01,44521
Skateboarding,Skateboarding,2021-09-01,24529
Skateboarding,Skateboarding,2021-10-01,42637
Skateboarding,Skateboarding,2021-11-01,21498
Skateboarding,Skateboarding,2021-12-01,20521
Skateboarding,Skateboarding,2022-01-01,26180
Skateboarding,Skateboarding,2022-02-01,30488
Skateboarding,Skateboarding,2022-03-01,25378
Skateboarding,Skateboarding,2022-04-01,27334
Skateboarding,Skateboarding,2022-05-01,24762
Skateboarding,Skateboarding,2022-06-01,22552
Skateboarding,Skateboarding,2022-07-01,20984
Skateboarding,Skateboarding,2022-08-01,24209
Skateboarding,Skateboarding,2022-09-01,31089
Skateboarding,Skateboarding,2022-10-01,56391
Skateboarding,Skateboarding,2022-11-01,25774
Skateboarding,Skateboarding,2022-12-01,18876
Skateboarding,Skateboarding,2023-01-01,22867
Skateboarding,Skateboarding,2023-02-01,20946
Skateboarding,Skateboarding,2023-03-01,26063
Skateboarding,Skateboarding,2023-04-01,22975
Skateboarding,Skateboarding,2023-05-01,27387
Skateboarding,Skateboarding,2023-06-01,24978
Skateboarding,Skateboarding,2023-07-01,24303
Skateboarding,Skateboarding,2023-08-01,29594
Skateboarding,Skateboarding,2023-09-01,25764
Skateboarding,Skateboarding,2023-10-01,27571
Skateboarding,Skateboarding,2023-11-01,24663
Skateboarding,Skateboarding,2023-12-01,25032
Skateboarding,Skateboarding,2024-01-01,38217
Skateboarding,Skateboarding,2024-02-01,25490
Skateboarding,Skateboarding,2024-03-01,26655
Skateboarding,Skateboarding,2024-04-01,31088
Skateboarding,Skateboarding,2024-05-01,24853
Skateboarding,Skateboarding,2024-06-01,20677
Skateboarding,Skateboarding,2024-07-01,37807
Skateboarding,Skateboarding,2024-08-01,36836
Skateboarding,Skateboarding,2024-09-01,20323
Skateboarding,Skateboarding,2024-10-01,28323
Skateboarding,Skateboarding,2024-11-01,18139
Skateboarding,Skateboarding,2024-12-01,17033
Skydiving,Skydiving,2015-07-01,3121
Skydiving,Skydiving,2015-08-01,3237
Skydiving,Skydiving,2015-09-01,3555
Skydiving,Skydiving,2015-10-01,3443
Skydiving,Skydiving,2015-11-01,3220
Skydiving,Skydiving,2015-12-01,2932
Skydiving,Skydiving,2016-01-01,3733
Skydiving,Skydiving,2016-02-01,3166
Skydiving,Skydiving,2016-03-01,3506
Skydiving,Skydiving,2016-04-01,3432
Skydiving,Skydiving,2016-05-01,3416
Skydiving,Skydiving,2016-06-01,3175
Skydiving,Skydiving,2016-07-01,3078
Skydiving,Skydiving,2016-08-01,3973
Skydiving,Skydiving,2016-09-01,3294
Skydiving,Skydiving,2016-10-01,3328
Skydiving,Skydiving,2016-11-01,3171
Skydiving,Skydiving,2016-12-01,2810
Skydiving,Skydiving,2017-01-01,3402
Skydiving,Skydiving,2017-02-01,2983
Skydiving,Skydiving,2017-03-01,3220
Skydiving,Skydiving,2017-04-01,2928
Skydiving,Skydiving,2017-05-01,2823
Skydiving,Skydiving,2017-06-01,2584
Skydiving,Skydiving,2017-07-01,2404
Skydiving,Skydiving,2017-08-01,2544
Skydiving,Skydiving,2017-09-01,2767
Skydiving,Skydiving,2017-10-01,2747
Skydiving,Skydiving,2017-11-01,2754
Skydiving,Skydiving,2017-12-01,2304
Skydiving,Skydiving,2018-01-01,2611
Skydiving,Skydiving,2018-02-01,2476
Skydiving,Skydiving,2018-03-01,2418
Skydiving,Skydiving,2018-04-01,2317
Skydiving,Skydiving,2018-05-01,2250
Skydiving,Skydiving,2018-06-01,2223
Skydiving,Skydiving,2018-07-01,2541
Skydiving,Skydiving,2018-08-01,2549
Skydiving,Skydiving,2018-09-01,2297
Skydiving,Skydiving,2018-10-01,2300
Skydiving,Skydiving,2018-11-01,2135
Skydiving,Skydiving,2018-12-01,2194
Skydiving,Skydiving,2019-01-01,2219
Skydiving,Skydiving,2019-02-01,2014
Skydiving,Skydiving,2019-03-01,2109
Skydiving,Skydiving,2019-04-01,2031
Skydiving,Skydiving,2019-05-01,2192
Skydiving,Skydiving,2019-06-01,1986
Skydiving,Skydiving,2019-07-01,2264
Skydiving,Skydiving,2019-08-01,2482
Skydiving,Skydiving,2019-09-01,2410
Skydiving,Skydiving,2019-10-01,2252
Skydiving,Skydiving,2019-11-01,2284
Skydiving,Skydiving,2019-12-01,2205
Skydiving,Skydiving,2020-01-01,2490
Skydiving,Skydiving,2020-02-01,2056
Skydiving,Skydiving,2020-03-01,1854
Skydiving,Skydiving,2020-04-01,2048
Skydiving,Skydiving,2020-05-01,2107
Skydiving,Skydiving,2020-06-01,1873
Skydiving,Skydiving,2020-07-01,1729
Skydiving,Skydiving,2020-08-01,1765
Skydiving,Skydiving,2020-09-01,1835
Skydiving,Skydiving,2020-10-01,1826
Skydiving,Skydiving,2020-11-01,2012
Skydiving,Skydiving,2020-12-01,1812
Skydiving,Skydiving,2021-01-01,2012
Skydiving,Skydiving,2021-02-01,1834
Skydiving,Skydiving,2021-03-01,1987
Skydiving,Skydiving,2021-04-01,1995
Skydiving,Skydiving,2021-05-01,1853
Skydiving,Skydiving,2021-06-01,1881
Skydiving,Skydiving,2021-07-01,1914
Skydiving,Skydiving,2021-08-01,1551
Skydiving,Skydiving,2021-09-01,1469
Skydiving,Skydiving,2021-10-01,1357
Skydiving,Skydiving,2021-11-01,1386
Skydiving,Skydiving,2021-12-01,1563
Skydiving,Skydiving,2022-01-01,1690
Skydiving,Skydiving,2022-02-01,1766
Skydiving,Skydiving,2022-03-01,1726
Skydiving,Skydiving,2022-04-01,1794
Skydiving,Skydiving,2022-05-01,2007
Skydiving,Skydiving,2022-06-01,1683
Skydiving,Skydiving,2022-07-01,1887
Skydiving,Skydiving,2022-08-01,1836
Skydiving,Skydiving,2022-09-01,1502
Skydiving,Skydiving,2022-10-01,1477
Skydiving,Skydiving,2022-11-01,1605
Skydiving,Skydiving,2022-12-01,1489
Skydiving,Skydiving,2023-01-01,1599
Skydiving,Skydiving,2023-02-01,1381
Skydiving,Skydiving,2023-03-01,2115
Skydiving,Skydiving,2023-04-01,1465
Skydiving,Skydiving,2023-05-01,1723
Skydiving,Skydiving,2023-06-01,1634
Skydiving,Skydiving,2023-07-01,1609
Skydiving,Skydiving,2023-08-01,1420
Skydiving,Skydiving,2023-09-01,1428
Skydiving,Skydiving,2023-10-01,1533
Skydiving,Skydiving,2023-11-01,1429
Skydiving,Skydiving,2023-12-01,1554
Skydiving,Skydiving,2024-01-01,1648
Skydiving,Skydiving,2024-02-01,1642
Skydiving,Skydiving,2024-03-01,1727
Skydiving,Skydiving,2024-04-01,1602
Skydiving,Skydiving,2024-05-01,1475
Skydiving,Skydiving,2024-06-01,1613
Skydiving,Skydiving,2024-07-01,1463
Skydiving,Skydiving,2024-08-01,1552
Skydiving,Skydiving,2024-09-01,1481
Skydiving,Skydiving,2024-10-01,1805
Skydiving,Skydiving,2024-11-01,1627
Skydiving,Skydiving,2024-12-01,1519
Slacklining,Slacklining,2015-07-01,15876
Slacklining,Slacklining,2015-08-01,16322
Slacklining,Slacklining,2015-09-01,16321
Slacklining,Slacklining,2015-10-01,17559
Slacklining,Slacklining,2015-11-01,12185
Slacklining,Slacklining,2015-12-01,12486
Slacklining,Slacklining,2016-01-01,13439
Slacklining,Slacklining,2016-02-01,11151
Slacklining,Slacklining,2016-03-01,12127
Slacklining,Slacklining,2016-04-01,13656
Slacklining,Slacklining,2016-05-01,14867
Slacklining,Slacklining,2016-06-01,14571
Slacklining,Slacklining,2016-07-01,14425
Slacklining,Slacklining,2016-08-01,12923
Slacklining,Slacklining,2016-09-01,15935
Slacklining,Slacklining,2016-10-01,11075
Slacklining,Slacklining,2016-11-01,9745
Slacklining,Slacklining,2016-12-01,9982
Slacklining,Slacklining,2017-01-01,28005
Slacklining,Slacklining,2017-02-01,11851
Slacklining,Slacklining,2017-03-01,14082
Slacklining,Slacklining,2017-04-01,14908
Slacklining,Slacklining,2017-05-01,15673
Slacklining,Slacklining,2017-06-01,18177
Slacklining,Slacklining,2017-07-01,13219
Slacklining,Slacklining,2017-08-01,12850
Slacklining,Slacklining,2017-09-01,11692
Slacklining,Slacklining,2017-10-01,11512
Slacklining,Slacklining,2017-11-01,9421
Slacklining,Slacklining,2017-12-01,8150
Slacklining,Slacklining,2018-01-01,8832
Slacklining,Slacklining,2018-02-01,8735
Slacklining,Slacklining,2018-03-01,9953
Slacklining,Slacklining,2018-04-01,9980
Slacklining,Slacklining,2018-05-01,11718
Slacklining,Slacklining,2018-06-01,10818
Slacklining,Slacklining,2018-07-01,10018
Slacklining,Slacklining,2018-08-01,14688
Slacklining,Slacklining,2018-09-01,9598
Slacklining,Slacklining,2018-10-01,9333
Slacklining,Slacklining,2018-11-01,8165
Slacklining,Slacklining,2018-12-01,7201
Slacklining,Slacklining,2019-01-01,8962
Slacklining,Slacklining,2019-02-01,7749
Slacklining,Slacklining,2019-03-01,10467
Slacklining,Slacklining,2019-04-01,9837
Slacklining,Slacklining,2019-05-01,10669
Slacklining,Slacklining,2019-06-01,8977
Slacklining,Slacklining,2019-07-01,13030
Slacklining,Slacklining,2019-08-01,11163
Slacklining,Slacklining,2019-09-01,9305
Slacklining,Slacklining,2019-10-01,6954
Slacklining,Slacklining,2019-11-01,7115
Slacklining,Slacklining,2019-12-01,7369
Slacklining,Slacklining,2020-01-01,7070
Slacklining,Slacklining,2020-02-01,6624
Slacklining,Slacklining,2020-03-01,7993
Slacklining,Slacklining,2020-04-01,9539
Slacklining,Slacklining,2020-05-01,8904
Slacklining,Slacklining,2020-06-01,8885
Slacklining,Slacklining,2020-07-01,8905
Slacklining,Slacklining,2020-08-01,7616
Slacklining,Slacklining,2020-09-01,8900
Slacklining,Slacklining,2020-10-01,7952
Slacklining,Slacklining,2020-11-01,7482
Slacklining,Slacklining,2020-12-01,7952
Slacklining,Slacklining,2021-01-01,7231
Slacklining,Slacklining,2021-02-01,11195
Slacklining,Slacklining,2021-03-01,8435
Slacklining,Slacklining,2021-04-01,9001
Slacklining,Slacklining,2021-05-01,9501
Slacklining,Slacklining,2021-06-01,8428
Slacklining,Slacklining,2021-07-01,7813
Slacklining,Slacklining,2021-08-01,7108
Slacklining,Slacklining,2021-09-01,8271
Slacklining,Slacklining,2021-10-01,6549
Slacklining,Slacklining,2021-11-01,5583
Slacklining,Slacklining,2021-12-01,5516
Slacklining,Slacklining,2022-01-01,6404
Slacklining,Slacklining,2022-02-01,6141
Slacklining,Slacklining,2022-03-01,6444
Slacklining,Slacklining,2022-04-01,5925
Slacklining,Slacklining,2022-05-01,6046
Slacklining,Slacklining,2022-06-01,5778
Slacklining,Slacklining,2022-07-01,7230
Slacklining,Slacklining,2022-08-01,13119
Slacklining,Slacklining,2022-09-01,6734
Slacklining,Slacklining,2022-10-01,6841
Slacklining,Slacklining,2022-11-01,6907
Slacklining,Slacklining,2022-12-01,4973
Slacklining,Slacklining,2023-01-01,5395
Slacklining,Slacklining,2023-02-01,5237
Slacklining,Slacklining,2023-03-01,7286
Slacklining,Slacklining,2023-04-01,6553
Slacklining,Slacklining,2023-05-01,7536
Slacklining,Slacklining,2023-06-01,7964
Slacklining,Slacklining,2023-07-01,10084
Slacklining,Slacklining,2023-08-01,9537
Slacklining,Slacklining,2023-09-01,9390
Slacklining,Slacklining,2023-10-01,8454
Slacklining,Slacklining,2023-11-01,7858
Slacklining,Slacklining,2023-12-01,7290
Slacklining,Slacklining,2024-01-01,8366
Slacklining,Slacklining,2024-02-01,6550
Slacklining,Slacklining,2024-03-01,7177
Slacklining,Slacklining,2024-04-01,7442
Slacklining,Slacklining,2024-05-01,6711
Slacklining,Slacklining,2024-06-01,5525
Slacklining,Slacklining,2024-07-01,7688
Slacklining,Slacklining,2024-08-01,6653
Slacklining,Slacklining,2024-09-01,6099
Slacklining,Slacklining,2024-10-01,5601
Slacklining,Slacklining,2024-11-01,5194
Slacklining,Slacklining,2024-12-01,4992
Snowboarding,Snowboarding,2015-07-01,15843
Snowboarding,Snowboarding,2015-08-01,15584
Snowboarding,Snowboarding,2015-09-01,18119
Snowboarding,Snowboarding,2015-10-01,21360
Snowboarding,Snowboarding,2015-11-01,20934
Snowboarding,Snowboarding,2015-12-01,22049
Snowboarding,Snowboarding,2016-01-01,30712
Snowboarding,Snowboarding,2016-02-01,28352
Snowboarding,Snowboarding,2016-03-01,22639
Snowboarding,Snowboarding,2016-04-01,18414
Snowboarding,Snowboarding,2016-05-01,16912
Snowboarding,Snowboarding,2016-06-01,13303
Snowboarding,Snowboarding,2016-07-01,13384
Snowboarding,Snowboarding,2016-08-01,21432
Snowboarding,Snowboarding,2016-09-01,21064
Snowboarding,Snowboarding,2016-10-01,23094
Snowboarding,Snowboarding,2016-11-01,23722
Snowboarding,Snowboarding,2016-12-01,25140
Snowboarding,Snowboarding,2017-01-01,32218
Snowboarding,Snowboarding,2017-02-01,27124
Snowboarding,Snowboarding,2017-03-01,25179
Snowboarding,Snowboarding,2017-04-01,16802
Snowboarding,Snowboarding,2017-05-01,16780
Snowboarding,Snowboarding,2017-06-01,13030
Snowboarding,Snowboarding,2017-07-01,11810
Snowboarding,Snowboarding,2017-08-01,13175
Snowboarding,Snowboarding,2017-09-01,15082
Snowboarding,Snowboarding,2017-10-01,18989
Snowboarding,Snowboarding,2017-11-01,21764
Snowboarding,Snowboarding,2017-12-01,25416
Snowboarding,Snowboarding,2018-01-01,41720
Snowboarding,Snowboarding,2018-02-01,203143
Snowboarding,Snowboarding,2018-03-01,39682
Snowboarding,Snowboarding,2018-04-01,16821
Snowboarding,Snowboarding,2018-05-01,14590
Snowboarding,Snowboarding,2018-06-01,11462
Snowboarding,Snowboarding,2018-07-01,12997
Snowboarding,Snowboarding,2018-08-01,13271
Snowboarding,Snowboarding,2018-09-01,15356
Snowboarding,Snowboarding,2018-10-01,16213
Snowboarding,Snowboarding,2018-11-01,17896
Snowboarding,Snowboarding,2018-12-01,22431
Snowboarding,Snowboarding,2019-01-01,26373
Snowboarding,Snowboarding,2019-02-01,21904
Snowboarding,Snowboarding,2019-03-01,17680
Snowboarding,Snowboarding,2019-04-01,13619
Snowboarding,Snowboarding,2019-05-01,11666
Snowboarding,Snowboarding,2019-06-01,9612
Snowboarding,Snowboarding,2019-07-01,10196
Snowboarding,Snowboarding,2019-08-01,11338
Snowboarding,Snowboarding,2019-09-01,12111
Snowboarding,Snowboarding,2019-10-01,15349
Snowboarding,Snowboarding,2019-11-01,21301
Snowboarding,Snowboarding,2019-12-01,19102
Snowboarding,Snowboarding,2020-01-01,23443
Snowboarding,Snowboarding,2020-02-01,18655
Snowboarding,Snowboarding,2020-03-01,14399
Snowboarding,Snowboarding,2020-04-01,13735
Snowboarding,Snowboarding,2020-05-01,12052
Snowboarding,Snowboarding,2020-06-01,9495
Snowboarding,Snowboarding,2020-07-01,9637
Snowboarding,Snowboarding,2020-08-01,9632
Snowboarding,Snowboarding,2020-09-01,11643
Snowboarding,Snowboarding,2020-10-01,13688
Snowboarding,Snowboarding,2020-11-01,14712
Snowboarding,Snowboarding,2020-12-01,17702
Snowboarding,Snowboarding,2021-01-01,22680
Snowboarding,Snowboarding,2021-02-01,20154
Snowboarding,Snowboarding,2021-03-01,16974
Snowboarding,Snowboarding,2021-04-01,11960
Snowboarding,Snowboarding,2021-05-01,10075
Snowboarding,Snowboarding,2021-06-01,9029
Snowboarding,Snowboarding,2021-07-01,12164
Snowboarding,Snowboarding,2021-08-01,13792
Snowboarding,Snowboarding,2021-09-01,10482
Snowboarding,Snowboarding,2021-10-01,12752
Snowboarding,Snowboarding,2021-11-01,13585
Snowboarding,Snowboarding,2021-12-01,16864
Snowboarding,Snowboarding,2022-01-01,27439
Snowboarding,Snowboarding,2022-02-01,86694
Snowboarding,Snowboarding,2022-03-01,20808
Snowboarding,Snowboarding,2022-04-01,13073
Snowboarding,Snowboarding,2022-05-01,11415
Snowboarding,Snowboarding,2022-06-01,9817
Snowboarding,Snowboarding,2022-07-01,10017
Snowboarding,Snowboarding,2022-08-01,12290
Snowboarding,Snowboarding,2022-09-01,17515
Snowboarding,Snowboarding,2022-10-01,30958
Snowboarding,Snowboarding,2022-11-01,21297
Snowboarding,Snowboarding,2022-12-01,22777
Snowboarding,Snowboarding,2023-01-01,30416
Snowboarding,Snowboarding,2023-02-01,24569
Snowboarding,Snowboarding,2023-03-01,22198
Snowboarding,Snowboarding,2023-04-01,15526
Snowboarding,Snowboarding,2023-05-01,15769
Snowboarding,Snowboarding,2023-06-01,13930
Snowboarding,Snowboarding,2023-07-01,14378
Snowboarding,Snowboarding,2023-08-01,17104
Snowboarding,Snowboarding,2023-09-01,19132
Snowboarding,Snowboarding,2023-10-01,23588
Snowboarding,Snowboarding,2023-11-01,22610
Snowboarding,Snowboarding,2023-12-01,30218
Snowboarding,Snowboarding,2024-01-01,42044
Snowboarding,Snowboarding,2024-02-01,27471
Snowboarding,Snowboarding,2024-03-01,20618
Snowboarding,Snowboarding,2024-04-01,17121
Snowboarding,Snowboarding,2024-05-01,12356
Snowboarding,Snowboarding,2024-06-01,9325
Snowboarding,Snowboarding,2024-07-01,12376
Snowboarding,Snowboarding,2024-08-01,14901
Snowboarding,Snowboarding,2024-09-01,10432
Snowboarding,Snowboarding,2024-10-01,12363
Snowboarding,Snowboarding,2024-11-01,14409
Snowboarding,Snowboarding,2024-12-01,17870
Spearfishing,Spearfishing,2015-07-01,8182
Spearfishing,Spearfishing,2015-08-01,7368
Spearfishing,Spearfishing,2015-09-01,6894
Spearfishing,Spearfishing,2015-10-01,7381
Spearfishing,Spearfishing,2015-11-01,6529
Spearfishing,Spearfishing,2015-12-01,5992
Spearfishing,Spearfishing,2016-01-01,7188
Spearfishing,Spearfishing,2016-02-01,7408
Spearfishing,Spearfishing,2016-03-01,6689
Spearfishing,Spearfishing,2016-04-01,7198
Spearfishing,Spearfishing,2016-05-01,6955
Spearfishing,Spearfishing,2016-06-01,6870
Spearfishing,Spearfishing,2016-07-01,6335
Spearfishing,Spearfishing,2016-08-01,6404
Spearfishing,Spearfishing,2016-09-01,6555
Spearfishing,Spearfishing,2016-10-01,6553
Spearfishing,Spearfishing,2016-11-01,6185
Spearfishing,Spearfishing,2016-12-01,5821
Spearfishing,Spearfishing,2017-01-01,7179
Spearfishing,Spearfishing,2017-02-01,6207
Spearfishing,Spearfishing,2017-03-01,7647
Spearfishing,Spearfishing,2017-04-01,6143
Spearfishing,Spearfishing,2017-05-01,7258
Spearfishing,Spearfishing,2017-06-01,7472
Spearfishing,Spearfishing,2017-07-01,6729
Spearfishing,Spearfishing,2017-08-01,7274
Spearfishing,Spearfishing,2017-09-01,5931
Spearfishing,Spearfishing,2017-10-01,6479
Spearfishing,Spearfishing,2017-11-01,5897
Spearfishing,Spearfishing,2017-12-01,6517
Spearfishing,Spearfishing,2018-01-01,6762
Spearfishing,Spearfishing,2018-02-01,5434
Spearfishing,Spearfishing,2018-03-01,6101
Spearfishing,Spearfishing,2018-04-01,5864
Spearfishing,Spearfishing,2018-05-01,6301
Spearfishing,Spearfishing,2018-06-01,6354
Spearfishing,Spearfishing,2018-07-01,7935
Spearfishing,Spearfishing,2018-08-01,8422
Spearfishing,Spearfishing,2018-09-01,6796
Spearfishing,Spearfishing,2018-10-01,5999
Spearfishing,Spearfishing,2018-11-01,5470
Spearfishing,Spearfishing,2018-12-01,5206
Spearfishing,Spearfishing,2019-01-01,5902
Spearfishing,Spearfishing,2019-02-01,5174
Spearfishing,Spearfishing,2019-03-01,5809
Spearfishing,Spearfishing,2019-04-01,6704
Spearfishing,Spearfishing,2019-05-01,6433
Spearfishing,Spearfishing,2019-06-01,5858
Spearfishing,Spearfishing,2019-07-01,6916
Spearfishing,Spearfishing,2019-08-01,6299
Spearfishing,Spearfishing,2019-09-01,6402
Spearfishing,Spearfishing,2019-10-01,6828
Spearfishing,Spearfishing,2019-11-01,6989
Spearfishing,Spearfishing,2019-12-01,6569
Spearfishing,Spearfishing,2020-01-01,6757
Spearfishing,Spearfishing,2020-02-01,6010
Spearfishing,Spearfishing,2020-03-01,5769
Spearfishing,Spearfishing,2020-04-01,7335
Spearfishing,Spearfishing,2020-05-01,7114
Spearfishing,Spearfishing,2020-06-01,6310
Spearfishing,Spearfishing,2020-07-01,14435
Spearfishing,Spearfishing,2020-08-01,6953
Spearfishing,Spearfishing,2020-09-01,6200
Spearfishing,Spearfishing,2020-10-01,6203
Spearfishing,Spearfishing,2020-11-01,5955
Spearfishing,Spearfishing,2020-12-01,5860
Spearfishing,Spearfishing,2021-01-01,6042
Spearfishing,Spearfishing,2021-02-01,5730
Spearfishing,Spearfishing,2021-03-01,6600
Spearfishing,Spearfishing,2021-04-01,6844
Spearfishing,Spearfishing,2021-05-01,6724
Spearfishing,Spearfishing,2021-06-01,6931
Spearfishing,Spearfishing,2021-07-01,7928
Spearfishing,Spearfishing,2021-08-01,7419
Spearfishing,Spearfishing,2021-09-01,6393
Spearfishing,Spearfishing,2021-10-01,8933
Spearfishing,Spearfishing,2021-11-01,6068
Spearfishing,Spearfishing,2021-12-01,5870
Spearfishing,Spearfishing,2022-01-01,5866
Spearfishing,Spearfishing,2022-02-01,6407
Spearfishing,Spearfishing,2022-03-01,6354
Spearfishing,Spearfishing,2022-04-01,6118
Spearfishing,Spearfishing,2022-05-01,6706
Spearfishing,Spearfishing,2022-06-01,7024
Spearfishing,Spearfishing,2022-07-01,7408
Spearfishing,Spearfishing,2022-08-01,8675
Spearfishing,Spearfishing,2022-09-01,8030
Spearfishing,Spearfishing,2022-10-01,7521
Spearfishing,Spearfishing,2022-11-01,7734
Spearfishing,Spearfishing,2022-12-01,5804
Spearfishing,Spearfishing,2023-01-01,6978
Spearfishing,Spearfishing,2023-02-01,6949
Spearfishing,Spearfishing,2023-03-01,15848
Spearfishing,Spearfishing,2023-04-01,9088
Spearfishing,Spearfishing,2023-05-01,7316
Spearfishing,Spearfishing,2023-06-01,8102
Spearfishing,Spearfishing,2023-07-01,8900
Spearfishing,Spearfishing,2023-08-01,8271
Spearfishing,Spearfishing,2023-09-01,7722
Spearfishing,Spearfishing,2023-10-01,7872
Spearfishing,Spearfishing,2023-11-01,7477
Spearfishing,Spearfishing,2023-12-01,7417
Spearfishing,Spearfishing,2024-01-01,10060
Spearfishing,Spearfishing,2024-02-01,8685
Spearfishing,Spearfishing,2024-03-01,7819
Spearfishing,Spearfishing,2024-04-01,8637
Spearfishing,Spearfishing,2024-05-01,7203
Spearfishing,Spearfishing,2024-06-01,6074
Spearfishing,Spearfishing,2024-07-01,8188
Spearfishing,Spearfishing,2024-08-01,7034
Spearfishing,Spearfishing,2024-09-01,6357
Spearfishing,Spearfishing,2024-10-01,7076
Spearfishing,Spearfishing,2024-11-01,6235
Spearfishing,Spearfishing,2024-12-01,5770
Surfing,Surfing,2015-07-01,36575
Surfing,Surfing,2015-08-01,48531
Surfing,Surfing,2015-09-01,28099
Surfing,Surfing,2015-10-01,32721
Surfing,Surfing,2015-11-01,28860
Surfing,Surfing,2015-12-01,25285
Surfing,Surfing,2016-01-01,29076
Surfing,Surfing,2016-02-01,29310
Surfing,Surfing,2016-03-01,32193
Surfing,Surfing,2016-04-01,31098
Surfing,Surfing,2016-05-01,32926
Surfing,Surfing,2016-06-01,30217
Surfing,Surfing,2016-07-01,28412
Surfing,Surfing,2016-08-01,33262
Surfing,Surfing,2016-09-01,29557
Surfing,Surfing,2016-10-01,30341
Surfing,Surfing,2016-11-01,30993
Surfing,Surfing,2016-12-01,29390
Surfing,Surfing,2017-01-01,32444
Surfing,Surfing,2017-02-01,28995
Surfing,Surfing,2017-03-01,34884
Surfing,Surfing,2017-04-01,30688
Surfing,Surfing,2017-05-01,32642
Surfing,Surfing,2017-06-01,29135
Surfing,Surfing,2017-07-01,28456
Surfing,Surfing,2017-08-01,28930
Surfing,Surfing,2017-09-01,30436
Surfing,Surfing,2017-10-01,31839
Surfing,Surfing,2017-11-01,36151
Surfing,Surfing,2017-12-01,27140
Surfing,Surfing,2018-01-01,31312
Surfing,Surfing,2018-02-01,29885
Surfing,Surfing,2018-03-01,29079
Surfing,Surfing,2018-04-01,27132
Surfing,Surfing,2018-05-01,30210
Surfing,Surfing,2018-06-01,24833
Surfing,Surfing,2018-07-01,27173
Surfing,Surfing,2018-08-01,29153
Surfing,Surfing,2018-09-01,27021
Surfing,Surfing,2018-10-01,27327
Surfing,Surfing,2018-11-01,28329
Surfing,Surfing,2018-12-01,25902
Surfing,Surfing,2019-01-01,28000
Surfing,Surfing,2019-02-01,25470
Surfing,Surfing,2019-03-01,26971
Surfing,Surfing,2019-04-01,24993
Surfing,Surfing,2019-05-01,27690
Surfing,Surfing,2019-06-01,24544
Surfing,Surfing,2019-07-01,26746
Surfing,Surfing,2019-08-01,27919
Surfing,Surfing,2019-09-01,27646
Surfing,Surfing,2019-10-01,27211
Surfing,Surfing,2019-11-01,30778
Surfing,Surfing,2019-12-01,27158
Surfing,Surfing,2020-01-01,27763
Surfing,Surfing,2020-02-01,25683
Surfing,Surfing,2020-03-01,26594
Surfing,Surfing,2020-04-01,27654
Surfing,Surfing,2020-05-01,27429
Surfing,Surfing,2020-06-01,23062
Surfing,Surfing,2020-07-01,24159
Surfing,Surfing,2020-08-01,23631
Surfing,Surfing,2020-09-01,24903
Surfing,Surfing,2020-10-01,25557
Surfing,Surfing,2020-11-01,24970
Surfing,Surfing,2020-12-01,24002
Surfing,Surfing,2021-01-01,25111
Surfing,Surfing,2021-02-01,23913
Surfing,Surfing,2021-03-01,27970
Surfing,Surfing,2021-04-01,31958
Surfing,Surfing,2021-05-01,27785
Surfing,Surfing,2021-06-01,25459
Surfing,Surfing,2021-07-01,39879
Surfing,Surfing,2021-08-01,33244
Surfing,Surfing,2021-09-01,27971
Surfing,Surfing,2021-10-01,25693
Surfing,Surfing,2021-11-01,23428
Surfing,Surfing,2021-12-01,22511
Surfing,Surfing,2022-01-01,25263
Surfing,Surfing,2022-02-01,25718
Surfing,Surfing,2022-03-01,26616
Surfing,Surfing,2022-04-01,24475
Surfing,Surfing,2022-05-01,24240
Surfing,Surfing,2022-06-01,24343
Surfing,Surfing,2022-07-01,26374
Surfing,Surfing,2022-08-01,33889
Surfing,Surfing,2022-09-01,39653
Surfing,Surfing,2022-10-01,65118
Surfing,Surfing,2022-11-01,31986
Surfing,Surfing,2022-12-01,23124
Surfing,Surfing,2023-01-01,29545
Surfing,Surfing,2023-02-01,28757
Surfing,Surfing,2023-03-01,34375
Surfing,Surfing,2023-04-01,27210
Surfing,Surfing,2023-05-01,31288
Surfing,Surfing,2023-06-01,33009
Surfing,Surfing,2023-07-01,34032
Surfing,Surfing,2023-08-01,33176
Surfing,Surfing,2023-09-01,31027
Surfing,Surfing,2023-10-01,32263
Surfing,Surfing,2023-11-01,31935
Surfing,Surfing,2023-12-01,33430
Surfing,Surfing,2024-01-01,48549
Surfing,Surfing,2024-02-01,37259
Surfing,Surfing,2024-03-01,37567
Surfing,Surfing,2024-04-01,33338
Surfing,Surfing,2024-05-01,29194
Surfing,Surfing,2024-06-01,24074
Surfing,Surfing,2024-07-01,40052
Surfing,Surfing,2024-08-01,38778
Surfing,Surfing,2024-09-01,25525
Surfing,Surfing,2024-10-01,24673
Surfing,Surfing,2024-11-01,23321
Surfing,Surfing,2024-12-01,22483
Trail Running,Trail_running,2015-07-01,6450
Trail Running,Trail_running,2015-08-01,6468
Trail Running,Trail_running,2015-09-01,6328
Trail Running,Trail_running,2015-10-01,6119
Trail Running,Trail_running,2015-11-01,5655
Trail Running,Trail_running,2015-12-01,5050
Trail Running,Trail_running,2016-01-01,6175
Trail Running,Trail_running,2016-02-01,5426
Trail Running,Trail_running,2016-03-01,6145
Trail Running,Trail_running,2016-04-01,6146
Trail Running,Trail_running,2016-05-01,6380
Trail Running,Trail_running,2016-06-01,5661
Trail Running,Trail_running,2016-07-01,5630
Trail Running,Trail_running,2016-08-01,6138
Trail Running,Trail_running,2016-09-01,5750
Trail Running,Trail_running,2016-10-01,6084
Trail Running,Trail_running,2016-11-01,5682
Trail Running,Trail_running,2016-12-01,4546
Trail Running,Trail_running,2017-01-01,5328
Trail Running,Trail_running,2017-02-01,4947
Trail Running,Trail_running,2017-03-01,5533
Trail Running,Trail_running,2017-04-01,5885
Trail Running,Trail_running,2017-05-01,5852
Trail Running,Trail_running,2017-06-01,5143
Trail Running,Trail_running,2017-07-01,5250
Trail Running,Trail_running,2017-08-01,5614
Trail Running,Trail_running,2017-09-01,5380
Trail Running,Trail_running,2017-10-01,5354
Trail Running,Trail_running,2017-11-01,5085
Trail Running,Trail_running,2017-12-01,4404
Trail Running,Trail_running,2018-01-01,5493
Trail Running,Trail_running,2018-02-01,4787
Trail Running,Trail_running,2018-03-01,5500
Trail Running,Trail_running,2018-04-01,5455
Trail Running,Trail_running,2018-05-01,5823
Trail Running,Trail_running,2018-06-01,5290
Trail Running,Trail_running,2018-07-01,5815
Trail Running,Trail_running,2018-08-01,6353
Trail Running,Trail_running,2018-09-01,6135
Trail Running,Trail_running,2018-10-01,5437
Trail Running,Trail_running,2018-11-01,5586
Trail Running,Trail_running,2018-12-01,5456
Trail Running,Trail_running,2019-01-01,5212
Trail Running,Trail_running,2019-02-01,4677
Trail Running,Trail_running,2019-03-01,5207
Trail Running,Trail_running,2019-04-01,5165
Trail Running,Trail_running,2019-05-01,5389
Trail Running,Trail_running,2019-06-01,5087
Trail Running,Trail_running,2019-07-01,5355
Trail Running,Trail_running,2019-08-01,5496
Trail Running,Trail_running,2019-09-01,4849
Trail Running,Trail_running,2019-10-01,5543
Trail Running,Trail_running,2019-11-01,4850
Trail Running,Trail_running,2019-12-01,4659
Trail Running,Trail_running,2020-01-01,4690
Trail Running,Trail_running,2020-02-01,4229
Trail Running,Trail_running,2020-03-01,3933
Trail Running,Trail_running,2020-04-01,4801
Trail Running,Trail_running,2020-05-01,5140
Trail Running,Trail_running,2020-06-01,4549
Trail Running,Trail_running,2020-07-01,4765
Trail Running,Trail_running,2020-08-01,5075
Trail Running,Trail_running,2020-09-01,4581
Trail Running,Trail_running,2020-10-01,4880
Trail Running,Trail_running,2020-11-01,4659
Trail Running,Trail_running,2020-12-01,4136
Trail Running,Trail_running,2021-01-01,4591
Trail Running,Trail_running,2021-02-01,4032
Trail Running,Trail_running,2021-03-01,4798
Trail Running,Trail_running,2021-04-01,4491
Trail Running,Trail_running,2021-05-01,9671
Trail Running,Trail_running,2021-06-01,4137
Trail Running,Trail_running,2021-07-01,4211
Trail Running,Trail_running,2021-08-01,4743
Trail Running,Trail_running,2021-09-01,4179
Trail Running,Trail_running,2021-10-01,4100
Trail Running,Trail_running,2021-11-01,3771
Trail Running,Trail_running,2021-12-01,3420
Trail Running,Trail_running,2022-01-01,5373
Trail Running,Trail_running,2022-02-01,3603
Trail Running,Trail_running,2022-03-01,4062
Trail Running,Trail_running,2022-04-01,3850
Trail Running,Trail_running,2022-05-01,4371
Trail Running,Trail_running,2022-06-01,4078
Trail Running,Trail_running,2022-07-01,4588
Trail Running,Trail_running,2022-08-01,5185
Trail Running,Trail_running,2022-09-01,4624
Trail Running,Trail_running,2022-10-01,4725
Trail Running,Trail_running,2022-11-01,3820
Trail Running,Trail_running,2022-12-01,3001
Trail Running,Trail_running,2023-01-01,3994
Trail Running,Trail_running,2023-02-01,3495
Trail Running,Trail_running,2023-03-01,4410
Trail Running,Trail_running,2023-04-01,4055
Trail Running,Trail_running,2023-05-01,5308
Trail Running,Trail_running,2023-06-01,5319
Trail Running,Trail_running,2023-07-01,5487
Trail Running,Trail_running,2023-08-01,5248
Trail Running,Trail_running,2023-09-01,5627
Trail Running,Trail_running,2023-10-01,5765
Trail Running,Trail_running,2023-11-01,5160
Trail Running,Trail_running,2023-12-01,4340
Trail Running,Trail_running,2024-01-01,6070
Trail Running,Trail_running,2024-02-01,4848
Trail Running,Trail_running,2024-03-01,5962
Trail Running,Trail_running,2024-04-01,6078
Trail Running,Trail_running,2024-05-01,5342
Trail Running,Trail_running,2024-06-01,4552
Trail Running,Trail_running,2024-07-01,5786
Trail Running,Trail_running,2024-08-01,7638
Trail Running,Trail_running,2024-09-01,4804
Trail Running,Trail_running,2024-10-01,6550
Trail Running,Trail_running,2024-11-01,4362
Trail Running,Trail_running,2024-12-01,3726
