sport,channel_id,channel_name,video_id,title,published_at,views,likes,comments,duration,date_collected
Alpine Skiing,UC2jvpwCE6Ybmizxid2qnRHg,Ski School by Elate Media,UGn62uxnhjg,HOW TO CARVE on Skis -  Advanced Ski Lesson #6.2 - Carving,2011-12-17 20:53:18+00:00,3074909,17131,533,Unknown,2025-12-01
Alpine Skiing,UC2jvpwCE6Ybmizxid2qnRHg,Ski School by Elate Media,eG1uDU0rSLw,How to Loose 'The Step' - Parallel Skiing Tips (Intermediate Ski Lesson),2010-12-31 11:06:51+00:00,2615344,8772,254,Unknown,2025-12-01
Alpine Skiing,UC2jvpwCE6Ybmizxid2qnRHg,Ski School by Elate Media,wOGg8faQRdk,Expert Ski Lessons #7.5 - Skiing Steeps,2014-03-25 20:11:21+00:00,2416774,12981,424,Unknown,2025-12-01
Alpine Skiing,UC1Ho5YvHCtyReazatbhBowA,Stomp It Tutorials,tyB7Wu_aCq8,How to Ski | 7 Steps to Parallel Turns,2018-12-13 10:20:13+00:00,2385402,21218,319,Unknown,2025-11-30
Alpine Skiing,UC2jvpwCE6Ybmizxid2qnRHg,Ski School by Elate Media,bEBIAfZ0iW4,How to Snow Plough Turn - Beginner Ski Lesson #1.4,2011-12-19 20:13:08+00:00,2108366,5007,246,Unknown,2025-12-01
Alpine Skiing,UC2jvpwCE6Ybmizxid2qnRHg,Ski School by Elate Media,_2zESNSSckA,Beginner Ski Lesson #1.2 - Sliding on Snow,2011-12-02 01:06:53+00:00,2036582,3370,101,Unknown,2025-12-01
Alpine Skiing,UC2jvpwCE6Ybmizxid2qnRHg,Ski School by Elate Media,M4yJgn9HdAM,How To Ski Bumps / Moguls - Advanced Ski Lesson #6.4,2011-12-29 19:57:11+00:00,2005779,13124,444,Unknown,2025-12-01
Alpine Skiing,UC2jvpwCE6Ybmizxid2qnRHg,Ski School by Elate Media,tXUbCPuc4nw,How to Snow Plough Ski - Beginner Ski Lesson #1.3,2011-12-18 21:17:31+00:00,1879070,3462,154,Unknown,2025-12-01
Alpine Skiing,UC2jvpwCE6Ybmizxid2qnRHg,Ski School by Elate Media,n19QmFC2qVc,Carving - Seven Deadly Sins  (Parallel Skiing Tips),2015-02-17 16:05:08+00:00,1867010,8199,294,Unknown,2025-12-01
Alpine Skiing,UC2jvpwCE6Ybmizxid2qnRHg,Ski School by Elate Media,DxONSTiIB88,Advanced Ski Technique - Skiing Stacked,2010-12-21 18:28:20+00:00,1840207,8351,365,Unknown,2025-12-01
Alpine Skiing,UC1Ho5YvHCtyReazatbhBowA,Stomp It Tutorials,YBI8biJT6ZA,How to Ski in a Day | 20 Tips,2021-12-29 19:11:08+00:00,1830239,26072,428,Unknown,2025-11-30
Alpine Skiing,UC2jvpwCE6Ybmizxid2qnRHg,Ski School by Elate Media,AR7C5qWvuUc,Beginner Ski Lesson #1.1 - Getting Started and Equipment,2011-11-27 16:25:30+00:00,1665201,3085,90,Unknown,2025-12-01
Alpine Skiing,UC2jvpwCE6Ybmizxid2qnRHg,Ski School by Elate Media,bAsGPnEYzLE,How to Ski Parallel - Intermediate Ski Lesson #3.1,2011-11-27 23:01:02+00:00,1562831,2466,89,Unknown,2025-12-01
Alpine Skiing,UC2jvpwCE6Ybmizxid2qnRHg,Ski School by Elate Media,jkZ-8NKD1V0,Beginner Ski Lesson #2.1 - Committing to the Downhill Ski,2013-01-18 19:30:13+00:00,1558348,2256,76,Unknown,2025-12-01
Alpine Skiing,UC2jvpwCE6Ybmizxid2qnRHg,Ski School by Elate Media,ya9utfEz6sA,Intermediate Ski Lesson #4.1 - Turn Shape,2011-12-21 22:35:04+00:00,1540250,15121,296,Unknown,2025-12-01
Alpine Skiing,UC2jvpwCE6Ybmizxid2qnRHg,Ski School by Elate Media,DTkyqZjUMYQ,Parallel Skiing Exercise - Intermediate Ski Lesson #3.2,2011-12-01 21:36:44+00:00,1325799,2945,132,Unknown,2025-12-01
Alpine Skiing,UC2jvpwCE6Ybmizxid2qnRHg,Ski School by Elate Media,ppYRE3-kmp0,How to Parallel Ski - Beginner Ski Lesson #2.3,2013-01-23 19:00:51+00:00,1317066,2912,128,Unknown,2025-12-01
Alpine Skiing,UC2jvpwCE6Ybmizxid2qnRHg,Ski School by Elate Media,M4_HZfGTunw,Intermediate Ski Lesson #3.3 - Rounded Turns to Control Speed,2011-12-04 22:32:45+00:00,1150028,2422,88,Unknown,2025-12-01
Alpine Skiing,UC2jvpwCE6Ybmizxid2qnRHg,Ski School by Elate Media,TSodL9uBKqc,Beginner Ski Lesson #2.2 - Commitment Exercise,2013-01-21 19:30:19+00:00,1132585,1967,51,Unknown,2025-12-01
Alpine Skiing,UC2jvpwCE6Ybmizxid2qnRHg,Ski School by Elate Media,0e7-mNDgIXw,Foot Rotation / Hockey Stop - Intermediate Skiing Lessons,2014-01-26 18:07:36+00:00,1127622,6019,173,Unknown,2025-12-01
Alpine Skiing,UC2jvpwCE6Ybmizxid2qnRHg,Ski School by Elate Media,l5gnnZXoDK0,Expert Ski Lessons #7.1 - Body Position Short Turns,2014-02-25 19:54:02+00:00,1030208,3538,96,Unknown,2025-12-01
Alpine Skiing,UC2jvpwCE6Ybmizxid2qnRHg,Ski School by Elate Media,btsWG9PH4VE,Dynamic Skiing Carve Turns - Advanced Ski Lesson #5.3,2011-12-03 20:02:25+00:00,1001234,3727,98,Unknown,2025-12-01
Alpine Skiing,UC1Ho5YvHCtyReazatbhBowA,Stomp It Tutorials,X_VfUntpiw4,10 Hacks for Skiers,2018-12-23 07:45:26+00:00,1000501,18636,696,Unknown,2025-11-30
Alpine Skiing,UC2jvpwCE6Ybmizxid2qnRHg,Ski School by Elate Media,SIFDZVFYfJo,How Edge Control Can Improve Your Skiing - Intermediate Ski Lesson #4.2,2012-12-18 18:00:25+00:00,967552,2838,81,Unknown,2025-12-01
Alpine Skiing,UC1Ho5YvHCtyReazatbhBowA,Stomp It Tutorials,gvJ1w4LzyFQ,5 Easy Tricks To Have More Fun Skiing,2022-01-16 11:41:41+00:00,934731,20506,332,Unknown,2025-11-30
Alpine Skiing,UC2jvpwCE6Ybmizxid2qnRHg,Ski School by Elate Media,OO4AiCtvrQs,Basic Skiing Stance - Learn How To Ski Beginner Lesson,2015-12-10 19:06:49+00:00,918806,1340,39,Unknown,2025-12-01
Alpine Skiing,UC2jvpwCE6Ybmizxid2qnRHg,Ski School by Elate Media,N-9jGqY1BQw,How To Ski Powder - Advanced Ski Lesson #6.6,2013-01-24 19:30:15+00:00,907671,1876,146,Unknown,2025-12-01
Alpine Skiing,UC2jvpwCE6Ybmizxid2qnRHg,Ski School by Elate Media,lUp607aW36A,Advanced Ski Lesson #5.1 - Commitment and Softening,2011-11-28 01:03:37+00:00,878654,4489,79,Unknown,2025-12-01
Alpine Skiing,UC1Ho5YvHCtyReazatbhBowA,Stomp It Tutorials,LdLa06_fbvQ,How to Butter on Skis | Nose Butter,2015-12-04 06:19:47+00:00,871198,7058,248,Unknown,2025-11-30
Alpine Skiing,UC2jvpwCE6Ybmizxid2qnRHg,Ski School by Elate Media,pGcfhXPNuPo,How To Ski Crud / Tracked Powder - Advanced Ski Lesson #6.5,2012-12-20 19:00:23+00:00,854882,2284,188,Unknown,2025-12-01
Alpine Skiing,UC2jvpwCE6Ybmizxid2qnRHg,Ski School by Elate Media,CLsAGnYBZMY,How to Jump on Skis - Expert Ski Lessons #9.1,2014-12-11 15:00:46+00:00,854504,4417,213,Unknown,2025-12-01
Alpine Skiing,UC1Ho5YvHCtyReazatbhBowA,Stomp It Tutorials,WrUGac_EoTE,How to Ski | Carving - 3 Key Steps to Get Started,2018-01-19 11:01:22+00:00,838070,10730,225,Unknown,2025-11-30
Alpine Skiing,UC2jvpwCE6Ybmizxid2qnRHg,Ski School by Elate Media,hEKUUoxYw30,Standing Up After A Fall - How To Ski Tips (Beginners Lesson),2015-11-12 11:30:01+00:00,826792,3071,141,Unknown,2025-12-01
Alpine Skiing,UC2jvpwCE6Ybmizxid2qnRHg,Ski School by Elate Media,MC5-gg6FQXU,How to Pole Plant - Advanced Ski Lesson #6.1,2011-12-04 19:15:30+00:00,768685,4047,117,Unknown,2025-12-01
Alpine Skiing,UC2jvpwCE6Ybmizxid2qnRHg,Ski School by Elate Media,gGsZH3SqO-I,Ski Boots - How to put them on,2010-12-28 23:30:17+00:00,768588,2052,107,Unknown,2025-12-01
Alpine Skiing,UC2jvpwCE6Ybmizxid2qnRHg,Ski School by Elate Media,LRPI-TJjLig,How to Ski Shorter Turns - Advanced Ski Lesson #5.2,2011-12-01 10:45:14+00:00,765866,4207,74,Unknown,2025-12-01
Alpine Skiing,UC2jvpwCE6Ybmizxid2qnRHg,Ski School by Elate Media,eRkuiM0HyMw,How to Parallel Ski - Beginner Ski Tips,2010-10-19 05:11:13+00:00,753080,1113,27,Unknown,2025-12-01
Alpine Skiing,UC1Ho5YvHCtyReazatbhBowA,Stomp It Tutorials,I6J1vTCLYV0,How to Carve on Skis Without Dumping the Hip | #shorts,2022-08-11 12:13:22+00:00,726760,13261,111,Unknown,2025-11-30
Alpine Skiing,UC2jvpwCE6Ybmizxid2qnRHg,Ski School by Elate Media,kjOIUVOFzZE,Intermediate Ski Lesson #4.3 - Line Choice,2013-01-25 19:30:14+00:00,723377,1994,61,Unknown,2025-12-01
Alpine Skiing,UC2jvpwCE6Ybmizxid2qnRHg,Ski School by Elate Media,W2x3BFhNUGg,Expert Ski Lessons #7.2 - Body Position Long Turns,2014-03-13 13:56:26+00:00,719821,2764,93,Unknown,2025-12-01
Alpine Skiing,UC1Ho5YvHCtyReazatbhBowA,Stomp It Tutorials,OHtq_ofsyUs,How to Backflip on Skis,2018-02-25 11:42:17+00:00,666862,13100,346,Unknown,2025-11-30
Alpine Skiing,UC1Ho5YvHCtyReazatbhBowA,Stomp It Tutorials,PKHlYjYaVBc,How to Choose the Right Ski Length,2020-11-01 11:02:39+00:00,650791,10258,422,Unknown,2025-11-30
Alpine Skiing,UC2jvpwCE6Ybmizxid2qnRHg,Ski School by Elate Media,4zN9sxzX24I,Arm & Body Position When Skiing - Intermediate Ski Lesson #4.4,2015-11-19 11:30:00+00:00,625938,2210,52,Unknown,2025-12-01
Alpine Skiing,UC2jvpwCE6Ybmizxid2qnRHg,Ski School by Elate Media,IcGaXRQ7l4Q,Carving Ski Lesson,2010-10-28 10:59:28+00:00,604340,778,107,Unknown,2025-12-01
Alpine Skiing,UC2jvpwCE6Ybmizxid2qnRHg,Ski School by Elate Media,B8U5dpZiQp8,How to Use Beginner Lifts - Tips for Ski Holidays,2014-01-24 23:40:02+00:00,587357,2004,134,Unknown,2025-12-01
Alpine Skiing,UC2jvpwCE6Ybmizxid2qnRHg,Ski School by Elate Media,z6AH8AERR0E,Advanced Ski Lesson #6.3 - Pre Off Piste,2011-12-22 22:47:16+00:00,511149,1045,27,Unknown,2025-12-01
Alpine Skiing,UC2jvpwCE6Ybmizxid2qnRHg,Ski School by Elate Media,2bWwNO7Usf8,Piste Etiquette - Tips for Ski Holidays,2014-01-25 08:50:31+00:00,486739,1137,69,Unknown,2025-12-01
Alpine Skiing,UC1Ho5YvHCtyReazatbhBowA,Stomp It Tutorials,LsdRTUdx2U0,How to Short Turn | the 1 Mistake Advanced Skiers Do,2021-01-01 09:39:52+00:00,480971,4944,215,Unknown,2025-11-30
Alpine Skiing,UC2jvpwCE6Ybmizxid2qnRHg,Ski School by Elate Media,yQgVb15SDwU,Snowplough Problems & Solutions - How to Ski Beginner Lesson,2015-12-31 09:30:00+00:00,477572,974,65,Unknown,2025-12-01
Alpine Skiing,UC2jvpwCE6Ybmizxid2qnRHg,Ski School by Elate Media,RNHZOoUv1j0,How To Ski Tips - A Dominant Leg,2015-10-01 12:35:37+00:00,471716,1874,64,Unknown,2025-12-01
Alpine Skiing,UC1Ho5YvHCtyReazatbhBowA,Stomp It Tutorials,FUF-kH8u85M,5 Easy Ski Tricks | That Anyone Can Learn,2020-01-26 06:00:03+00:00,471063,9841,247,Unknown,2025-11-30
Alpine Skiing,UC1Ho5YvHCtyReazatbhBowA,Stomp It Tutorials,gI2YHyZ6vrU,6 Cheap Ski Gear Upgrades,2019-01-09 09:35:44+00:00,459869,7387,237,Unknown,2025-11-30
Alpine Skiing,UC2jvpwCE6Ybmizxid2qnRHg,Ski School by Elate Media,P7d8n6GXfA8,Turn Shape - Ski School App,2010-10-19 04:56:14+00:00,435651,924,35,Unknown,2025-12-01
Alpine Skiing,UC2jvpwCE6Ybmizxid2qnRHg,Ski School by Elate Media,TapM2diK_OY,How to Carry Skis - Beginner Ski Lesson,2011-01-03 09:53:30+00:00,430676,1060,33,Unknown,2025-12-01
Alpine Skiing,UC2jvpwCE6Ybmizxid2qnRHg,Ski School by Elate Media,vJtKSIW8DDs,Expert Ski Lessons #7.3 - Edge Pressure,2014-03-14 11:00:01+00:00,425354,1286,54,Unknown,2025-12-01
Alpine Skiing,UC2jvpwCE6Ybmizxid2qnRHg,Ski School by Elate Media,aGq5l6hrGvo,How To Walk On Snow - Beginner Ski Lesson,2011-01-11 17:57:12+00:00,424043,840,31,Unknown,2025-12-01
Alpine Skiing,UC2jvpwCE6Ybmizxid2qnRHg,Ski School by Elate Media,iA-2nsyFLXs,How To Ski Tips - Skiing With Confidence,2015-11-05 11:30:00+00:00,420531,1660,62,Unknown,2025-12-01
Alpine Skiing,UC2jvpwCE6Ybmizxid2qnRHg,Ski School by Elate Media,B7Zs7JdLUXU,How to Ski Variable Snow / Chopped up Powder / Crud - Expert Ski Lessons #8.4,2014-11-13 11:31:20+00:00,400852,1528,80,Unknown,2025-12-01
Alpine Skiing,UC2jvpwCE6Ybmizxid2qnRHg,Ski School by Elate Media,vvgtM5FCdGo,Ski School App - Ski Lessons for iPhone,2010-10-19 04:05:56+00:00,400756,186,13,Unknown,2025-12-01
Alpine Skiing,UC2jvpwCE6Ybmizxid2qnRHg,Ski School by Elate Media,G1o7rT63HJ8,Warming Up - Tips for Intermediate Skiers,2014-01-24 23:46:21+00:00,399833,941,26,Unknown,2025-12-01
Alpine Skiing,UC2jvpwCE6Ybmizxid2qnRHg,Ski School by Elate Media,8lDGVcztafo,Crossed Skis Solution - Learn How To Ski  Beginners Lesson,2015-12-24 11:30:00+00:00,388798,873,13,Unknown,2025-12-01
Alpine Skiing,UC2jvpwCE6Ybmizxid2qnRHg,Ski School by Elate Media,UYJtfN33UOA,How to Ski Trees - Expert Ski Lessons #8.5,2014-11-20 19:16:59+00:00,381931,1191,92,Unknown,2025-12-01
Alpine Skiing,UC2jvpwCE6Ybmizxid2qnRHg,Ski School by Elate Media,zp3P050Nohs,Skiing With Children - Ski Lesson,2010-12-25 19:17:04+00:00,369777,739,43,Unknown,2025-12-01
Alpine Skiing,UC2jvpwCE6Ybmizxid2qnRHg,Ski School by Elate Media,o2mK5gqpevg,How To Ski With Flow - Advance Skiing Tips,2015-12-03 11:30:00+00:00,364335,1923,76,Unknown,2025-12-01
Alpine Skiing,UC2jvpwCE6Ybmizxid2qnRHg,Ski School by Elate Media,YGUWONwD3UI,Expert Ski Lessons #8.1 - Skiing Off Piste Intro,2014-04-01 21:41:31+00:00,360224,672,29,Unknown,2025-12-01
Alpine Skiing,UC2jvpwCE6Ybmizxid2qnRHg,Ski School by Elate Media,lEsPYOCV9JM,Carving or Edging Problems? - How to Ski Tips and Solutions,2015-12-17 11:30:00+00:00,353887,1082,30,Unknown,2025-12-01
Alpine Skiing,UC2jvpwCE6Ybmizxid2qnRHg,Ski School by Elate Media,JUjCNUrVElA,How To Hold Your Ski Poles - Beginner Skiing Lessons,2015-10-15 19:12:27+00:00,341481,873,46,Unknown,2025-12-01
Alpine Skiing,UC2jvpwCE6Ybmizxid2qnRHg,Ski School by Elate Media,9wKEJWwoEZk,Expert Ski Lessons #7.4 - Turn Accuracy,2014-03-15 18:14:07+00:00,329158,820,12,Unknown,2025-12-01
Alpine Skiing,UC1Ho5YvHCtyReazatbhBowA,Stomp It Tutorials,OY47rZEzNOk,How to Short Turn | 3 Common Mistakes All Skiers Do,2021-01-03 09:00:43+00:00,319187,4980,129,Unknown,2025-11-30
Alpine Skiing,UC1Ho5YvHCtyReazatbhBowA,Stomp It Tutorials,CAsTq5AI_L8,How to Cork 360 on Skis,2018-02-18 12:25:44+00:00,299874,4444,125,Unknown,2025-11-30
Alpine Skiing,UC2jvpwCE6Ybmizxid2qnRHg,Ski School by Elate Media,BD2DcPYQDLE,Advanced Ski Lesson - Pole Plant,2011-01-08 14:34:43+00:00,296744,446,32,Unknown,2025-12-01
Alpine Skiing,UC1Ho5YvHCtyReazatbhBowA,Stomp It Tutorials,ei6ALmEFhyA,How to Surf | 15 Tips and Exercises to Improve Your Surfing,2017-08-26 07:00:02+00:00,296157,5601,152,Unknown,2025-11-30
Alpine Skiing,UC1Ho5YvHCtyReazatbhBowA,Stomp It Tutorials,GNHUImbT3lM,How To Box Slide on Skis,2015-01-22 09:52:30+00:00,295900,3433,133,Unknown,2025-11-30
Alpine Skiing,UC1Ho5YvHCtyReazatbhBowA,Stomp It Tutorials,4eBvQyIxKdY,How to Ski in One Day | Beginner Learns Parallel Turns,2019-12-29 08:24:17+00:00,289543,6476,133,Unknown,2025-11-30
Alpine Skiing,UC2jvpwCE6Ybmizxid2qnRHg,Ski School by Elate Media,JrYbt72o0IM,Dynamic Turns - Ski School App,2010-10-19 04:33:57+00:00,263357,284,29,Unknown,2025-12-01
Alpine Skiing,UC2jvpwCE6Ybmizxid2qnRHg,Ski School by Elate Media,hZEDvojLFF8,How To Ski in Flat Light - Intermediate Skiing Tips,2015-11-26 11:30:00+00:00,256310,624,23,Unknown,2025-12-01
Alpine Skiing,UC2jvpwCE6Ybmizxid2qnRHg,Ski School by Elate Media,mKOi_FYrHqg,Advanced Ski Lesson - Getting Lazy,2010-12-21 17:48:57+00:00,255942,609,71,Unknown,2025-12-01
Alpine Skiing,UC1Ho5YvHCtyReazatbhBowA,Stomp It Tutorials,CuxMtmdXpgU,How to Butter on Skis | Tail Butter,2016-12-26 08:31:04+00:00,244695,2481,114,Unknown,2025-11-30
Alpine Skiing,UC2jvpwCE6Ybmizxid2qnRHg,Ski School by Elate Media,idhKcBMeNzI,Expert Ski Lessons #8.2 - Progressive Pole Swing,2014-04-22 20:47:50+00:00,244286,682,19,Unknown,2025-12-01
Alpine Skiing,UC1Ho5YvHCtyReazatbhBowA,Stomp It Tutorials,FoCgi8OtOaA,Speed Control for Powder Skiing | #shorts,2023-02-12 15:00:14+00:00,243977,5155,75,Unknown,2025-11-30
Alpine Skiing,UC2jvpwCE6Ybmizxid2qnRHg,Ski School by Elate Media,8p_3u5luQUI,Setting off an Avalanche Air Bag - Advanced Tips for Powder Skiing,2014-11-07 00:06:42+00:00,242797,683,36,Unknown,2025-12-01
Alpine Skiing,UC1Ho5YvHCtyReazatbhBowA,Stomp It Tutorials,vuZaRTtDcLc,How to Overcome Fear,2019-02-17 07:59:35+00:00,242615,5297,304,Unknown,2025-11-30
Alpine Skiing,UC2jvpwCE6Ybmizxid2qnRHg,Ski School by Elate Media,epvobFl8e8M,Expert Ski Lessons #8.3 - Line Choice,2014-04-26 09:26:24+00:00,219774,622,42,Unknown,2025-12-01
Alpine Skiing,UC2jvpwCE6Ybmizxid2qnRHg,Ski School by Elate Media,b9-heyGUv-A,Ski School Experts App - How To Ski Expert Lessons Preview,2011-11-27 20:30:01+00:00,212400,407,83,Unknown,2025-12-01
Alpine Skiing,UC1Ho5YvHCtyReazatbhBowA,Stomp It Tutorials,_uvMTISJ4ZI,How to Ski Switch | 5 Steps to Carving,2023-12-29 19:56:13+00:00,208984,3511,98,Unknown,2025-11-30
Alpine Skiing,UC1Ho5YvHCtyReazatbhBowA,Stomp It Tutorials,It93RBp8SIQ,How to Hand Drag on Skis,2016-03-04 07:47:11+00:00,199917,2250,61,Unknown,2025-11-30
Alpine Skiing,UC1Ho5YvHCtyReazatbhBowA,Stomp It Tutorials,vBJk0TA4roI,How to Tail Butter on Skis for Beginners,2021-12-26 13:11:17+00:00,193437,2540,65,Unknown,2025-11-30
Alpine Skiing,UC2jvpwCE6Ybmizxid2qnRHg,Ski School by Elate Media,mlZirup-ZZU,The BEST All Mountain Skis 2024 - Review,2024-01-22 11:00:44+00:00,190270,1868,263,Unknown,2025-12-01
Alpine Skiing,UC1Ho5YvHCtyReazatbhBowA,Stomp It Tutorials,yZMaPuO8wzA,How To Carve on Skis | 3 Types of Turns To Ski Any Slope,2023-01-15 14:00:34+00:00,166289,2369,84,Unknown,2025-11-30
Alpine Skiing,UC1Ho5YvHCtyReazatbhBowA,Stomp It Tutorials,N-XY3CB3FsA,How to Use the Hips to Carve on Skis | The Crucial Ability,2023-12-16 13:00:21+00:00,163045,2171,99,Unknown,2025-11-30
Alpine Skiing,UC1Ho5YvHCtyReazatbhBowA,Stomp It Tutorials,9SL3BIeSQDo,Ski Technique Camps For Adults | Switzerland,2024-09-29 20:00:04+00:00,160627,102,21,Unknown,2025-11-30
Alpine Skiing,UC1Ho5YvHCtyReazatbhBowA,Stomp It Tutorials,FQS-tMYDxVc,How to Drift up the Hill While Turning on Skis | #shorts,2022-12-12 17:00:08+00:00,153349,3519,34,Unknown,2025-11-30
Alpine Skiing,UC1Ho5YvHCtyReazatbhBowA,Stomp It Tutorials,58QWRqlZLso,How to Flatspin and Rodeo on Skis,2020-02-12 12:00:00+00:00,149205,3223,189,Unknown,2025-11-30
Alpine Skiing,UC1Ho5YvHCtyReazatbhBowA,Stomp It Tutorials,6hy5S7CjSak,3 Tips to Better Carve on Skis | Fixing the A-Frame,2022-01-23 11:35:35+00:00,146968,3024,96,Unknown,2025-11-30
Alpine Skiing,UC2jvpwCE6Ybmizxid2qnRHg,Ski School by Elate Media,s_3fCqguBww,What You NEED to Go Skiing - A Beginners Gear Guide,2022-12-21 15:22:18+00:00,143762,2008,84,Unknown,2025-12-01
Alpine Skiing,UC2jvpwCE6Ybmizxid2qnRHg,Ski School by Elate Media,BLcNd27A-sk,Learn How to Ski on your iPhone - Ski School App,2011-11-23 18:42:03+00:00,138537,154,48,Unknown,2025-12-01
Alpine Skiing,UC1Ho5YvHCtyReazatbhBowA,Stomp It Tutorials,KycEAQVdqo8,Atomic Bent Chetler 100 | Long-Term Ski Review,2020-11-15 12:02:59+00:00,137124,2376,236,Unknown,2025-11-30
Alpine Skiing,UC2jvpwCE6Ybmizxid2qnRHg,Ski School by Elate Media,Amtkt2J0cKI,How To Put Skis On In Powder - Advanced Tips for Powder Skiing,2014-02-11 18:56:13+00:00,135602,387,30,Unknown,2025-12-01
Alpine Skiing,UC1Ho5YvHCtyReazatbhBowA,Stomp It Tutorials,Gi3ty78c3L4,How to Turn on Skis for Beginners | #shorts,2022-10-23 19:32:46+00:00,132795,1926,13,Unknown,2025-11-30
Alpine Skiing,UC2jvpwCE6Ybmizxid2qnRHg,Ski School by Elate Media,9Pw5HXGf3GE,How To Find a Ski in Powder - Skiing Tips and Lessons,2014-05-09 17:37:34+00:00,126912,412,42,Unknown,2025-12-01
Alpine Skiing,UC2jvpwCE6Ybmizxid2qnRHg,Ski School by Elate Media,Nl9P25a6wDo,How To Stand Up in Powder - Advanced Tips for Powder Skiing,2014-02-11 11:33:00+00:00,121258,524,24,Unknown,2025-12-01
Alpine Skiing,UC2jvpwCE6Ybmizxid2qnRHg,Ski School by Elate Media,vG5st2QVFhw,Fischer RC4 Worldcup SL 2012 Slalom Ski Review,2011-09-30 08:24:10+00:00,116636,140,17,Unknown,2025-12-01
Alpine Skiing,UC1Ho5YvHCtyReazatbhBowA,Stomp It Tutorials,U7hzd_nxouA,Average Skiers Improving Their Posture and Balance | Camp Vlog,2023-12-27 11:06:33+00:00,114346,1121,26,Unknown,2025-11-30
Alpine Skiing,UC1Ho5YvHCtyReazatbhBowA,Stomp It Tutorials,28N8owl7zVc,How to Ski Powder | 5 Tips to Improve Your Style,2020-02-15 23:15:00+00:00,108769,3960,169,Unknown,2025-11-30
Alpine Skiing,UC1Ho5YvHCtyReazatbhBowA,Stomp It Tutorials,2cXuN67JvPQ,"Don´t Look Down the Hill, Look Here Instead | Ski Myths",2025-01-15 15:00:07+00:00,95244,1411,124,Unknown,2025-11-30
Alpine Skiing,UC2jvpwCE6Ybmizxid2qnRHg,Ski School by Elate Media,TApqD7JoYRo,Ski Resorts - Skiing In Tignes,2010-12-15 19:38:55+00:00,93920,192,44,Unknown,2025-12-01
Alpine Skiing,UC2jvpwCE6Ybmizxid2qnRHg,Ski School by Elate Media,azekT_ze38o,Atomic Factory SL 2012 Slalom Ski Review,2011-09-28 15:05:11+00:00,81483,99,29,Unknown,2025-12-01
Alpine Skiing,UC1Ho5YvHCtyReazatbhBowA,Stomp It Tutorials,UNDMqMhRRoM,Speed Control for Freeride Skiing  | #shorts,2023-01-30 17:00:18+00:00,78383,1770,17,Unknown,2025-11-30
Alpine Skiing,UC1Ho5YvHCtyReazatbhBowA,Stomp It Tutorials,5O261mO4J78,How to Carry Your Skis the Right Way 🤔🎿 | #shorts #ski,2025-02-23 13:00:05+00:00,76299,1898,47,Unknown,2025-11-30
Alpine Skiing,UC2jvpwCE6Ybmizxid2qnRHg,Ski School by Elate Media,LwtBTJ9HYX8,Volkl Mantra 2012 Freeride Ski Review,2011-10-01 23:20:26+00:00,69265,62,23,Unknown,2025-12-01
Alpine Skiing,UC1Ho5YvHCtyReazatbhBowA,Stomp It Tutorials,Bqd6Up66Bbw,Drills to Learn a 360 on Skis | #shorts,2022-12-04 17:00:05+00:00,65749,2695,25,Unknown,2025-11-30
Alpine Skiing,UC2jvpwCE6Ybmizxid2qnRHg,Ski School by Elate Media,u1rmHm6IPPw,Ski Resorts - Skiing in Serre Chevalier,2010-12-27 11:23:48+00:00,65453,242,34,Unknown,2025-12-01
Alpine Skiing,UC1Ho5YvHCtyReazatbhBowA,Stomp It Tutorials,3I_tmOLhdPA,Become a Better Freeride Skier | Advanced Freeride Ski Camp,2025-01-13 17:00:04+00:00,61245,56,6,Unknown,2025-11-30
Alpine Skiing,UC1Ho5YvHCtyReazatbhBowA,Stomp It Tutorials,JzH8MW0Olco,"How to Short Turn on Skis, 2 Drills to Master Rotation | Drill Bits",2024-01-31 14:00:23+00:00,60664,679,25,Unknown,2025-11-30
Alpine Skiing,UC1Ho5YvHCtyReazatbhBowA,Stomp It Tutorials,k10naSf1zXU,How to Jump on Skis and Grab | Beginner Skier Learns,2024-03-13 15:49:24+00:00,59906,1150,43,Unknown,2025-11-30
Alpine Skiing,UC1Ho5YvHCtyReazatbhBowA,Stomp It Tutorials,seR_hWqj7wg,"Carv 2 First Impressions, The Good & The Bad | Review",2024-10-16 15:01:07+00:00,58731,777,150,Unknown,2025-11-30
Alpine Skiing,UC1Ho5YvHCtyReazatbhBowA,Stomp It Tutorials,0syX8GUhM-4,Rolling the Knees for Nice Feeling Pow Turns | #shorts,2023-02-20 23:00:00+00:00,57741,1053,10,Unknown,2025-11-30
Alpine Skiing,UC1Ho5YvHCtyReazatbhBowA,Stomp It Tutorials,48rpJlnKebA,Ski Tips & Calling Tricks | 10 Easy - Advanced Tricks to Do off Jumps,2021-03-03 14:00:02+00:00,57213,1288,85,Unknown,2025-11-30
Alpine Skiing,UC1Ho5YvHCtyReazatbhBowA,Stomp It Tutorials,lFhvbd9nH_M,Freestyle Ski Camps | Winter 2023,2022-11-19 11:00:36+00:00,55912,90,12,Unknown,2025-11-30
Alpine Skiing,UC1Ho5YvHCtyReazatbhBowA,Stomp It Tutorials,X68YY_rIIzQ,10 Hacks for a Great Time Skiing,2025-02-15 14:00:39+00:00,53392,766,47,Unknown,2025-11-30
Alpine Skiing,UC1Ho5YvHCtyReazatbhBowA,Stomp It Tutorials,tDV2EyvDlc4,How to Jump on Skis | #shorts,2022-08-26 18:00:30+00:00,51283,2258,7,Unknown,2025-11-30
Alpine Skiing,UC1Ho5YvHCtyReazatbhBowA,Stomp It Tutorials,LwPE8CNSd8o,Stop Landing Backseat With the 4 Point Landing | #shorts,2023-02-28 17:00:13+00:00,49715,1229,4,Unknown,2025-11-30
Alpine Skiing,UC1Ho5YvHCtyReazatbhBowA,Stomp It Tutorials,GBxNd-8miz0,"Intermediate Freestyle Skiing | How to 360 With Grabs, 270 & Front Flip",2016-12-11 07:00:00+00:00,41163,372,38,Unknown,2025-11-30
Alpine Skiing,UC1Ho5YvHCtyReazatbhBowA,Stomp It Tutorials,B7dVoRu-S54,How to Slide Kinked Rails on Skis | Down Flat Downs,2016-03-11 07:50:33+00:00,41088,518,26,Unknown,2025-11-30
Alpine Skiing,UC1Ho5YvHCtyReazatbhBowA,Stomp It Tutorials,ZW8XGNblUoM,A Crazy Ski Drill to Carve With High Edge Angles | Drill Bits,2024-01-27 11:00:26+00:00,39282,461,42,Unknown,2025-11-30
Alpine Skiing,UC2jvpwCE6Ybmizxid2qnRHg,Ski School by Elate Media,5rHQnexKVrQ,Blizzard G-Force Ultrasonic 2012 Ski Review,2011-10-03 06:46:28+00:00,35596,53,13,Unknown,2025-12-01
Alpine Skiing,UC1Ho5YvHCtyReazatbhBowA,Stomp It Tutorials,T6RJKcuf2dE,Pop Vs Absorb for Dropping Cliffs on Skis 2/5 | #shorts,2023-02-05 13:30:14+00:00,33167,969,6,Unknown,2025-11-30
Alpine Skiing,UC1Ho5YvHCtyReazatbhBowA,Stomp It Tutorials,Sk6bQFJPjzk,Learn to Freeride Ski and Conquer the Mountain | Stomp It Camps,2023-11-10 11:48:09+00:00,31956,80,4,Unknown,2025-11-30
Alpine Skiing,UC2jvpwCE6Ybmizxid2qnRHg,Ski School by Elate Media,CjMXrAeQfP4,Armada AK JJ 2012 Big Mountain Ski Review,2011-10-02 00:28:20+00:00,31621,34,2,Unknown,2025-12-01
Alpine Skiing,UC1Ho5YvHCtyReazatbhBowA,Stomp It Tutorials,FvBpzRwmbKk,Intermediate VS Advanced Carving on Skis. Outside Ski Pressure | #shorts,2022-09-25 16:00:07+00:00,31283,744,8,Unknown,2025-11-30
Alpine Skiing,UC1Ho5YvHCtyReazatbhBowA,Stomp It Tutorials,sRewYwMwb60,Dolphin Turns for Extreme Fore and Aft Feelings | #shorts,2024-12-19 17:20:33+00:00,30905,757,4,Unknown,2025-11-30
Alpine Skiing,UC1Ho5YvHCtyReazatbhBowA,Stomp It Tutorials,hS42vEbB_Ww,How to Side Flip on Skis #shorts,2021-04-27 13:00:31+00:00,30405,1124,33,Unknown,2025-11-30
Alpine Skiing,UC1Ho5YvHCtyReazatbhBowA,Stomp It Tutorials,wOU0sb8f-_g,How to 180 on Skis #shorts,2022-01-24 16:30:14+00:00,29457,989,2,Unknown,2025-11-30
Alpine Skiing,UC1Ho5YvHCtyReazatbhBowA,Stomp It Tutorials,CcxQpQzwD80,How To Train for Skiing | Workout B,2022-11-20 14:00:11+00:00,29016,777,27,Unknown,2025-11-30
Alpine Skiing,UC1Ho5YvHCtyReazatbhBowA,Stomp It Tutorials,GwG0TSK7abs,A Drill for Achieving High Edge Angles on Skis | #shorts,2025-01-01 18:25:54+00:00,28196,665,9,Unknown,2025-11-30
Alpine Skiing,UC1Ho5YvHCtyReazatbhBowA,Stomp It Tutorials,FlmbOAl77qk,How to Back Slide on Skis | Trendiest Trick of the Season,2016-12-03 08:58:13+00:00,27290,380,68,Unknown,2025-11-30
Alpine Skiing,UC1Ho5YvHCtyReazatbhBowA,Stomp It Tutorials,RkJlG8QyrUI,Ski Tips & Calling Tricks | 8 Fun Ones,2021-02-28 14:25:38+00:00,26936,724,55,Unknown,2025-11-30
Alpine Skiing,UC1Ho5YvHCtyReazatbhBowA,Stomp It Tutorials,Z-pTSZ8P_zg,How to Shifty on Skis | #shorts,2023-09-25 16:00:24+00:00,25935,911,10,Unknown,2025-11-30
Alpine Skiing,UC1Ho5YvHCtyReazatbhBowA,Stomp It Tutorials,TlxyoXPslWs,Practice Short Turns in Powder | #shorts,2023-01-15 17:00:30+00:00,25604,670,4,Unknown,2025-11-30
Alpine Skiing,UC1Ho5YvHCtyReazatbhBowA,Stomp It Tutorials,NnnsXEBwTHc,"How to Mute Grab on Skis | Beginner Mute, Tweaked & 180 Mute Grab",2023-01-22 14:00:09+00:00,25364,646,17,Unknown,2025-11-30
Alpine Skiing,UC1Ho5YvHCtyReazatbhBowA,Stomp It Tutorials,1EjjASbo39o,Ski Tips & Calling Tricks | Underflips & Flairs,2021-11-21 15:00:01+00:00,24795,396,50,Unknown,2025-11-30
Alpine Skiing,UC1Ho5YvHCtyReazatbhBowA,Stomp It Tutorials,nY6cwsB_qhM,Top Freestyle Ski Gear Long-Term Review | Favorite 4 Bits of Gear,2024-03-21 14:50:46+00:00,23572,385,67,Unknown,2025-11-30
Alpine Skiing,UC1Ho5YvHCtyReazatbhBowA,Stomp It Tutorials,9gNNGOZkI0Q,How to Switch 360 on Skis | #shorts,2022-12-30 17:00:10+00:00,23246,797,9,Unknown,2025-11-30
Alpine Skiing,UC1Ho5YvHCtyReazatbhBowA,Stomp It Tutorials,DCd8HeODC5s,Be Patient in the Transition while Carving on Skis | #shorts,2024-02-04 17:00:13+00:00,23008,551,2,Unknown,2025-11-30
Alpine Skiing,UC1Ho5YvHCtyReazatbhBowA,Stomp It Tutorials,v-UfKtrRLng,Carving Trick | Air Borne Edge Change Over a Roller #shorts,2022-01-20 10:23:11+00:00,21786,577,16,Unknown,2025-11-30
Alpine Skiing,UC1Ho5YvHCtyReazatbhBowA,Stomp It Tutorials,5I2BgGpNjMk,How to Overcome Fear | The Reality of Learning Freestyle Skiing 7,2023-12-13 11:43:25+00:00,21271,359,28,Unknown,2025-11-30
Alpine Skiing,UC1Ho5YvHCtyReazatbhBowA,Stomp It Tutorials,GeZs_WOhLd4,How to Drop on Skis 1/5 | #shorts,2023-02-04 17:00:09+00:00,21225,671,1,Unknown,2025-11-30
Alpine Skiing,UC2jvpwCE6Ybmizxid2qnRHg,Ski School by Elate Media,dlNqlx89mZk,Scott Venture 2012 Freeride Ski Review,2011-10-02 10:50:05+00:00,20942,22,1,Unknown,2025-12-01
Alpine Skiing,UC1Ho5YvHCtyReazatbhBowA,Stomp It Tutorials,G7IStFzvMrM,How to Do 3 Tap Tricks and 4 Other Ski Tricks That Feel Great | Ski Tips & Calling Tricks,2022-02-19 14:00:07+00:00,20275,519,23,Unknown,2025-11-30
Alpine Skiing,UC1Ho5YvHCtyReazatbhBowA,Stomp It Tutorials,Aj1pxas2uGw,Ski Mountaineering Equipment | What I Would Keep & Change | EP4,2021-12-28 15:00:10+00:00,19623,326,45,Unknown,2025-11-30
Alpine Skiing,UC1Ho5YvHCtyReazatbhBowA,Stomp It Tutorials,lGIRwK8L4U0,Most Fun Way to Jump on Skis | How to Ollie Everything,2025-03-09 14:00:49+00:00,19151,323,27,Unknown,2025-11-30
Alpine Skiing,UC1Ho5YvHCtyReazatbhBowA,Stomp It Tutorials,3tGTr2jUN1o,Feel the Silence while Carving on Skis | #shorts,2024-02-09 17:10:00+00:00,19108,445,5,Unknown,2025-11-30
Alpine Skiing,UC2jvpwCE6Ybmizxid2qnRHg,Ski School by Elate Media,Y74nEl73tKE,ESSENTIAL Gear Check BEFORE Going Skiing - Ski Gear Checklist & Tips,2022-11-03 14:42:04+00:00,18563,245,21,Unknown,2025-12-01
Alpine Skiing,UC1Ho5YvHCtyReazatbhBowA,Stomp It Tutorials,6r1ocRG10I4,Topple then Angulate for Better Carving on Skis | #shorts,2023-02-02 17:30:00+00:00,17981,451,3,Unknown,2025-11-30
Alpine Skiing,UC2jvpwCE6Ybmizxid2qnRHg,Ski School by Elate Media,cMJhF1ug8Ys,Head Motorhead Inferno 2012 Big Mountain Ski Review,2011-10-04 11:25:50+00:00,17833,32,14,Unknown,2025-12-01
Alpine Skiing,UC1Ho5YvHCtyReazatbhBowA,Stomp It Tutorials,dzBSI3CTt1Y,How to Switch Butter on Skis (Basic Version) | #shorts,2023-01-10 17:30:04+00:00,17805,557,11,Unknown,2025-11-30
Alpine Skiing,UC1Ho5YvHCtyReazatbhBowA,Stomp It Tutorials,V6SkoVx858k,A Hip Drill for Stronger Ski Carving | #shorts,2024-01-16 17:10:00+00:00,17729,466,6,Unknown,2025-11-30
Alpine Skiing,UC1Ho5YvHCtyReazatbhBowA,Stomp It Tutorials,kCoTEYFkuLU,Carving on Skis | Understanding Turning Radius and Arc Length #shorts,2022-12-26 02:00:08+00:00,17160,156,5,Unknown,2025-11-30
Alpine Skiing,UC1Ho5YvHCtyReazatbhBowA,Stomp It Tutorials,lgYqE365MRI,Freestyle Skiers Learns How to Ski Race | The Race Day,2025-01-22 14:15:29+00:00,16903,331,35,Unknown,2025-11-30
Alpine Skiing,UC1Ho5YvHCtyReazatbhBowA,Stomp It Tutorials,6wEnSf3L8RM,How to Choose the Right Ski Boots? 👢  #shorts #skiing,2025-02-02 14:15:00+00:00,16037,246,5,Unknown,2025-11-30
Alpine Skiing,UC1Ho5YvHCtyReazatbhBowA,Stomp It Tutorials,i97MBBHll2A,A Tip to Improve Your Freeride Turns on Skis | #shorts,2024-01-27 17:00:28+00:00,16026,546,6,Unknown,2025-11-30
Alpine Skiing,UC2jvpwCE6Ybmizxid2qnRHg,Ski School by Elate Media,11ccsF77c7o,Zag H112 2012 Big Mountain Ski Review,2011-09-28 13:16:44+00:00,15650,20,5,Unknown,2025-12-01
Alpine Skiing,UC1Ho5YvHCtyReazatbhBowA,Stomp It Tutorials,2TwjGJUye9M,How to Early Tail Grab on Skis with Fabian Boesch | #shorts,2022-11-05 17:00:03+00:00,15366,445,8,Unknown,2025-11-30
Alpine Skiing,UC1Ho5YvHCtyReazatbhBowA,Stomp It Tutorials,tIec86uA-Lg,Shorten the Arc Length while Powder Skiing | #shorts,2024-02-22 17:16:00+00:00,15354,306,11,Unknown,2025-11-30
Alpine Skiing,UC1Ho5YvHCtyReazatbhBowA,Stomp It Tutorials,_tkYY8k1Zn0,J-Turn Hand Drag Drill for Getting Closer to the Snow | #shorts,2025-01-09 17:33:48+00:00,15270,427,13,Unknown,2025-11-30
Alpine Skiing,UC1Ho5YvHCtyReazatbhBowA,Stomp It Tutorials,vhnd18XTSwQ,Tip for Learning Pow Butters on Skis | #shorts,2023-03-11 17:00:37+00:00,14966,674,4,Unknown,2025-11-30
Alpine Skiing,UC1Ho5YvHCtyReazatbhBowA,Stomp It Tutorials,h9qjg2KEP8s,"“Lean Forward"" – Why this is bad advice? 🤔⛷️ #shorts #skiing",2025-03-11 17:00:47+00:00,14870,711,7,Unknown,2025-11-30
Alpine Skiing,UC1Ho5YvHCtyReazatbhBowA,Stomp It Tutorials,dVytlztr1f8,The Reality of Learning How to 360 on Skis,2025-10-12 15:11:36+00:00,14655,290,20,Unknown,2025-11-30
Alpine Skiing,UC1Ho5YvHCtyReazatbhBowA,Stomp It Tutorials,eIFAaU_ByR0,Let the Feet Guide You Side to Side while Skiing | #shorts,2023-12-19 17:00:26+00:00,14379,348,3,Unknown,2025-11-30
Alpine Skiing,UC1Ho5YvHCtyReazatbhBowA,Stomp It Tutorials,alV4gT43x-A,Terrain Tip for Freeride Skiing | #shorts,2023-02-17 17:05:00+00:00,14353,332,2,Unknown,2025-11-30
Alpine Skiing,UC1Ho5YvHCtyReazatbhBowA,Stomp It Tutorials,1p5tNqTNHfo,Sick Looking Ski Backpacks | Stomp It Ski Reviews,2025-01-23 11:45:55+00:00,13988,192,25,Unknown,2025-11-30
Alpine Skiing,UC1Ho5YvHCtyReazatbhBowA,Stomp It Tutorials,8TZY_LBbkyc,How to Ski Backwards Better | #shorts,2023-10-18 17:00:03+00:00,13888,469,1,Unknown,2025-11-30
Alpine Skiing,UC1Ho5YvHCtyReazatbhBowA,Stomp It Tutorials,xQtmX4VybMk,3 Fun  Freeride Ski Lines & a Failed Mission | Vanlife Skiing,2022-03-26 11:13:39+00:00,13620,546,49,Unknown,2025-11-30
Alpine Skiing,UC1Ho5YvHCtyReazatbhBowA,Stomp It Tutorials,gOJWFxq9f_k,Master the Art of Skiing Switch #ski #skiing,2025-01-28 19:30:05+00:00,13123,353,4,Unknown,2025-11-30
Alpine Skiing,UC1Ho5YvHCtyReazatbhBowA,Stomp It Tutorials,wNy6qmQX7HA,How to do Powder Turns on a Groomed Slope | #shorts,2023-12-08 17:00:48+00:00,13071,383,8,Unknown,2025-11-30
Alpine Skiing,UC1Ho5YvHCtyReazatbhBowA,Stomp It Tutorials,K_AeJ-YDT9I,How to Fit Your Skis and Boots? 👢 ⛷️#shorts #skiing,2025-02-09 13:00:22+00:00,12911,418,1,Unknown,2025-11-30
Alpine Skiing,UC1Ho5YvHCtyReazatbhBowA,Stomp It Tutorials,tsJU-BaNoLw,How to Shifty Down the Hill While Carving #shorts,2022-02-15 19:30:02+00:00,12826,301,2,Unknown,2025-11-30
Alpine Skiing,UC1Ho5YvHCtyReazatbhBowA,Stomp It Tutorials,xXH7sXkDAeU,How to J-Spin to Switch Tail Butter 360 on Skis | #shorts,2023-12-05 16:40:00+00:00,12617,368,3,Unknown,2025-11-30
Alpine Skiing,UC1Ho5YvHCtyReazatbhBowA,Stomp It Tutorials,K5NnDXXQPIg,A Cool Couloir & Knödel | Vanlife Skiing Hintertux Austria,2022-03-16 13:56:54+00:00,12347,515,53,Unknown,2025-11-30
Alpine Skiing,UC1Ho5YvHCtyReazatbhBowA,Stomp It Tutorials,S_WVH-MxTjg,How to Snow Grind? ⛷️ #shorts #skiing #snow,2025-03-08 20:00:16+00:00,12206,542,6,Unknown,2025-11-30
Alpine Skiing,UC2jvpwCE6Ybmizxid2qnRHg,Ski School by Elate Media,C8xJibELN-4,Are You Prepared For The Upcoming Season?,2022-10-11 16:45:11+00:00,12037,151,72,Unknown,2025-12-01
Alpine Skiing,UC1Ho5YvHCtyReazatbhBowA,Stomp It Tutorials,jwC-3qPPIQk,How to Right 90 Cuban on Skis | #shorts,2022-08-16 10:06:05+00:00,11934,354,3,Unknown,2025-11-30
Alpine Skiing,UC2jvpwCE6Ybmizxid2qnRHg,Ski School by Elate Media,SX0-634XLvE,London Ski and Snowboard Show,2010-10-28 10:28:48+00:00,10966,41,5,Unknown,2025-12-01
Alpine Skiing,UC2jvpwCE6Ybmizxid2qnRHg,Ski School by Elate Media,nc9XpdLwBtw,Getting Your Body Ready for Skiing,2010-10-18 12:56:52+00:00,7352,42,1,Unknown,2025-12-01
Alpine Skiing,UC2jvpwCE6Ybmizxid2qnRHg,Ski School by Elate Media,-hEXmdPnnpc,COLD FEET HACKS - Could These TIPS Help Your Skiing?,2025-01-08 15:01:51+00:00,5542,90,17,Unknown,2025-12-01
Alpine Skiing,UC2jvpwCE6Ybmizxid2qnRHg,Ski School by Elate Media,-inNniPEpRQ,HOW Many BOA's??? (... Does one skier NEED?) 🤘,2025-02-07 21:51:58+00:00,4701,162,44,Unknown,2025-12-01
Alpine Skiing,UC2jvpwCE6Ybmizxid2qnRHg,Ski School by Elate Media,WAWaAGw6tNM,"Profeet - Hand crafted footwear for skiing, cycling, running and the outdoors",2010-10-19 16:02:59+00:00,4137,15,2,Unknown,2025-12-01
Alpine Skiing,UC2jvpwCE6Ybmizxid2qnRHg,Ski School by Elate Media,ATPcDlD0SO4,We’re Testing Skis - Any skis you'd like reviewed?,2023-03-09 09:34:57+00:00,2953,51,35,Unknown,2025-12-01
Alpine Skiing,UC2jvpwCE6Ybmizxid2qnRHg,Ski School by Elate Media,5KFoiJK5NDo,WHY Hasn’t This Been Done BEFORE?  (DEORUM APOLLO FR Ski Poles),2025-02-13 20:00:06+00:00,2531,32,14,Unknown,2025-12-01
Alpine Skiing,UC2jvpwCE6Ybmizxid2qnRHg,Ski School by Elate Media,c0z2Yd-zSc8,It’s A Wrap.,2022-10-21 14:30:50+00:00,1964,29,0,Unknown,2025-12-01
Alpine Skiing,UC2jvpwCE6Ybmizxid2qnRHg,Ski School by Elate Media,jfZtdR2HCIM,YOU CHOOSE - SKI TEST 2024,2024-01-17 19:00:31+00:00,1786,27,32,Unknown,2025-12-01
Alpine Skiing,UC2jvpwCE6Ybmizxid2qnRHg,Ski School by Elate Media,4Im49iBNvx0,YOU CHOOSE - WHAT SKIS SHOULD WE REVIEW? 2025/26,2025-01-23 20:00:03+00:00,945,14,6,Unknown,2025-12-01
BASE Jumping,UCWV7yCbCiNa-LwM81OMYMGQ,Douggs,XCVJl9bWrCo,Nuclear Tower & USA Base Jumps | Base Dreams | Ep 2,2013-06-21 15:26:13+00:00,22185987,59780,2909,Unknown,2025-12-01
BASE Jumping,UCWV7yCbCiNa-LwM81OMYMGQ,Douggs,uz7u2a_0Hs8,Swiss Crack Proximity Flying | Base Dreams | Ep 3,2013-06-28 14:00:28+00:00,2018929,5941,555,Unknown,2025-12-01
BASE Jumping,UCWV7yCbCiNa-LwM81OMYMGQ,Douggs,NuO0llatQX0,"4WD jumping into a dam. Chris ""Douggs"" McDougall BASE",2006-11-21 03:29:01+00:00,1956631,807,645,Unknown,2025-12-01
BASE Jumping,UCWV7yCbCiNa-LwM81OMYMGQ,Douggs,3q4pj_4RkF4,Indoor BASE Jumps & More Crazy Fun | BASE Dreams 2 | Ep 4,2014-10-16 15:30:02+00:00,1721806,6625,223,Unknown,2025-12-01
BASE Jumping,UCWV7yCbCiNa-LwM81OMYMGQ,Douggs,k-Idkhud5hY,Leg straps Incident,2016-09-09 16:24:54+00:00,1109912,7134,946,Unknown,2025-12-01
BASE Jumping,UCWV7yCbCiNa-LwM81OMYMGQ,Douggs,6NSnyZaVt_E,"""Navagio Beach"" Base Jumps | Base Dreams | Ep 1",2013-06-14 13:04:53+00:00,1049427,3387,310,Unknown,2025-12-01
BASE Jumping,UCWV7yCbCiNa-LwM81OMYMGQ,Douggs,ctWJl5EB1cA,Base Dreams | New Series | Trailer,2013-06-07 13:45:15+00:00,764938,1758,72,Unknown,2025-12-01
BASE Jumping,UCWV7yCbCiNa-LwM81OMYMGQ,Douggs,arTnp3aCxX8,Best Of Building BASE Jumps | BASE Dreams 2 | EP2,2014-10-02 15:30:02+00:00,589455,2972,127,Unknown,2025-12-01
BASE Jumping,UCWV7yCbCiNa-LwM81OMYMGQ,Douggs,yt24sflk_TM,Best Of Bridge BASE Jumps | BASE Dreams 2 | EP1,2014-09-25 15:30:02+00:00,576752,2729,123,Unknown,2025-12-01
BASE Jumping,UCWV7yCbCiNa-LwM81OMYMGQ,Douggs,eIo8lT3cmcQ,Cable Base Jump In Turkey I Base Dreams I Ep 4,2013-07-05 15:21:45+00:00,455314,1318,73,Unknown,2025-12-01
BASE Jumping,UCWV7yCbCiNa-LwM81OMYMGQ,Douggs,dz8Z40xjHts,KL Tower Base Jumping | Base Dreams | Ep 5,2013-07-12 15:27:37+00:00,399391,1497,78,Unknown,2025-12-01
BASE Jumping,UCWV7yCbCiNa-LwM81OMYMGQ,Douggs,M8nLeXK1Xn8,BASE Dreams 2 | New Series | Trailer,2014-09-18 15:00:05+00:00,324351,734,42,Unknown,2025-12-01
BASE Jumping,UCWV7yCbCiNa-LwM81OMYMGQ,Douggs,YVr6ITp6rOE,BASE Dreams 3 | A Douggs Life,2015-12-03 16:00:01+00:00,319856,2470,243,Unknown,2025-12-01
BASE Jumping,UCWV7yCbCiNa-LwM81OMYMGQ,Douggs,18tIzmdeeak,China Dragon Wall Jumps  | Base Dreams | Ep 6,2013-07-19 19:36:46+00:00,308962,1065,49,Unknown,2025-12-01
BASE Jumping,UCWV7yCbCiNa-LwM81OMYMGQ,Douggs,zKxhYV1xuhE,"The Human Sling Shot, Chris ""Douggs"" McDougall BASE",2013-02-01 10:41:59+00:00,258348,986,78,Unknown,2025-12-01
BASE Jumping,UCWV7yCbCiNa-LwM81OMYMGQ,Douggs,EwPIXheX_8I,"Kuwait's first ever base jumps from Al Hamra tower by Chris ""Douggs"" McDougall BASE",2013-03-11 08:00:26+00:00,208396,805,60,Unknown,2025-12-01
BASE Jumping,UCWV7yCbCiNa-LwM81OMYMGQ,Douggs,-n08-Lx9fCs,Dubai Penthouse Base Jump | Base Dreams | Ep 10,2013-09-05 10:00:21+00:00,186017,601,44,Unknown,2025-12-01
BASE Jumping,UCWV7yCbCiNa-LwM81OMYMGQ,Douggs,F-7Gzm0cWF0,Have you seen my Golf Ball?,2013-11-27 17:44:02+00:00,184897,1421,110,Unknown,2025-12-01
BASE Jumping,UCWV7yCbCiNa-LwM81OMYMGQ,Douggs,V7vTLC8L38Q,Fjord Base Jump I Base Dreams I Ep 8,2013-08-02 15:30:11+00:00,178126,731,45,Unknown,2025-12-01
BASE Jumping,UCWV7yCbCiNa-LwM81OMYMGQ,Douggs,vnRat-7cA3M,Epic Atlas Base Jump I Base Dreams I Ep 7,2013-07-26 16:32:13+00:00,166271,575,48,Unknown,2025-12-01
BASE Jumping,UCWV7yCbCiNa-LwM81OMYMGQ,Douggs,G4ygzy9Hl9E,Watch out... It's a TRAP!,2013-12-05 10:47:40+00:00,166177,874,43,Unknown,2025-12-01
BASE Jumping,UCWV7yCbCiNa-LwM81OMYMGQ,Douggs,I0mGlqG_jJ8,BASE jumping inflatable plane,2014-06-29 20:56:30+00:00,165788,541,45,Unknown,2025-12-01
BASE Jumping,UCWV7yCbCiNa-LwM81OMYMGQ,Douggs,wEAjL171jFs,Waterfall Fly-Thru & Best Of Wingsuit | BASE Dreams 2 | Ep 5,2014-10-24 14:00:08+00:00,160575,1109,79,Unknown,2025-12-01
BASE Jumping,UCWV7yCbCiNa-LwM81OMYMGQ,Douggs,Nt91xuk9Ui0,"CJ style. Chris ""Douggs"" McDougall BASE",2009-01-14 18:35:45+00:00,137045,359,69,Unknown,2025-12-01
BASE Jumping,UCWV7yCbCiNa-LwM81OMYMGQ,Douggs,f2O-Dpw0Yfc,Douggs BASE Survival Talk,2016-02-10 10:59:30+00:00,124516,2253,202,Unknown,2025-12-01
BASE Jumping,UCWV7yCbCiNa-LwM81OMYMGQ,Douggs,gtTQvOx7Kic,"3000th BASE jump Chris ""Douggs"" McDougall",2014-06-28 03:59:28+00:00,119780,640,39,Unknown,2025-12-01
BASE Jumping,UCoKHqxcOhmEuqZT-p8RSatg,Miles Daisher,SBBBDaYN6vA,New Skyaking Tricks,2008-02-26 06:18:58+00:00,117666,309,67,Unknown,2025-11-30
BASE Jumping,UCWV7yCbCiNa-LwM81OMYMGQ,Douggs,-kWd5dgN8Mk,Antenna Bandit Base Jump | Base Dreams | Ep 9,2013-08-16 16:21:33+00:00,115972,463,43,Unknown,2025-12-01
BASE Jumping,UCWV7yCbCiNa-LwM81OMYMGQ,Douggs,gh2QO0_E4Es,Best Of Cliff BASE Jumps | BASE Dreams 2 | EP3,2014-10-09 15:30:02+00:00,91779,605,36,Unknown,2025-12-01
BASE Jumping,UCWV7yCbCiNa-LwM81OMYMGQ,Douggs,JO0D0rW7snc,Learn to BASE jump LTBJ: Not Just a BASE Course,2017-09-25 14:56:55+00:00,75298,1235,102,Unknown,2025-12-01
BASE Jumping,UCWV7yCbCiNa-LwM81OMYMGQ,Douggs,YjPaacZn-js,TALK N’ FLY - A proximity Flight Commented by Douggs,2015-10-26 15:08:35+00:00,72599,1515,84,Unknown,2025-12-01
BASE Jumping,UCWV7yCbCiNa-LwM81OMYMGQ,Douggs,Mc0yj2cov5s,Disco Disco Party Party,2015-04-03 15:57:26+00:00,71860,739,42,Unknown,2025-12-01
BASE Jumping,UCWV7yCbCiNa-LwM81OMYMGQ,Douggs,IJ35Gin5oXA,WINGMEN | Incredible BASE jumping Film | Official Trailer,2015-07-02 17:30:01+00:00,64701,868,30,Unknown,2025-12-01
BASE Jumping,UCWV7yCbCiNa-LwM81OMYMGQ,Douggs,seiNoP6hcvo,What Does B.A.S.E Stand for? | Chris Douggs McDougall,2016-05-24 18:00:03+00:00,63859,657,43,Unknown,2025-12-01
BASE Jumping,UCWV7yCbCiNa-LwM81OMYMGQ,Douggs,1T4sXgOKUzw,"NEVER SLOWING DOWN. Chris ""Douggs"" McDougall BASE",2013-01-25 07:23:59+00:00,63544,655,68,Unknown,2025-12-01
BASE Jumping,UCWV7yCbCiNa-LwM81OMYMGQ,Douggs,q2GOVCKdqzA,"Black Dragon Make Storm. Chris ""Douggs"" McDougall BASE",2011-12-01 15:01:33+00:00,61134,526,72,Unknown,2025-12-01
BASE Jumping,UCoKHqxcOhmEuqZT-p8RSatg,Miles Daisher,6bVpuwO3FXg,Miles D's 5000th BASE jump,2018-06-01 19:58:49+00:00,55261,769,95,Unknown,2025-11-30
BASE Jumping,UCWV7yCbCiNa-LwM81OMYMGQ,Douggs,kFDcgw821ag,"Australia Chopper Skydive | Chris ""Douggs"" McDougall",2015-12-03 15:30:00+00:00,53842,659,45,Unknown,2025-12-01
BASE Jumping,UCWV7yCbCiNa-LwM81OMYMGQ,Douggs,hg5EoCDwhnk,Tandem Skydiving Double Malfunction ft Wildman,2016-01-17 17:00:01+00:00,49519,391,78,Unknown,2025-12-01
BASE Jumping,UCWV7yCbCiNa-LwM81OMYMGQ,Douggs,6TMbUIjyD9A,"Troll wall jump BUSTED. Chris ""Douggs"" McDougall BASE",2006-12-21 14:37:40+00:00,46252,215,48,Unknown,2025-12-01
BASE Jumping,UCoKHqxcOhmEuqZT-p8RSatg,Miles Daisher,r3Vun6-JVK4,Miles D Skyaking,2008-02-07 04:30:11+00:00,45968,44,8,Unknown,2025-11-30
BASE Jumping,UCWV7yCbCiNa-LwM81OMYMGQ,Douggs,Azq84dFeEuE,Whispers of Freedom,2013-08-30 13:44:23+00:00,45544,332,50,Unknown,2025-12-01
BASE Jumping,UCWV7yCbCiNa-LwM81OMYMGQ,Douggs,LzKWbmb7fxM,Skydive Freak Out | 2 Jumps 2 Cut Aways,2015-10-27 16:00:01+00:00,44279,563,80,Unknown,2025-12-01
BASE Jumping,UCWV7yCbCiNa-LwM81OMYMGQ,Douggs,3QHmFCeGWsc,"Chris ""Douggs"" McDougall - Channel Trailer",2015-02-26 15:30:00+00:00,43231,341,11,Unknown,2025-12-01
BASE Jumping,UCWV7yCbCiNa-LwM81OMYMGQ,Douggs,XgVqtOV8zrk,Good Morning Burning Man Skydive | BASE Dreams 3 Bonus,2016-01-22 16:38:37+00:00,39744,689,40,Unknown,2025-12-01
BASE Jumping,UCWV7yCbCiNa-LwM81OMYMGQ,Douggs,PAgFtz-PCW4,HAPPY DAYS | Best Of BASE & Wingsuit by DOUGGS,2016-07-17 17:00:30+00:00,39730,908,61,Unknown,2025-12-01
BASE Jumping,UCWV7yCbCiNa-LwM81OMYMGQ,Douggs,Fj1j3wGWEdM,JET SPRINT BOAT RACING crazy face expression,2015-01-11 15:21:52+00:00,39173,607,23,Unknown,2025-12-01
BASE Jumping,UCWV7yCbCiNa-LwM81OMYMGQ,Douggs,C44wGJtfZJA,Incredible Mountain Shelter BASE Jump | 4 Swiss BASE Jumps,2015-10-08 16:00:00+00:00,37936,908,72,Unknown,2025-12-01
BASE Jumping,UCWV7yCbCiNa-LwM81OMYMGQ,Douggs,zTq2OWkxPmQ,"Tandem malfunction Chris ""Douggs"" McDougall BASE",2008-01-19 05:31:53+00:00,35234,179,51,Unknown,2025-12-01
BASE Jumping,UCWV7yCbCiNa-LwM81OMYMGQ,Douggs,xJoVnvIldW0,"Living A Dreamers Dream 2010 . Chris ""Douggs"" McDougall BASE",2010-11-20 08:06:41+00:00,35040,223,24,Unknown,2025-12-01
BASE Jumping,UCWV7yCbCiNa-LwM81OMYMGQ,Douggs,7pZDmtyar1A,"No Pull Find. Chris ""Douggs"" McDougall BASE",2010-06-05 07:07:50+00:00,34609,222,40,Unknown,2025-12-01
BASE Jumping,UCWV7yCbCiNa-LwM81OMYMGQ,Douggs,3NbL3xSOgJ8,The Loose Dudes disk 1,2017-03-28 09:05:18+00:00,32361,451,56,Unknown,2025-12-01
BASE Jumping,UCWV7yCbCiNa-LwM81OMYMGQ,Douggs,F3Uv1bBlbyQ,Learn to BASE jump LTBJ: EPIC May BASE course 2018,2018-07-16 17:28:11+00:00,32288,486,40,Unknown,2025-12-01
BASE Jumping,UCWV7yCbCiNa-LwM81OMYMGQ,Douggs,BOvZCAKBxMQ,"Chris ""Douggs"" McDougall BASE 160 off heading opening BASE jump",2013-04-03 23:51:57+00:00,32030,245,43,Unknown,2025-12-01
BASE Jumping,UCWV7yCbCiNa-LwM81OMYMGQ,Douggs,KHF8fUWqcgE,"Douggs Birthday BASE jump for my beautiful Wifey, Jenny McZolla",2013-11-15 00:55:02+00:00,29430,262,16,Unknown,2025-12-01
BASE Jumping,UCoKHqxcOhmEuqZT-p8RSatg,Miles Daisher,NVYvQYJ3d8w,New BASE jumping trick!!!!,2008-07-03 01:15:45+00:00,29417,99,9,Unknown,2025-11-30
BASE Jumping,UCWV7yCbCiNa-LwM81OMYMGQ,Douggs,MgaPRcqy1MI,Douggs Wingsuit Racing at The WWL in China,2015-03-27 11:00:00+00:00,26381,245,6,Unknown,2025-12-01
BASE Jumping,UCoKHqxcOhmEuqZT-p8RSatg,Miles Daisher,60aX_DlNZbM,Miles Daisher VLOG 001 - Alaska Speedriding Adventure,2018-04-10 06:28:07+00:00,25930,137,12,Unknown,2025-11-30
BASE Jumping,UCWV7yCbCiNa-LwM81OMYMGQ,Douggs,uk0Mvu7RgG4,"Sling Shot POV Dubai. Chris ""Douggs"" McDougall BASE",2012-12-04 03:06:07+00:00,25925,140,13,Unknown,2025-12-01
BASE Jumping,UCWV7yCbCiNa-LwM81OMYMGQ,Douggs,q4r0vUencCI,BASE COURSE CROATIA  | DOUGGS DAZE | EP1,2016-10-03 20:00:02+00:00,25605,578,40,Unknown,2025-12-01
BASE Jumping,UCWV7yCbCiNa-LwM81OMYMGQ,Douggs,XGvTDQGvWY4,"Baffin Island Hatchlings. Chris ""Douggs"" McDougall BASE",2010-06-22 13:21:27+00:00,25059,221,25,Unknown,2025-12-01
BASE Jumping,UCWV7yCbCiNa-LwM81OMYMGQ,Douggs,h8YmAIkAjbo,"100,000 Douggs Subscribers!!!!",2014-12-12 18:00:46+00:00,24245,388,34,Unknown,2025-12-01
BASE Jumping,UCWV7yCbCiNa-LwM81OMYMGQ,Douggs,MQGgwnKfwaQ,Action Man Day 2014 - Sponsored Video,2014-08-24 08:07:55+00:00,23078,459,51,Unknown,2025-12-01
BASE Jumping,UCWV7yCbCiNa-LwM81OMYMGQ,Douggs,Sej8FR56N3w,A Scumbags guide to Adventure Living!,2017-02-28 05:56:14+00:00,22937,719,83,Unknown,2025-12-01
BASE Jumping,UCWV7yCbCiNa-LwM81OMYMGQ,Douggs,xVVR-3o1S0o,BASE COURSE SWITZERLAND | DOUGGS DAZE | EP 3,2016-10-17 20:00:01+00:00,22389,427,40,Unknown,2025-12-01
BASE Jumping,UCoKHqxcOhmEuqZT-p8RSatg,Miles Daisher,94fARXPFyYY,Beach ball Swoopin! Whoot whoot,2024-07-14 20:32:31+00:00,21833,253,5,Unknown,2025-11-30
BASE Jumping,UCWV7yCbCiNa-LwM81OMYMGQ,Douggs,rSEOXpswV50,BASE COURSE ITALY | DOUGGS DAZE | EP2,2016-10-10 20:00:03+00:00,21802,481,44,Unknown,2025-12-01
BASE Jumping,UCWV7yCbCiNa-LwM81OMYMGQ,Douggs,qRw60p_n0qI,SpeedBoat New Zealand Fun | BASE Dreams 3 Bonus,2016-01-22 16:38:37+00:00,20613,350,14,Unknown,2025-12-01
BASE Jumping,UCWV7yCbCiNa-LwM81OMYMGQ,Douggs,vNbBPnkhAKk,"Windmill Base jumping. Chris ""Douggs"" McDougall BASE",2010-11-06 15:18:25+00:00,19860,61,8,Unknown,2025-12-01
BASE Jumping,UCWV7yCbCiNa-LwM81OMYMGQ,Douggs,NKRzQOk_y-U,Coombesy 2005,2014-05-28 09:34:14+00:00,19720,200,19,Unknown,2025-12-01
BASE Jumping,UCWV7yCbCiNa-LwM81OMYMGQ,Douggs,lHF-xUEJRrs,Douggs Old School Montage,2016-04-09 14:37:44+00:00,19547,517,28,Unknown,2025-12-01
BASE Jumping,UCoKHqxcOhmEuqZT-p8RSatg,Miles Daisher,exRScjLlDFU,Miles Daisher Going Further,2008-10-14 07:09:13+00:00,18919,100,21,Unknown,2025-11-30
BASE Jumping,UCWV7yCbCiNa-LwM81OMYMGQ,Douggs,axQULEtzWuQ,"PHOENIX FLY ""ONESIE"" OFFICIAL VIDEO",2017-08-07 16:17:42+00:00,18467,346,13,Unknown,2025-12-01
BASE Jumping,UCWV7yCbCiNa-LwM81OMYMGQ,Douggs,TsKkuOpCu-M,KL TOWER PART 1 | DOUGGS DAZE | EP7,2016-11-21 21:00:01+00:00,18417,412,56,Unknown,2025-12-01
BASE Jumping,UCWV7yCbCiNa-LwM81OMYMGQ,Douggs,QEAWhp3p-UY,Chris Douggs Mcdougall - Best of Vlogs,2016-12-02 18:00:02+00:00,18044,284,37,Unknown,2025-12-01
BASE Jumping,UCoKHqxcOhmEuqZT-p8RSatg,Miles Daisher,rN3FJrcr9iA,SKYAKING to Front Flip Landing,2014-05-20 22:11:26+00:00,17874,98,8,Unknown,2025-11-30
BASE Jumping,UCWV7yCbCiNa-LwM81OMYMGQ,Douggs,agSxfzV4AkI,"High 5 TV show on base jumping. Chris ""Douggs"" McDougall BASE",2006-12-01 04:03:14+00:00,17418,86,8,Unknown,2025-12-01
BASE Jumping,UCWV7yCbCiNa-LwM81OMYMGQ,Douggs,vgAffbYwJkQ,Douggs Interview for The Daily Edition,2014-12-17 12:44:01+00:00,16476,382,30,Unknown,2025-12-01
BASE Jumping,UCWV7yCbCiNa-LwM81OMYMGQ,Douggs,S0tomInSYCg,Learn to BASE jump LTBJ: The Mullet Butthole Boogie Norway 2018,2018-10-30 13:31:08+00:00,16365,350,36,Unknown,2025-12-01
BASE Jumping,UCWV7yCbCiNa-LwM81OMYMGQ,Douggs,b9cBRuaM-tc,Flying Dagger | Wingsuit & BASE Jumping Film | Official Trailer,2016-01-27 15:00:03+00:00,16344,267,10,Unknown,2025-12-01
BASE Jumping,UCWV7yCbCiNa-LwM81OMYMGQ,Douggs,rpGpIkfi8IM,"""Confessions of an Idiot"" Video Add. Chris ""Douggs"" McDougall BASE",2009-09-30 04:14:25+00:00,15777,65,13,Unknown,2025-12-01
BASE Jumping,UCWV7yCbCiNa-LwM81OMYMGQ,Douggs,J-DdToapflI,"the original big wall  base jump track. Chris ""Douggs"" McDougall BASE",2006-11-21 00:47:04+00:00,15469,99,20,Unknown,2025-12-01
BASE Jumping,UCWV7yCbCiNa-LwM81OMYMGQ,Douggs,b-OxpBwk8hM,KL TOWER PART 2 | DOUGGS DAZE | EP8,2016-11-28 21:00:01+00:00,15280,376,61,Unknown,2025-12-01
BASE Jumping,UCWV7yCbCiNa-LwM81OMYMGQ,Douggs,iGp11wz2G3Y,"The Texture of Granite. Chris ""Douggs"" McDougall BASE",2008-09-22 02:11:35+00:00,15274,66,23,Unknown,2025-12-01
BASE Jumping,UCWV7yCbCiNa-LwM81OMYMGQ,Douggs,i-jmRuMIcho,Racking Up Our Remains,2017-03-09 14:06:56+00:00,15230,280,81,Unknown,2025-12-01
BASE Jumping,UCWV7yCbCiNa-LwM81OMYMGQ,Douggs,kdCw9iQdJbM,The Human Carrot.... by Ping Pong McNoodle,2017-06-22 21:43:42+00:00,14792,398,77,Unknown,2025-12-01
BASE Jumping,UCWV7yCbCiNa-LwM81OMYMGQ,Douggs,o5MXmIf_eQ8,SHORT FILMS FOR THE DUMB AND STUPID,2017-04-19 07:43:07+00:00,14721,223,39,Unknown,2025-12-01
BASE Jumping,UCWV7yCbCiNa-LwM81OMYMGQ,Douggs,RY9_BlmIojg,WINGS FOR LOVE CHINA | DOUGGS DAZE | EP6,2016-11-14 21:00:00+00:00,14572,506,100,Unknown,2025-12-01
BASE Jumping,UCWV7yCbCiNa-LwM81OMYMGQ,Douggs,7HY7Szc-HRM,"Douggs 1st base jump 1997. Chris ""Douggs"" McDougall BASE",2011-12-14 08:12:03+00:00,13629,111,12,Unknown,2025-12-01
BASE Jumping,UCWV7yCbCiNa-LwM81OMYMGQ,Douggs,L2SMBwNJL9A,"Baguette Baguette. Chris ""Douggs"" McDougall BASE",2012-06-16 21:07:03+00:00,12663,74,7,Unknown,2025-12-01
BASE Jumping,UCWV7yCbCiNa-LwM81OMYMGQ,Douggs,S9Rpp8c1oNc,"All About Me! 2003. Chris ""Douggs"" McDougall BASE",2011-02-21 15:36:45+00:00,12341,178,12,Unknown,2025-12-01
BASE Jumping,UCWV7yCbCiNa-LwM81OMYMGQ,Douggs,9kDwXu5m1og,"Douggs From Australia. Chris ""Douggs"" McDougall BASE",2012-07-22 02:21:39+00:00,11939,200,24,Unknown,2025-12-01
BASE Jumping,UCWV7yCbCiNa-LwM81OMYMGQ,Douggs,8t1f9viQaPI,Cause They Told Us Not To,2017-03-22 07:22:34+00:00,11824,234,38,Unknown,2025-12-01
BASE Jumping,UCWV7yCbCiNa-LwM81OMYMGQ,Douggs,h1_iPt_z3AE,SKYDIVE TIME USA | DOUGGS DAZE | EP14,2017-01-16 21:00:30+00:00,11675,323,72,Unknown,2025-12-01
BASE Jumping,UCWV7yCbCiNa-LwM81OMYMGQ,Douggs,Pb7oEfIUv6o,The Loose Dudes Disk 2,2018-07-16 17:17:05+00:00,11613,128,15,Unknown,2025-12-01
BASE Jumping,UCWV7yCbCiNa-LwM81OMYMGQ,Douggs,GxFTMFp0cOk,RED BULL ACES | DOUGGS DAZE | EP17,2017-02-07 21:00:00+00:00,11354,308,153,Unknown,2025-12-01
BASE Jumping,UCoKHqxcOhmEuqZT-p8RSatg,Miles Daisher,-ZxM93Mo2wY,Tandem BASE jump in air training. Step and fall and Yeah!!!,2025-11-09 06:50:18+00:00,11222,82,2,Unknown,2025-11-30
BASE Jumping,UCWV7yCbCiNa-LwM81OMYMGQ,Douggs,L9D2CIL_Shk,UNITED KINGDOM TRIP | DOUGGS DAZE | EP 4,2016-10-24 20:00:01+00:00,10448,292,52,Unknown,2025-12-01
BASE Jumping,UCWV7yCbCiNa-LwM81OMYMGQ,Douggs,Aa1tNpDrLWg,Learn To BASE jump LTBJ: BASE Course 1 April 2019,2019-07-08 10:06:11+00:00,10446,312,18,Unknown,2025-12-01
BASE Jumping,UCWV7yCbCiNa-LwM81OMYMGQ,Douggs,gnsR9f_XNwk,"The shovels first promo video. Chris ""Douggs"" McDougall BASE",2008-10-03 17:00:24+00:00,10282,62,4,Unknown,2025-12-01
BASE Jumping,UCWV7yCbCiNa-LwM81OMYMGQ,Douggs,5wvOqCKeanA,"Hits from the gong. Chris ""Douggs"" McDougall BASE",2009-01-14 23:20:42+00:00,10247,68,11,Unknown,2025-12-01
BASE Jumping,UCWV7yCbCiNa-LwM81OMYMGQ,Douggs,0t3kF3Im9Uk,HEADING TO CHINA | DOUGGS DAZE | EP 5,2016-11-07 19:00:00+00:00,9397,359,88,Unknown,2025-12-01
BASE Jumping,UCWV7yCbCiNa-LwM81OMYMGQ,Douggs,jx_QsXYB-Vs,"The Chimney. Chris ""Douggs"" McDougall BASE",2010-11-06 16:55:24+00:00,9333,53,6,Unknown,2025-12-01
BASE Jumping,UCoKHqxcOhmEuqZT-p8RSatg,Miles Daisher,pavQHVDdw0A,"Parachute Mail Delivery, bring the noise!",2025-10-30 17:06:06+00:00,9114,89,0,Unknown,2025-11-30
BASE Jumping,UCWV7yCbCiNa-LwM81OMYMGQ,Douggs,Vgye1ktuL44,B.A.S.E & BURRITOS | DOUGGS DAZE | EP15,2017-01-23 21:00:31+00:00,8956,218,52,Unknown,2025-12-01
BASE Jumping,UCWV7yCbCiNa-LwM81OMYMGQ,Douggs,ZucyN5agDjs,"china 2004. Chris ""Douggs"" McDougall BASE",2010-11-14 07:35:20+00:00,8929,30,4,Unknown,2025-12-01
BASE Jumping,UCWV7yCbCiNa-LwM81OMYMGQ,Douggs,9VZ5F-s6Y-o,Learn to BASE jump LTBJ: June course video 2018,2018-08-06 15:30:00+00:00,8734,159,22,Unknown,2025-12-01
BASE Jumping,UCWV7yCbCiNa-LwM81OMYMGQ,Douggs,9yZ5TfmUjX8,"Douglas Park bridge bus jump. Chris ""Douggs"" McDougall BASE",2007-07-13 01:39:17+00:00,8642,23,4,Unknown,2025-12-01
BASE Jumping,UCWV7yCbCiNa-LwM81OMYMGQ,Douggs,DJwWBa2e5eQ,BASEJUMPER,2017-05-09 06:39:45+00:00,8635,362,39,Unknown,2025-12-01
BASE Jumping,UCWV7yCbCiNa-LwM81OMYMGQ,Douggs,agLYWQrsYNI,"WWL Douggs round one 2012. Chris ""Douggs"" McDougall BASE",2012-10-26 13:56:48+00:00,8391,44,5,Unknown,2025-12-01
BASE Jumping,UCoKHqxcOhmEuqZT-p8RSatg,Miles Daisher,FJgn-K08NIY,Skyak Pillar falls,2011-09-10 07:22:52+00:00,8342,46,6,Unknown,2025-11-30
BASE Jumping,UCoKHqxcOhmEuqZT-p8RSatg,Miles Daisher,tf9CaxQriRs,Miles Daisher is Living the Dream Falling,2010-12-07 21:11:30+00:00,4865,33,5,Unknown,2025-11-30
BASE Jumping,UCoKHqxcOhmEuqZT-p8RSatg,Miles Daisher,or09s-WxqbY,Perrine Bridge Festival,2010-08-10 02:48:31+00:00,4864,17,7,Unknown,2025-11-30
BASE Jumping,UCoKHqxcOhmEuqZT-p8RSatg,Miles Daisher,Tm0IsOTRoTE,"The ONE! jumped by Julian Boulle, Chuck Berry and Miles Daisher",2011-02-01 08:00:24+00:00,4485,22,6,Unknown,2025-11-30
BASE Jumping,UCoKHqxcOhmEuqZT-p8RSatg,Miles Daisher,Q61d6aAUl6M,Miles Daisher New Year's Eve Hawaii,2012-01-02 23:11:15+00:00,4464,25,9,Unknown,2025-11-30
BASE Jumping,UCoKHqxcOhmEuqZT-p8RSatg,Miles Daisher,YEfAJk5NsiI,Coaching timing and fearlessness to my son. He has great eye hand coordination skills. Let’s improve,2025-11-25 20:51:05+00:00,4365,49,1,Unknown,2025-11-30
BASE Jumping,UCoKHqxcOhmEuqZT-p8RSatg,Miles Daisher,OVW8a3tDutQ,Miles Daisher's new wing. Swiss Speedfly 4-2-11,2011-04-08 19:15:44+00:00,3720,26,5,Unknown,2025-11-30
BASE Jumping,UCoKHqxcOhmEuqZT-p8RSatg,Miles Daisher,R8X87SoNNYM,Wing Suit Gainer BASE jump from KL Tower,2014-11-20 22:32:14+00:00,3548,42,3,Unknown,2025-11-30
BASE Jumping,UCoKHqxcOhmEuqZT-p8RSatg,Miles Daisher,nsBGvwiWqaw,While learning to BASE jump you may be followed by a coach and an FPV drone,2024-12-30 20:13:31+00:00,3185,115,2,Unknown,2025-11-30
BASE Jumping,UCoKHqxcOhmEuqZT-p8RSatg,Miles Daisher,6s86pbpvcs8,Smashing pumpkins,2025-11-10 15:17:04+00:00,3092,52,0,Unknown,2025-11-30
BASE Jumping,UCoKHqxcOhmEuqZT-p8RSatg,Miles Daisher,qgXD1agxHm8,Miles D and Jeffro Sumidero #2 Wing suit BASE jump.,2017-01-18 16:37:00+00:00,2833,33,6,Unknown,2025-11-30
BASE Jumping,UCoKHqxcOhmEuqZT-p8RSatg,Miles Daisher,0BmH4M0DlJU,BASE jump Double Cutaway,2018-10-31 17:54:31+00:00,2803,73,8,Unknown,2025-11-30
BASE Jumping,UCoKHqxcOhmEuqZT-p8RSatg,Miles Daisher,DfCHadMUjDc,Chuck Berry and Miles D BASE the KL Tower,2008-07-03 01:28:45+00:00,2799,3,1,Unknown,2025-11-30
BASE Jumping,UCoKHqxcOhmEuqZT-p8RSatg,Miles Daisher,ECoB4YyKKMw,MIles D takes third at theBASE World Cup 2008 Berlin Germany,2008-07-03 01:35:12+00:00,2746,3,1,Unknown,2025-11-30
BASE Jumping,UCoKHqxcOhmEuqZT-p8RSatg,Miles Daisher,k2Dl8J0Befg,Chainsaw Pumpkin carving and parachute flying.  Like chocolate and vanilla. #happyhalloween,2025-10-30 21:10:49+00:00,2308,28,3,Unknown,2025-11-30
BASE Jumping,UCoKHqxcOhmEuqZT-p8RSatg,Miles Daisher,oif8uU7NPO4,Shelton Squirrels,2010-06-08 17:09:20+00:00,2213,14,3,Unknown,2025-11-30
BASE Jumping,UCoKHqxcOhmEuqZT-p8RSatg,Miles Daisher,27aO892UpuM,McConkey rollover BASE jump training at Miles D’s BASE Camp,2025-11-04 04:48:37+00:00,2181,25,0,Unknown,2025-11-30
BASE Jumping,UCoKHqxcOhmEuqZT-p8RSatg,Miles Daisher,D2OTSUSBkfk,Oil rig landing,2018-04-06 18:39:00+00:00,2115,39,2,Unknown,2025-11-30
BASE Jumping,UCoKHqxcOhmEuqZT-p8RSatg,Miles Daisher,-TOcj8SqzJM,4 Barrel rolls to swoop KL Tower,2014-11-21 02:15:49+00:00,1985,21,3,Unknown,2025-11-30
BASE Jumping,UCoKHqxcOhmEuqZT-p8RSatg,Miles Daisher,MEJRppB3h5I,BASE jump Dubai's Princess Tower with Mike Swanson.,2018-10-31 18:04:18+00:00,1962,56,7,Unknown,2025-11-30
BASE Jumping,UCoKHqxcOhmEuqZT-p8RSatg,Miles Daisher,Rngmj_mXOpk,1 year Crashaversary. I’m doing my do over.,2025-11-15 01:52:48+00:00,1921,48,4,Unknown,2025-11-30
BASE Jumping,UCoKHqxcOhmEuqZT-p8RSatg,Miles Daisher,y8reo1Ge_L8,"World Skydiving Day celebration with Mike Swanson and I, flying Squirrel suits",2024-07-14 20:20:52+00:00,1851,36,0,Unknown,2025-11-30
BASE Jumping,UCoKHqxcOhmEuqZT-p8RSatg,Miles Daisher,V4DpRwDc8AQ,I love new parachutes. She is so fresh. I’m thinking swooper thoughts.,2025-11-25 07:40:42+00:00,1640,17,0,Unknown,2025-11-30
BASE Jumping,UCoKHqxcOhmEuqZT-p8RSatg,Miles Daisher,pi7XApcRIOk,Swooper Sunday times. Blast from the Summer.,2025-11-23 17:14:08+00:00,1607,33,3,Unknown,2025-11-30
BASE Jumping,UCoKHqxcOhmEuqZT-p8RSatg,Miles Daisher,iLhTMHgqbz8,Miles D and Jeffro Wing suit BASE jump into Cañon de Sumidero.,2017-01-18 16:26:59+00:00,1591,32,3,Unknown,2025-11-30
BASE Jumping,UCoKHqxcOhmEuqZT-p8RSatg,Miles Daisher,3VHQntbZ4QY,McConkey Monday. 5 way McConkey rollover style BASE jumps. Because we can at Miles D’s BASE Camp.,2025-11-18 02:07:47+00:00,1578,39,1,Unknown,2025-11-30
BASE Jumping,UCoKHqxcOhmEuqZT-p8RSatg,Miles Daisher,sZO60LOdxek,Tandem BASE landing. #basejump,2025-11-12 22:21:17+00:00,1456,12,0,Unknown,2025-11-30
BASE Jumping,UCoKHqxcOhmEuqZT-p8RSatg,Miles Daisher,1zIauqFnpm8,Training for indoor BASE jump.,2013-02-26 03:58:03+00:00,1399,13,3,Unknown,2025-11-30
BASE Jumping,UCoKHqxcOhmEuqZT-p8RSatg,Miles Daisher,0NCgLHfrcKU,Bullseyes for days. Welcome jump on this brand new 410 square feet of fun parachute.,2025-11-07 19:47:16+00:00,1339,26,0,Unknown,2025-11-30
BASE Jumping,UCoKHqxcOhmEuqZT-p8RSatg,Miles Daisher,RZdyg1iW2MI,Come fly with me at Miles D’s BASE Camp.                                        www.milesdaisher.com,2025-11-18 19:05:03+00:00,1299,31,0,Unknown,2025-11-30
BASE Jumping,UCoKHqxcOhmEuqZT-p8RSatg,Miles Daisher,qs2BMWNpTMs,St Patrick swoop,2013-03-20 04:39:12+00:00,1264,23,6,Unknown,2025-11-30
BASE Jumping,UCoKHqxcOhmEuqZT-p8RSatg,Miles Daisher,P681Fozp_vM,Gaylord jump HelmetPOV,2013-04-08 13:39:51+00:00,1225,9,6,Unknown,2025-11-30
BASE Jumping,UCoKHqxcOhmEuqZT-p8RSatg,Miles Daisher,KzUm2478Pv4,"BASE Camp says Go Ahead, Call HR.",2025-11-11 18:43:47+00:00,1150,37,1,Unknown,2025-11-30
BASE Jumping,UCoKHqxcOhmEuqZT-p8RSatg,Miles Daisher,QYH_MjeMnIA,Here comes a Go Pro Hero 4. Do you have good hands?,2014-12-05 05:16:01+00:00,1062,12,0,Unknown,2025-11-30
BASE Jumping,UCoKHqxcOhmEuqZT-p8RSatg,Miles Daisher,O-ynuLTCrrY,BASE jump smoke jumper.,2025-11-04 04:56:29+00:00,1027,21,0,Unknown,2025-11-30
BASE Jumping,UCoKHqxcOhmEuqZT-p8RSatg,Miles Daisher,I0VbflUPCYA,Tracking on a skydive in Voss Norway,2024-07-01 19:26:34+00:00,952,26,0,Unknown,2025-11-30
BASE Jumping,UCoKHqxcOhmEuqZT-p8RSatg,Miles Daisher,KF2mqC0eL7Q,Taylor Holbrook for the red circle. Almost a perfect bullseye on this tandem BASE jump.,2025-10-24 21:42:48+00:00,846,12,0,Unknown,2025-11-30
BASE Jumping,UCoKHqxcOhmEuqZT-p8RSatg,Miles Daisher,7MhH6A8-who,Wing Suit Supergorgeous in Moab UT with a Tip from the pro.,2023-12-13 18:17:20+00:00,665,25,0,Unknown,2025-11-30
BASE Jumping,UCoKHqxcOhmEuqZT-p8RSatg,Miles Daisher,5TLl7mTQy4w,Ski BASE Rock Springs Buttress.,2019-11-21 15:39:38+00:00,596,32,0,Unknown,2025-11-30
BASE Jumping,UCoKHqxcOhmEuqZT-p8RSatg,Miles Daisher,XIvQmRMtVsg,PPG Commute to BASE,2018-05-25 03:22:52+00:00,585,15,2,Unknown,2025-11-30
BASE Jumping,UCoKHqxcOhmEuqZT-p8RSatg,Miles Daisher,-11cm9BRYPw,World Skydiving day part 2 with Swanson. Landing style counts. Crowd goes wild!,2024-07-14 20:25:27+00:00,582,14,0,Unknown,2025-11-30
BASE Jumping,UCoKHqxcOhmEuqZT-p8RSatg,Miles Daisher,4DRvkqkbOA0,"3 Way Freefly, Building BASE jump with outside video.  So yeah, 4 way free fly, building, BASE jump.",2024-01-24 00:45:13+00:00,556,32,2,Unknown,2025-11-30
BASE Jumping,UCoKHqxcOhmEuqZT-p8RSatg,Miles Daisher,6ng2oghQjxA,Hat Trick,2019-11-17 18:15:03+00:00,501,29,5,Unknown,2025-11-30
BASE Jumping,UCoKHqxcOhmEuqZT-p8RSatg,Miles Daisher,m-8j819Bjd4,PPG riding out of my backyard. Sunset March 24 2020.,2020-03-25 14:46:12+00:00,466,24,5,Unknown,2025-11-30
BASE Jumping,UCoKHqxcOhmEuqZT-p8RSatg,Miles Daisher,1P-4MTsB2NE,underwaterTraining,2014-12-13 00:05:41+00:00,415,7,0,Unknown,2025-11-30
BASE Jumping,UCoKHqxcOhmEuqZT-p8RSatg,Miles Daisher,--a44Hnz2RE,4 Gainers off the Perrine bridge.  This 360 Rylo Camera is magical.  GTS all the time.  Get The Shot,2019-11-21 19:29:00+00:00,411,15,3,Unknown,2025-11-30
BASE Jumping,UCoKHqxcOhmEuqZT-p8RSatg,Miles Daisher,hiq2Q9AMvF8,Record jump day Summer Solstice 2017,2018-01-23 18:39:50+00:00,320,17,2,Unknown,2025-11-30
BASE Jumping,UCoKHqxcOhmEuqZT-p8RSatg,Miles Daisher,79wZHauEq8A,"Gudvengen 6way Wind suit BASE jump, June25",2024-07-01 17:53:12+00:00,200,18,4,Unknown,2025-11-30
BASE Jumping,UCoKHqxcOhmEuqZT-p8RSatg,Miles Daisher,TfprAx0v15Y,Skyak San Blas Mexico,2022-12-08 16:10:22+00:00,186,9,3,Unknown,2025-11-30
BASE Jumping,UCoKHqxcOhmEuqZT-p8RSatg,Miles Daisher,Q6eaQkXurcM,Red Bull Air Force Wing Suit demonstration at Oshkosh EAA,2023-12-27 17:19:13+00:00,176,9,0,Unknown,2025-11-30
BASE Jumping,UCoKHqxcOhmEuqZT-p8RSatg,Miles Daisher,ETW37fWHMT0,Hanging Wild Turkey BASE jump,2023-12-13 18:27:53+00:00,172,8,0,Unknown,2025-11-30
BASE Jumping,UCoKHqxcOhmEuqZT-p8RSatg,Miles Daisher,Gl67bXuDMwM,Free Flying head down with a group of cool people in Voss Norway,2024-07-01 19:17:52+00:00,167,8,0,Unknown,2025-11-30
BASE Jumping,UCoKHqxcOhmEuqZT-p8RSatg,Miles Daisher,VIQbBC0_2As,Kyle and Margo love each other even more than BASE jumping,2023-12-29 05:16:35+00:00,145,9,0,Unknown,2025-11-30
BASE Jumping,UCoKHqxcOhmEuqZT-p8RSatg,Miles Daisher,bloiZep0N3c,Wing suit flying with an aerobatic airplane.,2024-07-01 19:17:18+00:00,102,7,1,Unknown,2025-11-30
BASE Jumping,UCoKHqxcOhmEuqZT-p8RSatg,Miles Daisher,ReSfUlOZg8c,"PPG Powered Paraglider, Backyard take off and landing.",2023-12-12 16:41:29+00:00,101,6,0,Unknown,2025-11-30
BASE Jumping,UCoKHqxcOhmEuqZT-p8RSatg,Miles Daisher,WckyneQvN9M,How to create a small rainbow with a parachute,2023-12-13 18:05:51+00:00,76,5,0,Unknown,2025-11-30
Backcountry Skiing,UCCCg2M-wz6pSp-_iwpX55jg,Backcountry Skiing Canada,Kz5FUNL8GKc,Garmin Fenix 5 GPS Watch,2017-01-18 00:07:28+00:00,103729,90,22,Unknown,2025-11-30
Backcountry Skiing,UCCCg2M-wz6pSp-_iwpX55jg,Backcountry Skiing Canada,2UlZLa8pMnA,Suunto Traverse GPS Watch,2016-02-16 21:27:20+00:00,75442,244,28,Unknown,2025-11-30
Backcountry Skiing,UCCCg2M-wz6pSp-_iwpX55jg,Backcountry Skiing Canada,0nLL2ltN0Bc,Arcteryx Atom LT,2013-01-07 22:01:42+00:00,69144,144,18,Unknown,2025-11-30
Backcountry Skiing,UCCCg2M-wz6pSp-_iwpX55jg,Backcountry Skiing Canada,vM-nT-O1jEc,Arcteryx Cerium LT Jacket,2016-02-16 20:05:44+00:00,68152,203,58,Unknown,2025-11-30
Backcountry Skiing,UCCCg2M-wz6pSp-_iwpX55jg,Backcountry Skiing Canada,hk3z1SUhGCQ,Atomic Shift MNC 13 Binding,2020-01-20 04:05:07+00:00,55091,240,56,Unknown,2025-11-30
Backcountry Skiing,UCCCg2M-wz6pSp-_iwpX55jg,Backcountry Skiing Canada,vnZQ2Wx6DyA,Salomon MTN Bindings,2017-04-18 03:56:12+00:00,47245,95,33,Unknown,2025-11-30
Backcountry Skiing,UCCCg2M-wz6pSp-_iwpX55jg,Backcountry Skiing Canada,rmhoH9gt874,Garmin Fenix 3 GPS Watch,2015-04-17 20:29:59+00:00,46162,113,36,Unknown,2025-11-30
Backcountry Skiing,UCCCg2M-wz6pSp-_iwpX55jg,Backcountry Skiing Canada,UfeeWbQ2fAc,How To Perform A Compression Test,2018-01-05 04:52:48+00:00,38578,377,31,Unknown,2025-11-30
Backcountry Skiing,UCCCg2M-wz6pSp-_iwpX55jg,Backcountry Skiing Canada,SO1hhi-_0NE,Suunto Ambit 3 GPS Watch,2014-11-18 02:48:49+00:00,38406,53,16,Unknown,2025-11-30
Backcountry Skiing,UCCCg2M-wz6pSp-_iwpX55jg,Backcountry Skiing Canada,S5C4xddOJ6I,Mountain Hardwear Ghost Whisperer Hooded Down Jacket,2012-12-26 23:32:23+00:00,37707,47,29,Unknown,2025-11-30
Backcountry Skiing,UCCCg2M-wz6pSp-_iwpX55jg,Backcountry Skiing Canada,xq694BOpHSw,Bears Can Jump,2016-06-11 03:36:38+00:00,35883,696,45,Unknown,2025-11-30
Backcountry Skiing,UCCCg2M-wz6pSp-_iwpX55jg,Backcountry Skiing Canada,Jptpl6-bBpk,Marker Tour F10 Alpine Touring Binding,2014-01-02 00:25:08+00:00,35375,67,10,Unknown,2025-11-30
Backcountry Skiing,UCCCg2M-wz6pSp-_iwpX55jg,Backcountry Skiing Canada,LriY4lsS8Qg,Atomic Tracker 16 Alpine Touring Bindings,2013-04-10 20:26:47+00:00,34955,48,5,Unknown,2025-11-30
Backcountry Skiing,UCCCg2M-wz6pSp-_iwpX55jg,Backcountry Skiing Canada,1jdU_obl_cA,Salomon Guardian Alpine Touring Binding,2012-01-26 21:23:56+00:00,33175,24,7,Unknown,2025-11-30
Backcountry Skiing,UCCCg2M-wz6pSp-_iwpX55jg,Backcountry Skiing Canada,Y_oBNgFuoV0,Next Season's Scarpa Maestrale AT Boots,2017-01-18 05:38:16+00:00,32651,67,24,Unknown,2025-11-30
Backcountry Skiing,UCCCg2M-wz6pSp-_iwpX55jg,Backcountry Skiing Canada,EVWIDKmQDcg,Platypus GravityWorks 4L Water Filter,2014-08-15 16:57:17+00:00,31770,227,26,Unknown,2025-11-30
Backcountry Skiing,UCCCg2M-wz6pSp-_iwpX55jg,Backcountry Skiing Canada,9LF7erHi0FE,DPS Wailer 112RP Skis,2014-01-12 23:46:15+00:00,31035,36,6,Unknown,2025-11-30
Backcountry Skiing,UCCCg2M-wz6pSp-_iwpX55jg,Backcountry Skiing Canada,illzHdY8VSU,Marker Alpinist 12 Bindings,2019-12-08 04:46:47+00:00,30799,65,13,Unknown,2025-11-30
Backcountry Skiing,UCCCg2M-wz6pSp-_iwpX55jg,Backcountry Skiing Canada,-TnUlKsC-cc,Garmin Fenix 5X Plus,2018-07-31 02:45:51+00:00,30168,50,0,Unknown,2025-11-30
Backcountry Skiing,UCCCg2M-wz6pSp-_iwpX55jg,Backcountry Skiing Canada,EnxbgEA_vlA,Salomon Guardian WTR 13 Alpine Touring Binding,2013-12-17 03:12:04+00:00,29923,52,10,Unknown,2025-11-30
Backcountry Skiing,UCCCg2M-wz6pSp-_iwpX55jg,Backcountry Skiing Canada,1k8Q-GeK9HQ,Body Glove Performer 2021 Stand Up Paddle Board,2021-06-02 16:55:57+00:00,29159,438,63,Unknown,2025-11-30
Backcountry Skiing,UCCCg2M-wz6pSp-_iwpX55jg,Backcountry Skiing Canada,LEQyhE21urA,"GSI Pinnacle Camper, Backpacker and Dualist Integrated Cooking and Eating Solution",2012-04-25 23:42:41+00:00,28562,81,7,Unknown,2025-11-30
Backcountry Skiing,UCCCg2M-wz6pSp-_iwpX55jg,Backcountry Skiing Canada,R-sh2mqxCJE,Therm-a-Rest Trail King SV & NeoAir All Season SV Mattresses,2016-07-31 22:58:26+00:00,28162,77,23,Unknown,2025-11-30
Backcountry Skiing,UCCCg2M-wz6pSp-_iwpX55jg,Backcountry Skiing Canada,KZ9jI2tM7QU,Tecnica Zero G Tour Pro Boots,2021-11-25 21:57:39+00:00,26940,172,49,Unknown,2025-11-30
Backcountry Skiing,UCCCg2M-wz6pSp-_iwpX55jg,Backcountry Skiing Canada,1cCu1X3HOBM,Tyrolia Ambition 12 AT Binding,2014-01-12 23:23:22+00:00,26654,60,17,Unknown,2025-11-30
Backcountry Skiing,UCCCg2M-wz6pSp-_iwpX55jg,Backcountry Skiing Canada,aVEEugIayzU,Mountain Hardwear Ghost Whisperer Down Jacket Review,2013-12-20 19:56:13+00:00,26527,28,10,Unknown,2025-11-30
Backcountry Skiing,UCCCg2M-wz6pSp-_iwpX55jg,Backcountry Skiing Canada,er6l12miMnQ,Camelbak Low Rider Bike Pack Collection,2016-07-09 15:08:29+00:00,26465,94,20,Unknown,2025-11-30
Backcountry Skiing,UCCCg2M-wz6pSp-_iwpX55jg,Backcountry Skiing Canada,hq_v1-B8YRM,Marker Kingpin Binding,2015-02-16 00:33:16+00:00,25437,34,24,Unknown,2025-11-30
Backcountry Skiing,UCCCg2M-wz6pSp-_iwpX55jg,Backcountry Skiing Canada,G_tCfi3c9Do,Scott Cosmos II Alpine Touring Boots,2015-01-25 02:51:53+00:00,24780,36,4,Unknown,2025-11-30
Backcountry Skiing,UCCCg2M-wz6pSp-_iwpX55jg,Backcountry Skiing Canada,30R2-WunhAE,Columbia Omni Heat 3D,2018-09-25 03:26:39+00:00,24440,92,17,Unknown,2025-11-30
Backcountry Skiing,UCCCg2M-wz6pSp-_iwpX55jg,Backcountry Skiing Canada,qsK63Zushb0,Dynafit Hoji Pro Tour Boots,2018-12-07 00:19:07+00:00,22438,78,26,Unknown,2025-11-30
Backcountry Skiing,UCCCg2M-wz6pSp-_iwpX55jg,Backcountry Skiing Canada,GmPV0PPiNDw,Avalanche Airbag Comparison,2019-01-18 00:15:32+00:00,22160,83,17,Unknown,2025-11-30
Backcountry Skiing,UCCCg2M-wz6pSp-_iwpX55jg,Backcountry Skiing Canada,vIWnTt4mp8Q,Dynafit TLT6 AT Boots at 2013 SIA show,2013-02-10 21:25:15+00:00,21405,10,2,Unknown,2025-11-30
Backcountry Skiing,UCCCg2M-wz6pSp-_iwpX55jg,Backcountry Skiing Canada,n67s8lkrCiI,G3 Ion Binding,2015-02-15 23:21:00+00:00,21273,21,0,Unknown,2025-11-30
Backcountry Skiing,UCCCg2M-wz6pSp-_iwpX55jg,Backcountry Skiing Canada,1EBAWCf93E0,Salomon Quest Motion Fit Jacket and Pants,2013-09-08 21:42:28+00:00,21243,28,10,Unknown,2025-11-30
Backcountry Skiing,UCCCg2M-wz6pSp-_iwpX55jg,Backcountry Skiing Canada,Ak9VoTHIjj8,Body Glove Performer 11’ iSUP,2020-05-26 22:49:56+00:00,20872,115,32,Unknown,2025-11-30
Backcountry Skiing,UCCCg2M-wz6pSp-_iwpX55jg,Backcountry Skiing Canada,RjhcAxDMPik,Mountain Hardwear Skyledge 3 DP Tent,2013-07-10 19:47:51+00:00,20660,29,2,Unknown,2025-11-30
Backcountry Skiing,UCCCg2M-wz6pSp-_iwpX55jg,Backcountry Skiing Canada,3vVtYghbDiQ,Elan Ripstick 106 Skis,2017-04-19 17:38:42+00:00,20556,65,16,Unknown,2025-11-30
Backcountry Skiing,UCCCg2M-wz6pSp-_iwpX55jg,Backcountry Skiing Canada,vps2lGcCnRA,G3 Ion Binding Issues,2015-02-15 23:33:55+00:00,20431,31,7,Unknown,2025-11-30
Backcountry Skiing,UCCCg2M-wz6pSp-_iwpX55jg,Backcountry Skiing Canada,kKmJdod_teE,Backcountry skiing tip - How to remove your climbing skins with out taking your skis off,2013-05-12 22:15:35+00:00,20094,34,4,Unknown,2025-11-30
Backcountry Skiing,UCCCg2M-wz6pSp-_iwpX55jg,Backcountry Skiing Canada,mTYit-lpp18,Sierra Designs Lightning 2UL Tent,2014-05-22 18:24:41+00:00,19642,63,26,Unknown,2025-11-30
Backcountry Skiing,UCCCg2M-wz6pSp-_iwpX55jg,Backcountry Skiing Canada,qqLtGwuOlfg,Dynafit TLT 7 Ski Boots,2016-01-13 18:19:06+00:00,19554,9,10,Unknown,2025-11-30
Backcountry Skiing,UCCCg2M-wz6pSp-_iwpX55jg,Backcountry Skiing Canada,dngxcZk87fY,How to perform a Hand Shear Test,2018-01-05 00:30:29+00:00,18832,199,28,Unknown,2025-11-30
Backcountry Skiing,UCCCg2M-wz6pSp-_iwpX55jg,Backcountry Skiing Canada,fxex7GzmmhA,Scarpa Freedom SL Boots,2014-03-31 00:07:11+00:00,18735,27,2,Unknown,2025-11-30
Backcountry Skiing,UCCCg2M-wz6pSp-_iwpX55jg,Backcountry Skiing Canada,x2xEFS466tk,Dynafit Vulcan AT Boots,2013-01-29 01:18:56+00:00,18699,23,3,Unknown,2025-11-30
Backcountry Skiing,UCCCg2M-wz6pSp-_iwpX55jg,Backcountry Skiing Canada,h5uA7AqFNtY,Blizzard Zero G 95 Skis,2015-12-24 00:51:12+00:00,18188,28,6,Unknown,2025-11-30
Backcountry Skiing,UCCCg2M-wz6pSp-_iwpX55jg,Backcountry Skiing Canada,hhxcjJcstlE,Fritschi Vipec Evo & Tecton 12 Binding,2017-01-19 03:23:08+00:00,18091,41,10,Unknown,2025-11-30
Backcountry Skiing,UCCCg2M-wz6pSp-_iwpX55jg,Backcountry Skiing Canada,07z7oHzRBNA,Arc'teryx Silo 30 Pack,2011-03-07 17:37:47+00:00,18048,22,2,Unknown,2025-11-30
Backcountry Skiing,UCCCg2M-wz6pSp-_iwpX55jg,Backcountry Skiing Canada,1Wu2UFCLbgs,Arc'teryx Procline Hybrid Hoody & Procline FL Pants,2015-04-08 18:38:45+00:00,17889,28,5,Unknown,2025-11-30
Backcountry Skiing,UCCCg2M-wz6pSp-_iwpX55jg,Backcountry Skiing Canada,Aq3EunQ-Z3E,Camelbak Fourteener 24 Backpack,2017-06-26 18:31:42+00:00,17868,76,22,Unknown,2025-11-30
Backcountry Skiing,UCCCg2M-wz6pSp-_iwpX55jg,Backcountry Skiing Canada,tQUqvHURhF0,Peak Performance Heli Alpine Jacket and Heli Loft Pants,2013-02-20 00:44:13+00:00,17731,16,6,Unknown,2025-11-30
Backcountry Skiing,UCCCg2M-wz6pSp-_iwpX55jg,Backcountry Skiing Canada,okUIOuiMDEc,Wapta Traverse,2012-04-26 03:02:17+00:00,17162,39,8,Unknown,2025-11-30
Backcountry Skiing,UCCCg2M-wz6pSp-_iwpX55jg,Backcountry Skiing Canada,r-7HPAyjKVQ,Dynafit Khion AT Boots,2015-02-04 01:23:14+00:00,16884,18,6,Unknown,2025-11-30
Backcountry Skiing,UCCCg2M-wz6pSp-_iwpX55jg,Backcountry Skiing Canada,UsYWfPmVjGo,Black Diamond Dawn Patrol Pants,2013-05-13 01:47:58+00:00,16536,25,4,Unknown,2025-11-30
Backcountry Skiing,UCCCg2M-wz6pSp-_iwpX55jg,Backcountry Skiing Canada,MkMBMl1bi1w,Pieps Micro Transceiver,2017-12-17 22:29:23+00:00,16473,52,30,Unknown,2025-11-30
Backcountry Skiing,UCCCg2M-wz6pSp-_iwpX55jg,Backcountry Skiing Canada,evV4AFLkAE4,Suunto Spartan Ulta Watch,2016-10-16 20:38:38+00:00,16204,43,8,Unknown,2025-11-30
Backcountry Skiing,UCCCg2M-wz6pSp-_iwpX55jg,Backcountry Skiing Canada,QWldZ8A4fAE,Suunto Ambit 3,2014-08-11 16:58:58+00:00,16137,18,5,Unknown,2025-11-30
Backcountry Skiing,UCCCg2M-wz6pSp-_iwpX55jg,Backcountry Skiing Canada,tqBlo80em2E,Avalanche Shovels 101: What to know,2020-10-27 19:38:17+00:00,14934,229,40,Unknown,2025-11-30
Backcountry Skiing,UCCCg2M-wz6pSp-_iwpX55jg,Backcountry Skiing Canada,VF9RR8jwfJU,Body Glove Performer 2022 SUP,2022-05-30 16:49:17+00:00,14656,120,49,Unknown,2025-11-30
Backcountry Skiing,UCCCg2M-wz6pSp-_iwpX55jg,Backcountry Skiing Canada,j8Y3OQvGJyI,Black Diamond Anarchist Avalung and Alias Avalung Packs,2013-05-18 01:44:25+00:00,14121,22,3,Unknown,2025-11-30
Backcountry Skiing,UCCCg2M-wz6pSp-_iwpX55jg,Backcountry Skiing Canada,s9rd0MUgS3A,Sneak Peek: New Ortovox Ascent Avabags,2018-02-02 22:52:59+00:00,14043,34,4,Unknown,2025-11-30
Backcountry Skiing,UCCCg2M-wz6pSp-_iwpX55jg,Backcountry Skiing Canada,ZJ1M5Jc8tnU,How To Buy Touring Skis,2020-11-18 22:06:54+00:00,13868,96,19,Unknown,2025-11-30
Backcountry Skiing,UCCCg2M-wz6pSp-_iwpX55jg,Backcountry Skiing Canada,vnwXiriwngk,Dynafit One PX Alpine Touring Boot,2013-01-04 22:14:48+00:00,13826,10,11,Unknown,2025-11-30
Backcountry Skiing,UCCCg2M-wz6pSp-_iwpX55jg,Backcountry Skiing Canada,nm95tXYA-is,La Sportiva Spectre AT Boots,2013-12-28 01:13:02+00:00,13744,15,4,Unknown,2025-11-30
Backcountry Skiing,UCCCg2M-wz6pSp-_iwpX55jg,Backcountry Skiing Canada,OxNqYLN3Ji0,Backcountry skiing tip - How to put your skis on when on a steep slope,2013-05-12 16:29:35+00:00,13024,58,1,Unknown,2025-11-30
Backcountry Skiing,UCCCg2M-wz6pSp-_iwpX55jg,Backcountry Skiing Canada,mYL-QGJIn-Q,Salomon Mountain Lab and Mountain Explorer AT Boots,2015-02-04 00:39:47+00:00,13012,10,0,Unknown,2025-11-30
Backcountry Skiing,UCCCg2M-wz6pSp-_iwpX55jg,Backcountry Skiing Canada,e49LJvmhluo,Sneak Peek: Helly Hansen Odin Jacket & Pants,2019-02-07 01:46:06+00:00,12859,44,16,Unknown,2025-11-30
Backcountry Skiing,UCCCg2M-wz6pSp-_iwpX55jg,Backcountry Skiing Canada,2tqLrCP4kAg,How To Dig A Snow Pit,2018-01-05 01:02:50+00:00,12831,83,0,Unknown,2025-11-30
Backcountry Skiing,UCCCg2M-wz6pSp-_iwpX55jg,Backcountry Skiing Canada,HsvX0vMwhgc,Volkl Vwerk Katana Skis,2015-02-16 00:00:01+00:00,12782,28,0,Unknown,2025-11-30
Backcountry Skiing,UCCCg2M-wz6pSp-_iwpX55jg,Backcountry Skiing Canada,4MeZzbOj-g4,Ortovox  Avabag Litric Tour 30 Avalanche Pack,2023-12-05 18:53:15+00:00,12616,114,44,Unknown,2025-11-30
Backcountry Skiing,UCCCg2M-wz6pSp-_iwpX55jg,Backcountry Skiing Canada,MdpZ-fMGYvs,Black Diamond Halo 28 Jetforce Avalanche Airbag Pack,2014-01-31 19:21:43+00:00,12532,23,2,Unknown,2025-11-30
Backcountry Skiing,UCCCg2M-wz6pSp-_iwpX55jg,Backcountry Skiing Canada,rXFjubrHLsU,Volkl Alpine Touring Ski Line up,2012-02-04 00:08:44+00:00,12514,8,7,Unknown,2025-11-30
Backcountry Skiing,UCCCg2M-wz6pSp-_iwpX55jg,Backcountry Skiing Canada,Fxn00DWtEQk,La Sportiva Spectre 2.0 AT Boots,2016-12-16 18:18:16+00:00,12405,25,9,Unknown,2025-11-30
Backcountry Skiing,UCCCg2M-wz6pSp-_iwpX55jg,Backcountry Skiing Canada,b68HDFtzcEY,G3 FINDr 102 Skis,2016-12-16 17:44:31+00:00,12387,21,6,Unknown,2025-11-30
Backcountry Skiing,UCCCg2M-wz6pSp-_iwpX55jg,Backcountry Skiing Canada,NoQdd1kv1_s,G3 Love Glove,2012-01-08 22:52:21+00:00,12096,25,2,Unknown,2025-11-30
Camping,UCSnqXeK94-iNmwqGO__eJ5g,Steve Wallis,3sNzM7OboTY,Tent Inside Tent Winter Camping,2021-01-28 22:19:43+00:00,12053084,187200,15768,Unknown,2025-11-30
Camping,UCSnqXeK94-iNmwqGO__eJ5g,Steve Wallis,OPDvLaXuSHQ,Stealth Camping In Roundabout,2022-04-07 19:44:23+00:00,10344517,296027,17374,Unknown,2025-11-30
Camping,UCSnqXeK94-iNmwqGO__eJ5g,Steve Wallis,c5B-9YiU5Ao,U-Haul Stealth Camping In -35 Degrees,2020-01-17 00:09:26+00:00,10004839,173753,12505,Unknown,2025-11-30
Camping,UCts-8ZqS339n-9nxy3DN8Cg,Joe Robinet,9LPasUjYkcw,"Solo Bushcraft Camp. 2 Nights in the Snow - Natural Shelter, Minimal Gear.",2016-11-30 23:30:00+00:00,9268145,133078,10398,Unknown,2025-12-01
Camping,UCts-8ZqS339n-9nxy3DN8Cg,Joe Robinet,C4Zi3RacyAI,SOLO BUSHCRAFT CAMP  4 Items Only -Natural Shelter- Wild Game Over the Fire,2018-12-07 23:10:31+00:00,8272864,106143,8053,Unknown,2025-12-01
Camping,UCSnqXeK94-iNmwqGO__eJ5g,Steve Wallis,QpO63kVjFb0,Camper Disguised As Pallets,2025-05-22 21:00:01+00:00,8232305,303703,23704,Unknown,2025-11-30
Camping,UCSnqXeK94-iNmwqGO__eJ5g,Steve Wallis,0FAh_9IZMUc,Rest In Peace My Beautiful Wife,2022-08-25 17:44:40+00:00,8021276,467467,106435,Unknown,2025-11-30
Camping,UCts-8ZqS339n-9nxy3DN8Cg,Joe Robinet,IG_KFcMzVqU,"Overnight Bushcraft Camp with my Dog - Long Fire, Wool Blanket, Fire Reflector",2017-02-03 00:00:00+00:00,7627365,148863,14937,Unknown,2025-12-01
Camping,UCts-8ZqS339n-9nxy3DN8Cg,Joe Robinet,SdHysSE7Gbk,WILDERNESS SOLITUDE 10 Day Journey - FULL DOCUMENTARY,2018-12-30 16:43:15+00:00,7457698,33325,2974,Unknown,2025-12-01
Camping,UCSnqXeK94-iNmwqGO__eJ5g,Steve Wallis,My_eWYEOFmE,Busy Intersection Stealth Camping,2025-01-23 22:01:07+00:00,5266648,150182,10626,Unknown,2025-11-30
Camping,UCSnqXeK94-iNmwqGO__eJ5g,Steve Wallis,F298VIEjkwM,DIY Solar River Raft 5 Days Camping,2020-09-18 05:03:05+00:00,4865369,78459,6379,Unknown,2025-11-30
Camping,UCSnqXeK94-iNmwqGO__eJ5g,Steve Wallis,PxomlkNtU3s,Abandoned Pipe Camping,2025-01-19 22:00:21+00:00,4708385,153697,10593,Unknown,2025-11-30
Camping,UCts-8ZqS339n-9nxy3DN8Cg,Joe Robinet,JXdcCW0ZWzw,WINTER CAMPING THROUGH A BLIZZARD AT THE FORT IN THE WOODS WITH A DOG. Can we Stay Dry and Warm?,2021-02-11 19:13:37+00:00,4163666,63826,5025,Unknown,2025-12-01
Camping,UCts-8ZqS339n-9nxy3DN8Cg,Joe Robinet,XvZG3sPUa7Y,Solo Overnight in a Snow Storm. Winter Camping With Subscriber Gear.,2018-01-12 22:59:16+00:00,4154188,63194,6610,Unknown,2025-12-01
Camping,UCts-8ZqS339n-9nxy3DN8Cg,Joe Robinet,_j4-GNwBHnI,"2 Night Winter Bushcraft Camp, Building a Shelter With a Wooden Roof, Walls and Bed.",2017-12-15 23:00:05+00:00,4091470,54111,4704,Unknown,2025-12-01
Camping,UCts-8ZqS339n-9nxy3DN8Cg,Joe Robinet,MRqH-UQs7DM,Winter Camping in a Canvas Tent with a Dog and a Woodstove.,2016-12-29 03:24:43+00:00,4013192,64059,6312,Unknown,2025-12-01
Camping,UCts-8ZqS339n-9nxy3DN8Cg,Joe Robinet,IZGTEXVfFU8,"SOLO WINTER BUSHCRAFT CAMP- Post Ice Storm, Bowdrill, Canvas Tipi Shelter.",2019-02-08 18:25:42+00:00,3978927,39004,4546,Unknown,2025-12-01
Camping,UCSnqXeK94-iNmwqGO__eJ5g,Steve Wallis,KJ7F3xpGFfo,Stealth Camping In Storm Drain,2021-02-25 20:00:01+00:00,3964011,98876,12279,Unknown,2025-11-30
Camping,UCts-8ZqS339n-9nxy3DN8Cg,Joe Robinet,nIe6FNzqFgg,3 Day Winter Camping Trip in a Hot Tent with my Dog,2017-02-25 00:00:06+00:00,3714996,50209,6018,Unknown,2025-12-01
Camping,UCSnqXeK94-iNmwqGO__eJ5g,Steve Wallis,_0c-YsY5XUw,"Boondocking -  Home Made Truck Canopy Camper Setup, Camping In Winter -10 Degrees",2017-03-02 04:15:13+00:00,3437693,45235,3181,Unknown,2025-11-30
Camping,UCSnqXeK94-iNmwqGO__eJ5g,Steve Wallis,2dsX4Moy7ws,Highway Rest Area Stealth Camping,2020-07-03 21:16:02+00:00,3328852,61034,9104,Unknown,2025-11-30
Camping,UCSnqXeK94-iNmwqGO__eJ5g,Steve Wallis,pc20TjmKiPw,Camping In Secret Bridge Fort,2025-11-23 22:03:01+00:00,3314960,102458,9069,Unknown,2025-11-30
Camping,UCts-8ZqS339n-9nxy3DN8Cg,Joe Robinet,iMOZjlHx4ZM,Solo Winter Camp in a BLIZZARD! - Lightweight Hot Tent and Titanium Foldable Stove Combo Test Run.,2021-12-03 22:17:23+00:00,3225457,41624,2443,Unknown,2025-12-01
Camping,UCSnqXeK94-iNmwqGO__eJ5g,Steve Wallis,SVXa4paAVBM,A Week Camping On Cheap DIY Raft,2021-10-08 00:02:38+00:00,3211306,56586,6453,Unknown,2025-11-30
Camping,UCSnqXeK94-iNmwqGO__eJ5g,Steve Wallis,acnH-Hvn_Mk,2 Nights Extreme Cold Stealth Camping In City,2022-02-24 21:47:41+00:00,3187264,68119,5277,Unknown,2025-11-30
Camping,UCts-8ZqS339n-9nxy3DN8Cg,Joe Robinet,tDgwZDwCdB4,"10 Days, 10 Items ; Alone on an Island in the Canadian Wilderness. Mini Series.",2018-05-25 21:09:00+00:00,3156059,43811,5227,Unknown,2025-12-01
Camping,UCts-8ZqS339n-9nxy3DN8Cg,Joe Robinet,R0dXIyfXva4,Dollar Store Supershelter Overnight With My Dog-10$ Woods Survival Challenge (24 Hours),2017-11-24 22:28:10+00:00,3103264,44370,5239,Unknown,2025-12-01
Camping,UCts-8ZqS339n-9nxy3DN8Cg,Joe Robinet,d0V2FdtFI_w,"SOLO BUSHCRAFT CAMP - NATURAL SHELTER, MINIMAL GEAR - FROM BEGINNING TO END!  THE MOVIE",2021-04-08 15:55:30+00:00,3072297,26677,1572,Unknown,2025-12-01
Camping,UCSnqXeK94-iNmwqGO__eJ5g,Steve Wallis,VWtRVRbPPUQ,Polar Vortex Winter Camping in -32 Degrees With Wood Stove & Tent,2019-02-13 23:57:41+00:00,3070042,40621,3426,Unknown,2025-11-30
Camping,UCSnqXeK94-iNmwqGO__eJ5g,Steve Wallis,8iNuO8bUa7o,How to make Easy Olive Garden style Alfredo Sauce Recipe,2012-07-20 01:09:20+00:00,3023175,38337,2011,Unknown,2025-11-30
Camping,UCSnqXeK94-iNmwqGO__eJ5g,Steve Wallis,hX6SNdvIQSM,Freeway Interchange Stealth Camping,2022-06-30 19:18:43+00:00,2944749,79462,5306,Unknown,2025-11-30
Camping,UCSnqXeK94-iNmwqGO__eJ5g,Steve Wallis,v1aGEV2Uggs,Air Conditioned Insulated Tent Camping,2021-07-29 21:25:30+00:00,2930292,68530,6120,Unknown,2025-11-30
Camping,UCSnqXeK94-iNmwqGO__eJ5g,Steve Wallis,HdBTEMOM0y4,Urban Stealth Camping Disguised As Businessman,2021-07-22 21:23:19+00:00,2877872,84211,10091,Unknown,2025-11-30
Camping,UCSnqXeK94-iNmwqGO__eJ5g,Steve Wallis,X9XIC9P4UV0,Stealth Camping In Highway Median,2020-04-10 01:17:14+00:00,2842654,55065,5655,Unknown,2025-11-30
Camping,UCSnqXeK94-iNmwqGO__eJ5g,Steve Wallis,n2Acm9McX0Q,Secret Highway Stealth Shelter Camping,2020-12-31 23:19:21+00:00,2809337,47930,4720,Unknown,2025-11-30
Camping,UCSnqXeK94-iNmwqGO__eJ5g,Steve Wallis,IXlO091nJ1s,Stealth Camping Behind Home Depot,2021-06-17 19:29:50+00:00,2753517,59010,5592,Unknown,2025-11-30
Camping,UCSnqXeK94-iNmwqGO__eJ5g,Steve Wallis,hBnlPd__Vg0,Parking Garage Stealth Camping,2024-06-06 20:30:23+00:00,2704104,86281,5402,Unknown,2025-11-30
Camping,UCSnqXeK94-iNmwqGO__eJ5g,Steve Wallis,y3DV8_s7lo8,Urban Island Stealth Camping,2022-04-21 21:01:23+00:00,2677270,84403,4876,Unknown,2025-11-30
Camping,UCSnqXeK94-iNmwqGO__eJ5g,Steve Wallis,GyVFg80Z2H8,McDonalds Drive-Thru Stealth Camping,2023-09-30 23:48:09+00:00,2622100,89760,6151,Unknown,2025-11-30
Camping,UCSnqXeK94-iNmwqGO__eJ5g,Steve Wallis,dQ9eImcE9cA,Welcome Sign Stealth Camping,2023-04-27 22:44:19+00:00,2591623,81056,4565,Unknown,2025-11-30
Camping,UCSnqXeK94-iNmwqGO__eJ5g,Steve Wallis,tFSldOXyE0k,Bus Camping In The Rain,2022-05-19 22:00:06+00:00,2555765,66796,3951,Unknown,2025-11-30
Camping,UCSnqXeK94-iNmwqGO__eJ5g,Steve Wallis,zP96P65NHws,Huge Storm Camping In Cheap Hammock,2020-05-04 22:32:20+00:00,2546685,53650,3977,Unknown,2025-11-30
Camping,UCSnqXeK94-iNmwqGO__eJ5g,Steve Wallis,YCB98UkLNwQ,Heavy Snowfall Camping,2021-01-14 23:10:47+00:00,2489695,48118,4177,Unknown,2025-11-30
Camping,UCSnqXeK94-iNmwqGO__eJ5g,Steve Wallis,SGEcHes5akk,Urban Stealth Camping With Hammock In Residential Area,2019-08-30 00:23:02+00:00,2415920,51781,5474,Unknown,2025-11-30
Camping,UCSnqXeK94-iNmwqGO__eJ5g,Steve Wallis,DYuAxGxH-8E,Disguised Truck Stealth Camping,2024-08-15 21:00:01+00:00,2405699,92561,7270,Unknown,2025-11-30
Camping,UCSnqXeK94-iNmwqGO__eJ5g,Steve Wallis,lblyg-NOVjE,Stealth Camping Behind Sign,2020-10-01 21:55:32+00:00,2303549,68686,7255,Unknown,2025-11-30
Camping,UCSnqXeK94-iNmwqGO__eJ5g,Steve Wallis,8W-2VVIeZPw,Insulation Lean-To Camping,2023-11-05 23:00:10+00:00,2269305,77833,6799,Unknown,2025-11-30
Camping,UCSnqXeK94-iNmwqGO__eJ5g,Steve Wallis,sVKIVKOlS5A,Camping On The Beach In A Huge Storm,2020-02-06 17:50:24+00:00,2188668,51756,4157,Unknown,2025-11-30
Camping,UCSnqXeK94-iNmwqGO__eJ5g,Steve Wallis,yMIA6zdUVCA,Police Station Stealth Camping In Hammock,2021-09-05 23:50:26+00:00,2079278,65941,6430,Unknown,2025-11-30
Camping,UCSnqXeK94-iNmwqGO__eJ5g,Steve Wallis,o1Z2bdSSyGo,Hot Tent Winter Camping in -33 Degrees,2017-12-30 21:35:34+00:00,2052266,31296,3334,Unknown,2025-11-30
Camping,UCts-8ZqS339n-9nxy3DN8Cg,Joe Robinet,ke9b6_xFcdA,"Building a Permanent Camp-10 Days, 10 Items; Alone on an Island in the Canadian Wilderness. Ep2",2018-05-29 15:03:16+00:00,2033336,32934,3473,Unknown,2025-12-01
Camping,UCSnqXeK94-iNmwqGO__eJ5g,Steve Wallis,Pl-dcr0Zc4A,Spring Camping With Electric Fence In Grizzly Bear Territory,2019-04-24 23:21:04+00:00,1986844,27123,3880,Unknown,2025-11-30
Camping,UCSnqXeK94-iNmwqGO__eJ5g,Steve Wallis,n_EBGwqGJbk,Urban Stealth Camping Beside Campground Closed For The Winter,2019-10-03 22:45:19+00:00,1979997,43335,3902,Unknown,2025-11-30
Camping,UCSnqXeK94-iNmwqGO__eJ5g,Steve Wallis,4bBiXxl3Kik,-38 Degree Insulated Tent Camping,2022-12-22 23:06:39+00:00,1974343,68958,5682,Unknown,2025-11-30
Camping,UCSnqXeK94-iNmwqGO__eJ5g,Steve Wallis,o-XDXqkqGxo,Where I'm Going From Here,2022-09-25 20:58:52+00:00,1966059,185000,44665,Unknown,2025-11-30
Camping,UCSnqXeK94-iNmwqGO__eJ5g,Steve Wallis,dhHyftzgrGY,No Shelter Thunder Storm Stealth Camping,2021-09-19 19:04:29+00:00,1962660,76496,5006,Unknown,2025-11-30
Camping,UCSnqXeK94-iNmwqGO__eJ5g,Steve Wallis,4iwjZqBJwng,Almost Busted Residential Stealth Camping,2021-12-23 23:06:20+00:00,1949730,61594,6532,Unknown,2025-11-30
Camping,UCSnqXeK94-iNmwqGO__eJ5g,Steve Wallis,1NGa_Xt77xU,Blatant Stealth Camping Under Tree,2024-02-22 22:00:03+00:00,1936065,83176,5546,Unknown,2025-11-30
Camping,UCSnqXeK94-iNmwqGO__eJ5g,Steve Wallis,vqU7-ZEbpiE,Luxury U-Haul Camping,2023-04-13 21:21:13+00:00,1908180,80010,7726,Unknown,2025-11-30
Camping,UCts-8ZqS339n-9nxy3DN8Cg,Joe Robinet,-19sxf0FTXE,4 WALLED FLOATING SHELTER-My First Time Winter Camping in a Hammock - CAN I STAY WARM?,2019-12-20 20:45:40+00:00,1903157,26680,1988,Unknown,2025-12-01
Camping,UCSnqXeK94-iNmwqGO__eJ5g,Steve Wallis,rm6jEH93RbM,Simple Car Camping,2024-01-18 22:00:04+00:00,1901246,84977,7835,Unknown,2025-11-30
Camping,UCSnqXeK94-iNmwqGO__eJ5g,Steve Wallis,2vQazcz-opg,Dump Truck Stealth Camping,2025-01-30 22:00:05+00:00,1891134,87115,7889,Unknown,2025-11-30
Camping,UCSnqXeK94-iNmwqGO__eJ5g,Steve Wallis,FQZdbA-ikYQ,Kayak Urban Stealth Camping On The River,2019-09-06 03:50:29+00:00,1838051,53405,5132,Unknown,2025-11-30
Camping,UCSnqXeK94-iNmwqGO__eJ5g,Steve Wallis,BAFkLPUad2o,Blanket Fort Camping,2023-03-02 22:59:19+00:00,1827260,85562,6851,Unknown,2025-11-30
Camping,UCSnqXeK94-iNmwqGO__eJ5g,Steve Wallis,RTt4O8q0acI,Stealth Camping Behind Billboard,2021-12-02 23:44:13+00:00,1816190,57291,4075,Unknown,2025-11-30
Camping,UCts-8ZqS339n-9nxy3DN8Cg,Joe Robinet,VN-ETwySB2o,"FIRST BIG SNOWFALL at  FORT IN THE WOODS Tarp and Pallet Door, Permanent Pothook, Huge Tree Removal.",2020-12-24 18:03:08+00:00,1801292,35357,2559,Unknown,2025-12-01
Camping,UCSnqXeK94-iNmwqGO__eJ5g,Steve Wallis,frXdtNI3Ylg,Donation Bin Stealth Camping,2023-09-07 20:02:21+00:00,1784292,94006,9307,Unknown,2025-11-30
Camping,UCSnqXeK94-iNmwqGO__eJ5g,Steve Wallis,aoqtUVo9rfE,SUV Tent Walmart Camping,2023-06-01 21:45:03+00:00,1779684,58638,4741,Unknown,2025-11-30
Camping,UCSnqXeK94-iNmwqGO__eJ5g,Steve Wallis,pdilgAXMHo8,Huge Double SUV Tarp Tent Camping,2021-04-15 19:56:09+00:00,1776647,47488,5737,Unknown,2025-11-30
Camping,UCSnqXeK94-iNmwqGO__eJ5g,Steve Wallis,Gbr9QTvY210,Beach Shelter Stealth Camping,2023-02-02 22:51:14+00:00,1761030,89733,8253,Unknown,2025-11-30
Camping,UCSnqXeK94-iNmwqGO__eJ5g,Steve Wallis,UvNlpeOsCpI,Highway Scale Stealth Camping,2023-02-23 21:00:11+00:00,1759604,62332,3905,Unknown,2025-11-30
Camping,UCts-8ZqS339n-9nxy3DN8Cg,Joe Robinet,mpiXHd39msc,"Overnight Bushcraft Camp with my NEW Dog-Wool Blanket, Tarp Shelter, Wild Blueberries.",2019-08-08 23:17:36+00:00,1753243,29551,3858,Unknown,2025-12-01
Camping,UCSnqXeK94-iNmwqGO__eJ5g,Steve Wallis,CdBpgNXytoE,Abandoned Campground Heat Wave Stealth Camping,2021-07-15 21:54:49+00:00,1750992,49882,5323,Unknown,2025-11-30
Camping,UCSnqXeK94-iNmwqGO__eJ5g,Steve Wallis,GcOPdEDRzKc,'70s Motorhome Winter Camping,2025-02-06 22:00:01+00:00,1750114,119498,17273,Unknown,2025-11-30
Camping,UCSnqXeK94-iNmwqGO__eJ5g,Steve Wallis,54H0aYgS6wo,Urban Industrial Area Stealth Camping,2020-12-19 23:17:09+00:00,1750028,39129,4438,Unknown,2025-11-30
Camping,UCSnqXeK94-iNmwqGO__eJ5g,Steve Wallis,AUSWvSoQfZk,Train Wreck Camping,2022-11-17 22:50:54+00:00,1738291,74649,6430,Unknown,2025-11-30
Camping,UCts-8ZqS339n-9nxy3DN8Cg,Joe Robinet,UExI6JuyW8Y,"Building a Fort in the Woods with my Dog: Leveling the Ground, Trimming the Roof, Steak on the Fire.",2019-11-09 00:01:34+00:00,1731558,19947,2438,Unknown,2025-12-01
Camping,UCSnqXeK94-iNmwqGO__eJ5g,Steve Wallis,XLDD7sSgHkY,Mountain SUV Tailgate Camping,2020-11-26 22:53:23+00:00,1726526,43220,3366,Unknown,2025-11-30
Camping,UCSnqXeK94-iNmwqGO__eJ5g,Steve Wallis,eOo0jMfXI_E,Stealth Camping In Abandoned Gas Station,2021-04-01 23:44:44+00:00,1685041,50308,5846,Unknown,2025-11-30
Camping,UCSnqXeK94-iNmwqGO__eJ5g,Steve Wallis,Wh4uUodS40E,Abandoned Rail Stealth Camping,2023-05-04 23:18:56+00:00,1662067,57053,4804,Unknown,2025-11-30
Camping,UCSnqXeK94-iNmwqGO__eJ5g,Steve Wallis,S03BlAnZnGo,Tent Cot Camping,2021-04-08 19:18:51+00:00,1658262,45209,4856,Unknown,2025-11-30
Camping,UCSnqXeK94-iNmwqGO__eJ5g,Steve Wallis,S0EykVi_2e0,Camping On Abandoned Highway,2023-09-14 21:09:45+00:00,1650527,74552,9000,Unknown,2025-11-30
Camping,UCSnqXeK94-iNmwqGO__eJ5g,Steve Wallis,jghSSkg-T9o,Alberta Badlands Camping,2021-03-11 20:55:37+00:00,1636611,41260,4846,Unknown,2025-11-30
Camping,UCSnqXeK94-iNmwqGO__eJ5g,Steve Wallis,6geFZrBB2Q8,Luxury Snow Fort Camping (Igloo/Quinzhee),2020-01-03 07:10:44+00:00,1630740,46487,2889,Unknown,2025-11-30
Camping,UCts-8ZqS339n-9nxy3DN8Cg,Joe Robinet,jd5AEjeE_CY,"8 Days in the Wild - Boreal Forest, Fly - in Adventure!",2017-06-30 22:00:02+00:00,1607246,19969,2286,Unknown,2025-12-01
Camping,UCSnqXeK94-iNmwqGO__eJ5g,Steve Wallis,fStFbNPqenU,River Camping Under Highway Bridge,2023-03-23 23:05:01+00:00,1593500,71994,6059,Unknown,2025-11-30
Camping,UCSnqXeK94-iNmwqGO__eJ5g,Steve Wallis,3c8c9QEM8AY,DIY Bike Trailer Camping,2024-05-16 22:02:41+00:00,1579113,84223,8026,Unknown,2025-11-30
Camping,UCSnqXeK94-iNmwqGO__eJ5g,Steve Wallis,xnrbS_ZWSiE,Camping In Abandoned Mine,2023-05-11 21:00:36+00:00,1562901,59306,6027,Unknown,2025-11-30
Camping,UCSnqXeK94-iNmwqGO__eJ5g,Steve Wallis,4OJLdAzTEqk,Stealth Camping Behind Cemetery,2020-10-29 21:29:14+00:00,1560975,42444,5018,Unknown,2025-11-30
Camping,UCts-8ZqS339n-9nxy3DN8Cg,Joe Robinet,_b1EcJuRbtw,"Building a Fort in the Woods-Huge Snowfall!, Bushcraft Projects, Preparing for our Overnighter",2019-12-14 00:00:04+00:00,1559938,29861,1814,Unknown,2025-12-01
Camping,UCSnqXeK94-iNmwqGO__eJ5g,Steve Wallis,LyDMjShk2Eo,City Stealth Camping In The Snow With A Tarp,2019-11-07 22:25:55+00:00,1545965,34425,3040,Unknown,2025-11-30
Camping,UCSnqXeK94-iNmwqGO__eJ5g,Steve Wallis,aZyzw3nCtxU,Tiny Trailer Camping,2022-10-20 22:55:02+00:00,1524385,106250,14473,Unknown,2025-11-30
Camping,UCSnqXeK94-iNmwqGO__eJ5g,Steve Wallis,j_uGrUp9ydM,Overnight In Remote Cabin,2023-06-23 02:23:44+00:00,1521890,70028,5617,Unknown,2025-11-30
Camping,UCSnqXeK94-iNmwqGO__eJ5g,Steve Wallis,Lwgexah08cg,Urban Roadside Stealth Camping,2022-04-03 21:14:37+00:00,1519104,58899,4157,Unknown,2025-11-30
Camping,UCSnqXeK94-iNmwqGO__eJ5g,Steve Wallis,LCENMi57vwQ,Urban Stealth Camping Behind Warehouse,2021-08-19 17:39:32+00:00,1508529,56208,4816,Unknown,2025-11-30
Camping,UCSnqXeK94-iNmwqGO__eJ5g,Steve Wallis,AWMHmASqivM,Hammock Camping Under Bridge,2023-09-21 21:00:07+00:00,1489967,63580,6287,Unknown,2025-11-30
Camping,UCSnqXeK94-iNmwqGO__eJ5g,Steve Wallis,BW4zJSxFNto,Small Town Stealth Camping,2022-06-09 20:00:38+00:00,1467522,43193,2741,Unknown,2025-11-30
Camping,UCSnqXeK94-iNmwqGO__eJ5g,Steve Wallis,B7hOjR6Np1A,Floating Tiny RV Lake #Camping,2024-09-06 21:00:04+00:00,1465575,62949,3984,Unknown,2025-11-30
Camping,UCSnqXeK94-iNmwqGO__eJ5g,Steve Wallis,l21G_kX3in4,Winter Camping In Bubble Wrap Shelter,2021-12-19 22:38:32+00:00,1455616,57149,7078,Unknown,2025-11-30
Camping,UCSnqXeK94-iNmwqGO__eJ5g,Steve Wallis,Cn3MHTokaSQ,Car Camo Stealth Camping,2023-03-16 21:40:00+00:00,1451909,60080,4781,Unknown,2025-11-30
Camping,UCSnqXeK94-iNmwqGO__eJ5g,Steve Wallis,FmSS16fVzzg,"Winter Camping Using Cheap Summer Gear, Is It Possible?",2019-11-21 22:29:46+00:00,1434791,30668,2764,Unknown,2025-11-30
Camping,UCSnqXeK94-iNmwqGO__eJ5g,Steve Wallis,Qhf88k9MRZM,Stealth Camping Beside Hiking Trail,2021-03-04 20:13:50+00:00,1417604,35711,3512,Unknown,2025-11-30
Camping,UCts-8ZqS339n-9nxy3DN8Cg,Joe Robinet,VDFcouuD3e4,100 MILES in the WILDERNESS : The Movie,2019-10-03 16:47:33+00:00,1412313,12127,1197,Unknown,2025-12-01
Camping,UCSnqXeK94-iNmwqGO__eJ5g,Steve Wallis,7-SSWY3W99E,Insulated Thermal Tent Camping,2020-12-03 22:44:26+00:00,1400608,36819,3668,Unknown,2025-11-30
Camping,UCSnqXeK94-iNmwqGO__eJ5g,Steve Wallis,qpaVu2_WK7s,Residential Stealth Car Camping In Snow,2020-11-19 20:47:32+00:00,1399961,41475,3658,Unknown,2025-11-30
Camping,UCSnqXeK94-iNmwqGO__eJ5g,Steve Wallis,Sz5oHfzKyzE,Fake Billboard Stealth Camping,2023-06-08 20:48:30+00:00,1395173,64687,6337,Unknown,2025-11-30
Camping,UCSnqXeK94-iNmwqGO__eJ5g,Steve Wallis,wTy2CwKGBpw,Camping Disasters,2022-11-10 23:11:28+00:00,1384878,63807,5477,Unknown,2025-11-30
Camping,UCSnqXeK94-iNmwqGO__eJ5g,Steve Wallis,1aN2tEm_Wms,Stealth Camping In Day Use Park,2020-06-04 20:49:27+00:00,1371201,33589,2812,Unknown,2025-11-30
Camping,UCSnqXeK94-iNmwqGO__eJ5g,Steve Wallis,gIZ_dYSDG2M,Body Bag Stealth Camping In Freeway Interchange,2021-10-28 19:44:03+00:00,1367412,50958,5908,Unknown,2025-11-30
Camping,UCSnqXeK94-iNmwqGO__eJ5g,Steve Wallis,AaNgdIbCRe0,Camping On Canada-U.S. Border,2022-08-18 19:57:28+00:00,1365013,57872,6336,Unknown,2025-11-30
Camping,UCSnqXeK94-iNmwqGO__eJ5g,Steve Wallis,R8AW3FNJDtQ,Hotel Parking Lot Stealth Camping,2021-11-11 20:39:39+00:00,1360776,45469,3169,Unknown,2025-11-30
Camping,UCSnqXeK94-iNmwqGO__eJ5g,Steve Wallis,2A4o6mHXOr0,Ferry Terminal Stealth Camping,2023-01-13 00:15:21+00:00,1351705,65681,5248,Unknown,2025-11-30
Camping,UCSnqXeK94-iNmwqGO__eJ5g,Steve Wallis,vxKgUgqqY2w,Rest In Peace Crazy Neighbour,2024-03-27 00:09:20+00:00,1334797,143315,26975,Unknown,2025-11-30
Camping,UCSnqXeK94-iNmwqGO__eJ5g,Steve Wallis,M8jQdzwjmN8,Small Airport Stealth Camping,2025-03-13 21:00:28+00:00,1321193,64026,4448,Unknown,2025-11-30
Camping,UCSnqXeK94-iNmwqGO__eJ5g,Steve Wallis,o0csl_J6IUU,Secret Seaside Cabin Overnight,2023-12-08 00:07:19+00:00,1318335,64822,3490,Unknown,2025-11-30
Camping,UCSnqXeK94-iNmwqGO__eJ5g,Steve Wallis,bjIAn9KO1i8,Stealth Camping Behind Bus Station,2022-01-27 20:54:02+00:00,1308154,52429,3004,Unknown,2025-11-30
Camping,UCSnqXeK94-iNmwqGO__eJ5g,Steve Wallis,28CAmnr3yUA,Camping In Propane Heated Tent,2021-02-18 22:38:23+00:00,1298800,33637,3767,Unknown,2025-11-30
Camping,UCSnqXeK94-iNmwqGO__eJ5g,Steve Wallis,GR1ob5Gt_6w,Coffee Shop Stealth Camping,2025-10-23 21:00:01+00:00,1287002,64181,4969,Unknown,2025-11-30
Camping,UCSnqXeK94-iNmwqGO__eJ5g,Steve Wallis,ep4Z25IwsEs,DIY Barrel Raft River Trip Camping On Boat,2019-10-25 01:58:50+00:00,1286222,31650,2818,Unknown,2025-11-30
Camping,UCSnqXeK94-iNmwqGO__eJ5g,Steve Wallis,zC7UcJZFZvk,$70 DIY Yeti Style “Super Cooler” - Build And Test vs Normal Cooler,2018-09-06 01:10:55+00:00,1278301,15023,2038,Unknown,2025-11-30
Camping,UCts-8ZqS339n-9nxy3DN8Cg,Joe Robinet,3wNAkqbLVpA,"Overnight Bushcraft Camp with my Dog - Tomahawk Steak over the Fire, Frost River Pack, Bugs!",2017-06-09 22:00:01+00:00,1269869,20164,2741,Unknown,2025-12-01
Camping,UCSnqXeK94-iNmwqGO__eJ5g,Steve Wallis,fgMUu9TNDKk,Boondocking - Full Documentary,2017-02-08 03:28:24+00:00,1259980,39192,5092,Unknown,2025-11-30
Camping,UCts-8ZqS339n-9nxy3DN8Cg,Joe Robinet,Lqrk43UXMwk,Camping with a Kid.,2016-04-25 22:30:00+00:00,1256034,24511,3415,Unknown,2025-12-01
Camping,UCSnqXeK94-iNmwqGO__eJ5g,Steve Wallis,--DGd-MFo_c,Simple Luxury School Bus Camping,2021-05-27 20:54:43+00:00,1249523,43832,3790,Unknown,2025-11-30
Camping,UCts-8ZqS339n-9nxy3DN8Cg,Joe Robinet,rObia99wAIM,"Solo Bushcraft Overnight in my Semi Permanent Bush Shelter, Fire Inside, Building the Front Wall.",2018-05-11 15:28:24+00:00,1132261,17209,2185,Unknown,2025-12-01
Camping,UCts-8ZqS339n-9nxy3DN8Cg,Joe Robinet,hVfl5zMJ45Y,5 Day Winter Snowshoe Bushcraft Camp,2015-02-12 17:35:53+00:00,1045869,10557,969,Unknown,2025-12-01
Camping,UCts-8ZqS339n-9nxy3DN8Cg,Joe Robinet,kdR_PAD4VkY,SOLO OVERNIGHT WINTER BUSHCRAFT CAMP- Camping Overnight in the Super Shelter I Built-Winter Camping,2019-11-29 21:14:31+00:00,1009443,18197,1594,Unknown,2025-12-01
Camping,UCts-8ZqS339n-9nxy3DN8Cg,Joe Robinet,jN7c2qpamLM,STRANDED IN THE WILD!-Epic Remote Wilderness Fly in Trip-Bushcraft-Canoing-Fishing-WILDERNESS LIVING,2019-07-19 12:55:59+00:00,985745,22164,2797,Unknown,2025-12-01
Camping,UCts-8ZqS339n-9nxy3DN8Cg,Joe Robinet,9mO7LYRqgoo,DEEP WINTER BUSHCRAFT-Sleeping in the Snow-Goat Roast-Snowshoe and Sled.,2019-03-22 19:25:47+00:00,941068,16046,1280,Unknown,2025-12-01
Camping,UCts-8ZqS339n-9nxy3DN8Cg,Joe Robinet,pFG-pDTnPts,Overnight at the Bushcraft Basecamp E3,2016-11-15 04:10:08+00:00,901307,13691,1881,Unknown,2025-12-01
Camping,UCts-8ZqS339n-9nxy3DN8Cg,Joe Robinet,hbfl6_laJA4,"Finding the Rhythm -10 Days, 10 Items; Alone on an Island in the Canadian Wilderness Ep. 3",2018-06-08 21:23:22+00:00,888547,15165,2148,Unknown,2025-12-01
Camping,UCts-8ZqS339n-9nxy3DN8Cg,Joe Robinet,ZDeodkrNQHk,"2 Nights Wild Camping In Rugged Terrain,  Fish Fry, Tarp Setups, Axe Work.",2017-11-11 00:17:37+00:00,863616,14575,1675,Unknown,2025-12-01
Camping,UCts-8ZqS339n-9nxy3DN8Cg,Joe Robinet,CLHHo5w9JJc,Sleeping Outside in The Cold With Dollar Store Items-10$ Woods Survival Challenge (24 Hours) Part 2,2017-11-29 23:20:10+00:00,804312,20825,2567,Unknown,2025-12-01
Camping,UCts-8ZqS339n-9nxy3DN8Cg,Joe Robinet,y_l32frU6JE,"Solo Bushcraft Camp. Natural Shelter, Wool Blanket, Raised Bed, Long Fire.",2017-11-18 00:11:43+00:00,801216,15520,2727,Unknown,2025-12-01
Camping,UCts-8ZqS339n-9nxy3DN8Cg,Joe Robinet,5t0YyjugmmA,I Spent my 34th Birthday Alone on an Island in the Canadian Wilderness. Last Ep 10 Days 10 Items,2018-06-22 12:16:40+00:00,795701,21486,3128,Unknown,2025-12-01
Camping,UCts-8ZqS339n-9nxy3DN8Cg,Joe Robinet,uWz-CCmYBuQ,"SOLO OVERNIGHT WINTER BUSHCRAFT CAMP-Small Backpack, Minimal Gear, Unknown Land, Steak Cook Tripod.",2020-12-17 17:00:18+00:00,761203,18065,1528,Unknown,2025-12-01
Camping,UCts-8ZqS339n-9nxy3DN8Cg,Joe Robinet,B8RD4Ls2eDw,"Solo Overnight Tarp Camp, Wool Blanket, Solitude.",2017-10-13 22:30:00+00:00,750713,15541,2195,Unknown,2025-12-01
Camping,UCts-8ZqS339n-9nxy3DN8Cg,Joe Robinet,mhvEeTYkmiE,Spring Bushcraft Camp,2017-05-19 21:00:03+00:00,738030,12201,1633,Unknown,2025-12-01
Camping,UCts-8ZqS339n-9nxy3DN8Cg,Joe Robinet,X5sPdStRe_s,"Exhaustion in the Wild Ep 5 - 10 Days, 10 Items; Alone on an Island in the Canadian Wilderness",2018-06-16 00:00:01+00:00,712285,12904,1841,Unknown,2025-12-01
Camping,UCts-8ZqS339n-9nxy3DN8Cg,Joe Robinet,GODYklOccZ4,"OVERNIGHT CAMP AT THE FORT IN THE WOODS. Build a Large Thermal Wall, Steak and Potatoes, Tarp Revamp",2020-11-26 20:14:12+00:00,699428,18023,1768,Unknown,2025-12-01
Camping,UCts-8ZqS339n-9nxy3DN8Cg,Joe Robinet,4XeZtxq8dJ4,Canvas Tarp and Log Shelter Solo Overnight Camp. POURING RAIN With a Wool Blanket for Warmth.,2021-11-19 20:00:01+00:00,690012,16511,1060,Unknown,2025-12-01
Camping,UCts-8ZqS339n-9nxy3DN8Cg,Joe Robinet,I6H-mHpF09g,A Week in The Wild,2017-09-25 19:51:45+00:00,686289,13123,1475,Unknown,2025-12-01
Camping,UCts-8ZqS339n-9nxy3DN8Cg,Joe Robinet,iz1Ve-5UQQY,The 10 Items I brought with me on ALONE...and why.,2015-06-25 01:22:05+00:00,678096,8082,960,Unknown,2025-12-01
Camping,UCts-8ZqS339n-9nxy3DN8Cg,Joe Robinet,aNY6uOLL5Ps,Camping with a Girl,2015-05-17 12:16:45+00:00,659762,7897,1385,Unknown,2025-12-01
Camping,UCts-8ZqS339n-9nxy3DN8Cg,Joe Robinet,SCVDmF9h-C4,"WINTER IS COMING TO THE FORT IN THE WOODS! I Build a Half Wall to Block Snow, GIVEAWAY ANNOUNCED.",2020-11-22 16:28:03+00:00,657611,17367,1002,Unknown,2025-12-01
Camping,UCts-8ZqS339n-9nxy3DN8Cg,Joe Robinet,24GkhiYzgZg,"3 Day Hunting, Fishing, Bushcraft Camp",2016-10-13 19:15:20+00:00,652563,8459,794,Unknown,2025-12-01
Camping,UCts-8ZqS339n-9nxy3DN8Cg,Joe Robinet,oYvavM66xnc,5 DAY SOLO BUSHCRAFT ADVENTURE. Living under a TARP and out of a BACKPACK.,2020-10-16 21:00:07+00:00,646468,15867,1535,Unknown,2025-12-01
Camping,UCts-8ZqS339n-9nxy3DN8Cg,Joe Robinet,Knxq1nNHMhQ,Overnight Bushcraft Camp,2013-11-17 00:29:26+00:00,642377,5694,806,Unknown,2025-12-01
Camping,UCts-8ZqS339n-9nxy3DN8Cg,Joe Robinet,dHfpy30u9gw,Camping in a TINY CAMPER in FRESH SNOW!,2022-11-25 21:36:02+00:00,624889,13023,826,Unknown,2025-12-01
Camping,UCts-8ZqS339n-9nxy3DN8Cg,Joe Robinet,j3gS6o2YHyc,"Building a Permanent Winter Camp with my Dog-Build Exterior Wall, Build  Floor, Bacon&Eggs on Stove.",2020-02-28 10:45:00+00:00,622400,12783,1175,Unknown,2025-12-01
Camping,UCts-8ZqS339n-9nxy3DN8Cg,Joe Robinet,aKx8Dsw3EPs,"Building an Overnight Bushcraft Camp; Double Adirondack Tarp Shelter, Raised Bench, Outdoor Cooking.",2015-12-20 21:55:52+00:00,621183,9063,801,Unknown,2025-12-01
Camping,UCts-8ZqS339n-9nxy3DN8Cg,Joe Robinet,z_C5Rv50uN0,SOLO BUSHCRAFT CAMP IN THE RAIN - New Backpack Giveaway- Catch and Cook - Open Shelter in Bug Season,2020-08-12 15:44:46+00:00,609148,16485,1903,Unknown,2025-12-01
Camping,UCts-8ZqS339n-9nxy3DN8Cg,Joe Robinet,KZZfNAzpjt0,My Little Brother Just Passed Away...,2023-06-05 21:00:08+00:00,606254,27142,6312,Unknown,2025-12-01
Camping,UCts-8ZqS339n-9nxy3DN8Cg,Joe Robinet,Ph9dHMuDh6A,Building A FORT IN THE WOODS,2019-03-01 19:19:04+00:00,582544,15007,1592,Unknown,2025-12-01
Camping,UCts-8ZqS339n-9nxy3DN8Cg,Joe Robinet,YTa0YyjBqJc,Overnight Winter Bushcraft Camp with a Dog under a White Tarp.,2018-03-09 22:01:37+00:00,564670,12756,1585,Unknown,2025-12-01
Camping,UCts-8ZqS339n-9nxy3DN8Cg,Joe Robinet,G5Jrbav4nPQ,Camping in a 3 NIGHT WINTER SNOWSTORM!  Semi Permanent Camp Style - HUGE SNOWFALL! Tons of Good Food,2021-12-17 23:23:10+00:00,542654,16239,966,Unknown,2025-12-01
Camping,UCts-8ZqS339n-9nxy3DN8Cg,Joe Robinet,RgTaDc73kLE,MIDNIGHT TO MIDDAY! - Getting to Camp in the Dark and Building in the Day. At the Fort in the Woods.,2021-12-10 22:31:06+00:00,536519,15760,1018,Unknown,2025-12-01
Camping,UCts-8ZqS339n-9nxy3DN8Cg,Joe Robinet,08zIZq6jRW4,24 Hour Wild Camp out of a Maxpedition Xantha.,2015-07-24 16:51:42+00:00,536375,7942,907,Unknown,2025-12-01
Camping,UCts-8ZqS339n-9nxy3DN8Cg,Joe Robinet,6HPEb3JBrsY,"From SCARED, to CONFIDENT in a CANOE -DUTCH SHEPHERD PUPPY 1 week Progression.",2019-05-04 12:57:39+00:00,529880,21803,2705,Unknown,2025-12-01
Camping,UCts-8ZqS339n-9nxy3DN8Cg,Joe Robinet,CKEFgHeaftw,Solo Winter Bushcraft Camp-Natural Shelter-Pulk Overnighter,2016-03-09 23:21:42+00:00,526134,8556,772,Unknown,2025-12-01
Camping,UCts-8ZqS339n-9nxy3DN8Cg,Joe Robinet,gaQ2oh4OpJM,-20 Winter Camping Trip with my Dog in a Hot Tent with a Woodstove. Testing Gear for Wilderness Trip,2021-02-18 18:15:40+00:00,518275,15163,1408,Unknown,2025-12-01
Camping,UCts-8ZqS339n-9nxy3DN8Cg,Joe Robinet,lzSQMEizfIk,4 DAY WILDERNESS CAMP  e1 The Storm.,2018-09-26 18:15:03+00:00,518024,11651,1556,Unknown,2025-12-01
Camping,UCts-8ZqS339n-9nxy3DN8Cg,Joe Robinet,Y_Ia9LcdCk4,Late Stage Lymphoma.,2018-11-25 23:12:19+00:00,509523,44145,19810,Unknown,2025-12-01
Camping,UCts-8ZqS339n-9nxy3DN8Cg,Joe Robinet,C4F4n0D3lpw,"OFF GRID LOG CABIN Overnight!- Bear Ribs, Cold Temps, Firewood.. My Self Reliance Log Cabin Life",2018-02-02 20:06:09+00:00,505110,11464,1222,Unknown,2025-12-01
Camping,UCts-8ZqS339n-9nxy3DN8Cg,Joe Robinet,AvfYggmepmQ,"BECOMING WILD IN WABAKIMI - A Solo, 12 Day, 200km Journey - Part 1 Float Plane, Moose, Thunderstorm.",2021-07-19 18:47:19+00:00,501758,15696,1428,Unknown,2025-12-01
Camping,UCts-8ZqS339n-9nxy3DN8Cg,Joe Robinet,TZ82rS5SQTI,"""HOLD ME CLOSER TINY CAMPER"" 4x6 Homemade Tiny Trailer Camper Purchase, Walkaround and Campout!",2022-06-24 17:00:17+00:00,500507,13965,1274,Unknown,2025-12-01
Camping,UCts-8ZqS339n-9nxy3DN8Cg,Joe Robinet,R0kTw8757s8,we got a new dog...,2019-04-26 20:32:30+00:00,496253,24299,3442,Unknown,2025-12-01
Camping,UCts-8ZqS339n-9nxy3DN8Cg,Joe Robinet,jSwZCYeVSNY,Camping With A Subscriber in a Canvas Tent with a Woodstove.,2017-12-01 22:52:51+00:00,487759,11905,1566,Unknown,2025-12-01
Camping,UCts-8ZqS339n-9nxy3DN8Cg,Joe Robinet,n5AwOQ8hwfY,2 Days ATVing and Winter Camping  in a Canvas Tent with a Woodstove!,2018-11-23 12:22:18+00:00,483073,11746,1519,Unknown,2025-12-01
Camping,UCts-8ZqS339n-9nxy3DN8Cg,Joe Robinet,dLCuhVD5HFo,Overnight Bushcraft Camp with my Dog - WAKING UP IN THE SNOW!,2018-11-14 18:53:17+00:00,482473,13695,1914,Unknown,2025-12-01
Camping,UCts-8ZqS339n-9nxy3DN8Cg,Joe Robinet,1TbzeFPSgTA,"Day at the Bushcraft Basecamp - Axemanship, Outdoor Cooking, Fixing Camp",2017-03-10 23:00:00+00:00,479393,13621,1985,Unknown,2025-12-01
Camping,UCts-8ZqS339n-9nxy3DN8Cg,Joe Robinet,4p-qiFdj0kg,Left Alone to Survive on an Island in the NorthWest Territories (Remote Canada),2018-08-10 15:06:33+00:00,475754,11649,1310,Unknown,2025-12-01
Camping,UCts-8ZqS339n-9nxy3DN8Cg,Joe Robinet,uhet5SXh9gk,Off Grid : Man and Dog Live in Canvas Tent,2016-11-09 23:20:56+00:00,474400,5265,694,Unknown,2025-12-01
Camping,UCts-8ZqS339n-9nxy3DN8Cg,Joe Robinet,oKQsz4vektY,"Overnight Bushcraft Camp With Friends-RABBIT ON A SPIT, NATURAL BEDS, WOOL BLANKET, LONG FIRE",2019-04-12 19:34:52+00:00,450254,9545,1394,Unknown,2025-12-01
Camping,UCts-8ZqS339n-9nxy3DN8Cg,Joe Robinet,vmhu55FbIkk,Return to the Fort - BUILD COOKING TRIPOD - FLINT&STEEL - BACK WALL - BACON+EGGS NO COOKING TOOLS,2019-03-31 23:31:48+00:00,440166,10935,1225,Unknown,2025-12-01
Hang Gliding,UCF5ZVaGLoret3JAeL4oBfUQ,Moyes Microlights,uV9N37AEplU,Moyes Litespeed RX 3.5,2013-05-12 12:13:04+00:00,2911,11,0,Unknown,2025-12-01
Hang Gliding,UCF5ZVaGLoret3JAeL4oBfUQ,Moyes Microlights,ogm_HaqCvoU,"Hang Gliding at Beer Head, Devon",2011-03-21 16:16:11+00:00,1478,4,1,Unknown,2025-12-01
Hang Gliding,UCF5ZVaGLoret3JAeL4oBfUQ,Moyes Microlights,jaD-2OdN-90,"Hang gliding at Carbis Bay, Cornwall",2010-04-28 16:35:35+00:00,1181,0,0,Unknown,2025-12-01
Hang Gliding,UCF5ZVaGLoret3JAeL4oBfUQ,Moyes Microlights,W9YGliIxoCI,Hang Gliding @ Whitsand Bay,2011-07-10 21:05:55+00:00,900,2,0,Unknown,2025-12-01
Hang Gliding,UCF5ZVaGLoret3JAeL4oBfUQ,Moyes Microlights,rQnY1LwWX3k,Hang Gliding @ Beer Head,2012-05-10 05:26:14+00:00,843,11,15,Unknown,2025-12-01
Hang Gliding,UCF5ZVaGLoret3JAeL4oBfUQ,Moyes Microlights,7KEuudAsG7o,Aerotowing a Hang Glider above and between clouds in Devon,2012-03-12 01:32:08+00:00,827,3,0,Unknown,2025-12-01
Hang Gliding,UCF5ZVaGLoret3JAeL4oBfUQ,Moyes Microlights,MnoURTmDpx8,Hang Gliding at Woolacombe,2011-01-11 00:43:29+00:00,779,2,2,Unknown,2025-12-01
Hang Gliding,UCF5ZVaGLoret3JAeL4oBfUQ,Moyes Microlights,vnB79x5NuXk,"Laragne, Chabre, Hang Gliding",2010-08-31 18:17:50+00:00,761,1,0,Unknown,2025-12-01
Hang Gliding,UCF5ZVaGLoret3JAeL4oBfUQ,Moyes Microlights,BO6d7u_-lJs,Hang Gliding at Bossington 201010,2010-10-21 23:23:37+00:00,695,4,4,Unknown,2025-12-01
Hang Gliding,UCF5ZVaGLoret3JAeL4oBfUQ,Moyes Microlights,d-pQdg0T-Ko,"Hang Gliding @ St Andre Les Alpes, France",2011-09-06 22:57:10+00:00,502,1,0,Unknown,2025-12-01
Hang Gliding,UCF5ZVaGLoret3JAeL4oBfUQ,Moyes Microlights,2hYMfdcta_s,Hang Gliding Gopro clips.,2012-02-02 17:25:31+00:00,433,3,2,Unknown,2025-12-01
Hang Gliding,UCF5ZVaGLoret3JAeL4oBfUQ,Moyes Microlights,yji42sYwstU,Exmouth Snow,2010-12-20 17:11:57+00:00,419,5,2,Unknown,2025-12-01
Hang Gliding,UCF5ZVaGLoret3JAeL4oBfUQ,Moyes Microlights,3GFqoPuOsmU,Hang Gliding Footlaunched Aerotow in Devon,2011-10-18 11:38:06+00:00,414,2,2,Unknown,2025-12-01
Hang Gliding,UCF5ZVaGLoret3JAeL4oBfUQ,Moyes Microlights,FULjFkTngZI,Hang Gliding Annecy September 2013,2013-09-19 23:13:58+00:00,399,3,3,Unknown,2025-12-01
Hang Gliding,UCF5ZVaGLoret3JAeL4oBfUQ,Moyes Microlights,Fumom5_kB8k,Woolacombe Hang Gliding K2,2022-06-13 19:03:06+00:00,373,10,2,Unknown,2025-12-01
Hang Gliding,UCF5ZVaGLoret3JAeL4oBfUQ,Moyes Microlights,1K9HjAmdIrA,Hang Gliding at North Hill,2010-12-01 21:48:22+00:00,340,3,0,Unknown,2025-12-01
Hang Gliding,UCF5ZVaGLoret3JAeL4oBfUQ,Moyes Microlights,lkmnhTBzWpM,"Beer Head, Devon",2016-12-12 18:54:29+00:00,336,7,1,Unknown,2025-12-01
Hang Gliding,UCF5ZVaGLoret3JAeL4oBfUQ,Moyes Microlights,CVDDneO_31g,"Annecy, Monte Cucco and Casteluccio",2015-06-20 23:47:04+00:00,332,4,2,Unknown,2025-12-01
Hang Gliding,UCF5ZVaGLoret3JAeL4oBfUQ,Moyes Microlights,Dbsx6TNxvpU,"Hang Gliding @ Bell Hill, Dorset",2013-04-26 23:10:31+00:00,329,3,4,Unknown,2025-12-01
Hang Gliding,UCF5ZVaGLoret3JAeL4oBfUQ,Moyes Microlights,7W5vpAH4-Go,Woolacombe,2017-07-24 16:15:34+00:00,327,6,1,Unknown,2025-12-01
Hang Gliding,UCF5ZVaGLoret3JAeL4oBfUQ,Moyes Microlights,JFk_NYtCFTI,Hang Gliding Woolacombe 15/05/11,2011-05-16 21:39:33+00:00,318,0,0,Unknown,2025-12-01
Hang Gliding,UCF5ZVaGLoret3JAeL4oBfUQ,Moyes Microlights,jWdz4rhPWwM,"Hang Gliding, Aspres France",2010-10-12 09:39:59+00:00,275,1,0,Unknown,2025-12-01
Hang Gliding,UCF5ZVaGLoret3JAeL4oBfUQ,Moyes Microlights,CfutB__ND70,"Hang Gliding @ Bell Hill, Dorset",2011-07-22 02:06:45+00:00,246,0,0,Unknown,2025-12-01
Hang Gliding,UCF5ZVaGLoret3JAeL4oBfUQ,Moyes Microlights,7LjB-2vYRds,Hang Gliding @ Whitsand Bay June 2012,2012-06-21 18:40:53+00:00,232,1,0,Unknown,2025-12-01
Hang Gliding,UCF5ZVaGLoret3JAeL4oBfUQ,Moyes Microlights,Y_yfYUJRAoo,Hang gliding Aerotow Devon.mpg,2010-05-24 20:20:32+00:00,191,0,0,Unknown,2025-12-01
Hang Gliding,UCF5ZVaGLoret3JAeL4oBfUQ,Moyes Microlights,LIJwZfqbAaI,Smeatharpe101113,2013-11-10 23:12:19+00:00,134,1,2,Unknown,2025-12-01
Hang Gliding,UCF5ZVaGLoret3JAeL4oBfUQ,Moyes Microlights,jtNGBRrYRGA,Ride into work and back home,2010-09-28 18:00:17+00:00,58,0,0,Unknown,2025-12-01
Hiking,UCeR8sH3N4MMnYKiSC1gcV5w,Hiking Guy,HC5fzVMm4vU,My Easy Method to Avoid Trailhead Car Break-Ins,2023-09-29 21:08:00+00:00,966210,15398,2133,Unknown,2025-11-30
Hiking,UCeR8sH3N4MMnYKiSC1gcV5w,Hiking Guy,nYqxx1quVtM,Apple Watch Ultra: Good For Hiking? (6mo Review),2023-05-01 17:31:18+00:00,877523,17865,751,Unknown,2025-11-30
Hiking,UCeR8sH3N4MMnYKiSC1gcV5w,Hiking Guy,VozG0nHJaXw,Why This Is Always On My Pack - RECCO Backpack Rescue Reflector,2023-11-18 17:45:00+00:00,865873,17175,515,Unknown,2025-11-30
Hiking,UCeR8sH3N4MMnYKiSC1gcV5w,Hiking Guy,yMU8xVeHARo,In-Depth Garmin inReach Mini Review - HikingGuy.com,2018-08-31 12:20:13+00:00,553990,7581,675,Unknown,2025-11-30
Hiking,UCeR8sH3N4MMnYKiSC1gcV5w,Hiking Guy,XNzULssmT4c,inReach Mini 2: 7 Things You Should Know,2022-07-13 22:58:32+00:00,544301,14727,311,Unknown,2025-11-30
Hiking,UCeR8sH3N4MMnYKiSC1gcV5w,Hiking Guy,1r1F3Tv6lYQ,Apple Watch or Garmin? What I Chose After 2 Years,2024-06-28 14:50:02+00:00,473831,6119,496,Unknown,2025-11-30
Hiking,UCeR8sH3N4MMnYKiSC1gcV5w,Hiking Guy,aT4FEdIsoio,Apple Watch Fall Detection vs Garmin Incident Detection,2025-01-16 21:23:07+00:00,427374,7286,326,Unknown,2025-11-30
Hiking,UCeR8sH3N4MMnYKiSC1gcV5w,Hiking Guy,EGuEJJw2KWI,In-Depth Garmin Inreach Explorer Review - HikingGuy.com,2017-08-21 19:19:10+00:00,422822,6278,433,Unknown,2025-11-30
Hiking,UCeR8sH3N4MMnYKiSC1gcV5w,Hiking Guy,wHyd5AXyDRA,Garmin Fenix 8: The Truth From a Longtime Garmin User,2024-09-15 13:57:59+00:00,359584,7306,917,Unknown,2025-11-30
Hiking,UCeR8sH3N4MMnYKiSC1gcV5w,Hiking Guy,BPa3VE8yegU,Garmin GPSMAP 66i In-Depth Review & How-To Guide,2019-09-26 18:35:56+00:00,358412,4472,658,Unknown,2025-11-30
Hiking,UCeR8sH3N4MMnYKiSC1gcV5w,Hiking Guy,erNzP0OKvJo,Motorola Defy Satellite Link Review (Real World Test),2023-07-10 18:00:30+00:00,348500,5929,409,Unknown,2025-11-30
Hiking,UCeR8sH3N4MMnYKiSC1gcV5w,Hiking Guy,PcK3M9I2iKE,How Much Does a Garmin inReach SOS Cost in 2025?,2024-02-06 16:41:33+00:00,311692,3794,245,Unknown,2025-11-30
Hiking,UCeR8sH3N4MMnYKiSC1gcV5w,Hiking Guy,X7KBodDC7YE,In-Depth Garmin eTrex 32x Review & How-To Guide,2020-05-10 12:43:30+00:00,305504,3819,401,Unknown,2025-11-30
Hiking,UCeR8sH3N4MMnYKiSC1gcV5w,Hiking Guy,N4Gw4baD63o,How To Hike Half Dome,2020-09-12 14:03:29+00:00,304220,7987,348,Unknown,2025-11-30
Hiking,UCeR8sH3N4MMnYKiSC1gcV5w,Hiking Guy,15RU8QqY-HY,Garmin Fenix 6 In-Depth Review For Hiking & Outdoors - HikingGuy.com,2019-11-05 18:49:43+00:00,293176,3590,345,Unknown,2025-11-30
Hiking,UCeR8sH3N4MMnYKiSC1gcV5w,Hiking Guy,ilXq-POO4d0,iPhone vs Garmin inReach - Emegency SOS Tested,2022-12-30 22:20:11+00:00,288101,9669,456,Unknown,2025-11-30
Hiking,UCeR8sH3N4MMnYKiSC1gcV5w,Hiking Guy,5vGGdPpunJg,Garmin eTrex 20x Hiking GPS Review - HikingGuy.com,2017-05-25 18:52:36+00:00,276613,4104,361,Unknown,2025-11-30
Hiking,UCeR8sH3N4MMnYKiSC1gcV5w,Hiking Guy,fkBdII0Ideg,Pixel 9 Satellite SOS vs iPhone vs inReach,2024-08-26 16:33:02+00:00,266072,5397,251,Unknown,2025-11-30
Hiking,UCeR8sH3N4MMnYKiSC1gcV5w,Hiking Guy,VM82bE-9caU,Navigating on the Garmin Fenix 7 and Epix Gen2,2022-04-07 13:40:32+00:00,264348,5180,241,Unknown,2025-11-30
Hiking,UCeR8sH3N4MMnYKiSC1gcV5w,Hiking Guy,dKFRpo41RhY,iPhone Satellite vs Garmin inReach,2024-09-24 15:55:51+00:00,263410,4357,393,Unknown,2025-11-30
Hiking,UCeR8sH3N4MMnYKiSC1gcV5w,Hiking Guy,vDYtbo45YgE,"How To Get Free Garmin GPS Maps - Handhelds, Watches, Basecamp",2017-08-03 18:19:36+00:00,263363,2982,314,Unknown,2025-11-30
Hiking,UCeR8sH3N4MMnYKiSC1gcV5w,Hiking Guy,kWsehF_xSlE,Don't Hike Half Dome (Do This Instead),2024-07-24 23:17:31+00:00,252916,4460,956,Unknown,2025-11-30
Hiking,UCeR8sH3N4MMnYKiSC1gcV5w,Hiking Guy,jwJmagy49kg,Garmin Fenix 7 & Epix Review For Hikers and the Outdoors,2022-03-01 00:01:08+00:00,251919,4944,326,Unknown,2025-11-30
Hiking,UCeR8sH3N4MMnYKiSC1gcV5w,Hiking Guy,MvKIWUz1YEI,"In-Depth Garmin Montana 750i, 700i, 700 Review",2020-10-21 21:04:20+00:00,236104,4934,301,Unknown,2025-11-30
Hiking,UCeR8sH3N4MMnYKiSC1gcV5w,Hiking Guy,4hXO9Uu8qrA,Best Hiking Gear - The HikingGuy 10 Essentials,2023-09-03 22:55:58+00:00,229482,6935,293,Unknown,2025-11-30
Hiking,UCeR8sH3N4MMnYKiSC1gcV5w,Hiking Guy,AH-sDP2H4GE,Garmin Fenix 5x Hiking Review & Guide - HikingGuy.com,2017-12-05 18:24:46+00:00,218683,2232,239,Unknown,2025-11-30
Hiking,UCeR8sH3N4MMnYKiSC1gcV5w,Hiking Guy,uTnvo-SgHGw,Best Hiking Gear - The HikingGuy 10 Essentials,2024-05-20 15:07:03+00:00,206709,4970,218,Unknown,2025-11-30
Hiking,UCeR8sH3N4MMnYKiSC1gcV5w,Hiking Guy,uK2WnkhM4GA,Rim to Rim Grand Canyon Hike Guide,2021-06-10 12:30:41+00:00,196731,5841,312,Unknown,2025-11-30
Hiking,UCeR8sH3N4MMnYKiSC1gcV5w,Hiking Guy,7Qn7a5MzhhE,Grand Canyon GPS Test - Garmin vs Apple,2024-03-22 20:16:21+00:00,194239,3565,144,Unknown,2025-11-30
Hiking,UCeR8sH3N4MMnYKiSC1gcV5w,Hiking Guy,89mY1PIB9aE,"Garmin GPSMAP 67i Review (vs Garmin 66i, 66sr, Epix/Fenix) - After Months on the Trail",2023-06-21 22:17:32+00:00,193561,4755,318,Unknown,2025-11-30
Hiking,UCeR8sH3N4MMnYKiSC1gcV5w,Hiking Guy,plFa4AiFMvg,How to Hike the Narrows Zion,2022-08-29 20:31:14+00:00,191038,3469,100,Unknown,2025-11-30
Hiking,UCeR8sH3N4MMnYKiSC1gcV5w,Hiking Guy,lC3JP934paU,Garmin GPSMAP 65s Review & Guide,2020-11-06 14:43:18+00:00,162205,3915,236,Unknown,2025-11-30
Hiking,UCeR8sH3N4MMnYKiSC1gcV5w,Hiking Guy,A5F3ni6uWuY,Garmin Fenix 3 Hiking GPS Review,2015-11-18 15:14:03+00:00,157370,746,108,Unknown,2025-11-30
Hiking,UCeR8sH3N4MMnYKiSC1gcV5w,Hiking Guy,g-ffMEL2XgQ,Osprey Stratos 24 / Sirrus 24 - Long Term Review,2023-07-03 15:17:39+00:00,149531,3396,164,Unknown,2025-11-30
Hiking,UCeR8sH3N4MMnYKiSC1gcV5w,Hiking Guy,PMap5_X4NHk,Footpath App Tutorial & Review - Apple Watch,2023-05-08 23:50:55+00:00,147437,3708,179,Unknown,2025-11-30
Hiking,UCeR8sH3N4MMnYKiSC1gcV5w,Hiking Guy,vUNnDPaJJO4,WATCH THIS Before You Hike in the Mountains in the Winter - HikingGuy.com,2023-01-20 22:54:00+00:00,133152,4141,455,Unknown,2025-11-30
Hiking,UCeR8sH3N4MMnYKiSC1gcV5w,Hiking Guy,BXi1hNrs8tQ,Workoutdoors App: Garmin-Like GPS Experience on Apple Watch,2023-05-31 22:46:15+00:00,132096,3459,166,Unknown,2025-11-30
Hiking,UCeR8sH3N4MMnYKiSC1gcV5w,Hiking Guy,zkmGjDoDw_0,Mt Baldy Hike Directions Made Easy,2018-10-16 23:22:19+00:00,131590,5325,332,Unknown,2025-11-30
Hiking,UCeR8sH3N4MMnYKiSC1gcV5w,Hiking Guy,H8lsGsHJsYo,How To Use the AllTrails App (For Beginners),2022-09-07 13:06:25+00:00,122182,1742,100,Unknown,2025-11-30
Hiking,UCeR8sH3N4MMnYKiSC1gcV5w,Hiking Guy,Ls0ZCyTomuM,In-Depth ZOLEO Satellite Communicator Review & Guide,2021-07-20 20:19:52+00:00,120986,3902,221,Unknown,2025-11-30
Hiking,UCeR8sH3N4MMnYKiSC1gcV5w,Hiking Guy,gU7hRg8ohsQ,"Federal Public Lands Update: Closures, Firings & What to Expect",2025-02-28 14:51:12+00:00,114591,3917,1266,Unknown,2025-11-30
Hiking,UCeR8sH3N4MMnYKiSC1gcV5w,Hiking Guy,ouF0ypDdygM,inReach SOS: What REALLY Happens (And What Might Not),2023-05-15 00:00:24+00:00,114379,2468,149,Unknown,2025-11-30
Hiking,UCeR8sH3N4MMnYKiSC1gcV5w,Hiking Guy,GuDkjCqiag4,Garmin GPSMAP 67i - Impressions After First Hike & Setup,2023-03-16 21:23:59+00:00,110617,2368,257,Unknown,2025-11-30
Hiking,UCeR8sH3N4MMnYKiSC1gcV5w,Hiking Guy,174Kb-udLpw,Garmin Epix Pro After 10 Months Hiking  - Worth the Upgrade?,2024-03-09 14:55:51+00:00,97807,1769,240,Unknown,2025-11-30
Hiking,UCeR8sH3N4MMnYKiSC1gcV5w,Hiking Guy,jl8gAQUHMgo,Garmin inReach Messenger Plus Review,2024-10-08 14:18:44+00:00,97257,2171,194,Unknown,2025-11-30
Hiking,UCeR8sH3N4MMnYKiSC1gcV5w,Hiking Guy,y5iuovi0LRI,Grand Canyon Rim to Rim Fire Update 2,2025-07-21 01:16:55+00:00,95654,2014,148,Unknown,2025-11-30
Hiking,UCeR8sH3N4MMnYKiSC1gcV5w,Hiking Guy,zqgU6VYzE9Q,Hiking Shoes or Altra Lone Peaks? The Trail Runner vs Hiking Shoe Question,2022-05-06 11:30:32+00:00,94647,1747,126,Unknown,2025-11-30
Hiking,UCeR8sH3N4MMnYKiSC1gcV5w,Hiking Guy,yl2DX8JzecM,Garmin GPSMAP 66sr Review & Test,2021-05-22 18:36:55+00:00,94543,2762,228,Unknown,2025-11-30
Hiking,UCeR8sH3N4MMnYKiSC1gcV5w,Hiking Guy,8w9tghgSZmo,How to Hike to the Bridge to Nowhere - HikingGuy.com,2022-10-30 18:17:01+00:00,94495,4646,176,Unknown,2025-11-30
Hiking,UCeR8sH3N4MMnYKiSC1gcV5w,Hiking Guy,e6vq6IAyACI,"Best GPS, Satellite Communicator, Outdoors Watch 2025",2024-01-22 18:11:19+00:00,91724,1550,83,Unknown,2025-11-30
Hiking,UCeR8sH3N4MMnYKiSC1gcV5w,Hiking Guy,3EaEkktrGks,Garmin Fenix 8 Pro: I Wish I Knew This Before I Bought It,2025-10-08 15:00:18+00:00,91151,2513,360,Unknown,2025-11-30
Hiking,UCeR8sH3N4MMnYKiSC1gcV5w,Hiking Guy,Qtv56Tpggbo,Using the Apple Watch for Hiking,2021-02-15 18:34:23+00:00,90336,1408,67,Unknown,2025-11-30
Hiking,UCeR8sH3N4MMnYKiSC1gcV5w,Hiking Guy,TNRP1bHN1hM,Satellite Messaging Showdown: Apple Watch Ultra 3 vs Garmin Fenix 8 Pro,2025-10-20 14:05:36+00:00,85011,1808,128,Unknown,2025-11-30
Hiking,UCeR8sH3N4MMnYKiSC1gcV5w,Hiking Guy,flHUzdvv9C4,Apple's New Hiking Features Tested (in Beta),2024-07-21 13:49:05+00:00,83036,1555,129,Unknown,2025-11-30
Hiking,UCeR8sH3N4MMnYKiSC1gcV5w,Hiking Guy,yiCIECfZoIs,"Is the Garmin Fenix 8 Great Again? (vs Epix, Fenix 7, Apple Watch Ultra)",2024-11-21 21:47:57+00:00,81697,1336,296,Unknown,2025-11-30
Hiking,UCeR8sH3N4MMnYKiSC1gcV5w,Hiking Guy,Zdle4ecdvvk,Offline OSM Maps for Apple Watch,2023-10-24 20:07:53+00:00,81121,981,90,Unknown,2025-11-30
Hiking,UCeR8sH3N4MMnYKiSC1gcV5w,Hiking Guy,IIxYbw_iU1Y,Best Hiking Gear - My Hiking Essentials - Hiking Guy,2025-05-09 20:52:27+00:00,81105,2119,97,Unknown,2025-11-30
Hiking,UCeR8sH3N4MMnYKiSC1gcV5w,Hiking Guy,8zA9zSQintk,Garmin Custom Maps - How To,2020-05-26 11:55:41+00:00,80083,1265,96,Unknown,2025-11-30
Hiking,UCeR8sH3N4MMnYKiSC1gcV5w,Hiking Guy,WEXDpM6nHP4,GPS Tips & Tricks - Get the Most From Your GPS,2021-08-28 14:10:26+00:00,75878,3117,76,Unknown,2025-11-30
Hiking,UCeR8sH3N4MMnYKiSC1gcV5w,Hiking Guy,yv_OFh7qlDg,How to Hike The Wave (Arizona) - The Complete Guide,2024-03-04 21:18:08+00:00,75724,2665,149,Unknown,2025-11-30
Hiking,UCeR8sH3N4MMnYKiSC1gcV5w,Hiking Guy,Wa-BTIssa4U,Garmin Instinct 3 Solar - Best Watch for Thru Hiking?,2025-02-21 20:32:47+00:00,72644,1729,101,Unknown,2025-11-30
Hiking,UCeR8sH3N4MMnYKiSC1gcV5w,Hiking Guy,Ffm2gZkKWts,Garmin inReach Mini 2 in 2025: Still Worth It?,2025-07-04 12:16:31+00:00,71961,1155,94,Unknown,2025-11-30
Hiking,UCeR8sH3N4MMnYKiSC1gcV5w,Hiking Guy,Yk1VEbtuxUs,"Hiking News: $10 Starlink, Apple’s Satellite Weather, Garmin Updates & Rim-to-Rim Tragedy",2025-06-14 13:21:03+00:00,71666,2221,94,Unknown,2025-11-30
Hiking,UCeR8sH3N4MMnYKiSC1gcV5w,Hiking Guy,Ke9wNlYjfS8,Why Are Hikers Dying? (Not What You Think),2024-08-09 14:00:17+00:00,69279,2064,172,Unknown,2025-11-30
Hiking,UCeR8sH3N4MMnYKiSC1gcV5w,Hiking Guy,l-muZifV6tM,Garmin inReach Messenger Review - Surprises After 1 Year,2023-10-09 19:46:05+00:00,66810,2186,155,Unknown,2025-11-30
Hiking,UCeR8sH3N4MMnYKiSC1gcV5w,Hiking Guy,KLzmYJEwj9Y,Grand Canyon Hiking Tips for Beginners,2019-12-28 16:15:39+00:00,65985,2620,101,Unknown,2025-11-30
Hiking,UCeR8sH3N4MMnYKiSC1gcV5w,Hiking Guy,GV6kBjpc0h0,How to Follow a Track on the WorkOutDoors Apple Watch App,2021-02-15 18:34:27+00:00,64651,1312,67,Unknown,2025-11-30
Hiking,UCeR8sH3N4MMnYKiSC1gcV5w,Hiking Guy,s4r8z1k3QiA,Trailhead Access For Sale by the US Forest Service,2024-05-31 14:12:10+00:00,64144,1606,478,Unknown,2025-11-30
Hiking,UCeR8sH3N4MMnYKiSC1gcV5w,Hiking Guy,fkv1G3aIkis,Red Rock Canyon (Las Vegas) Top 3 Hikes,2023-02-03 12:35:18+00:00,63823,2317,100,Unknown,2025-11-30
Hiking,UCeLEFccX95XG45Xm7o5TBqA,The Trek,T-nlPoRgTUg,Watch This Before You Decide to Thru-Hike,2018-12-12 01:28:24+00:00,63613,1155,102,Unknown,2025-12-01
Hiking,UCeR8sH3N4MMnYKiSC1gcV5w,Hiking Guy,LtMpqgODFuM,Best Hikes in Great Smoky Mountains National Park,2024-01-11 16:39:22+00:00,63468,1215,48,Unknown,2025-11-30
Hiking,UCeR8sH3N4MMnYKiSC1gcV5w,Hiking Guy,z7LAtQL-x0Q,Grand Canyon Rim to River Hike Guide,2021-09-20 00:08:18+00:00,62001,1861,108,Unknown,2025-11-30
Hiking,UCeR8sH3N4MMnYKiSC1gcV5w,Hiking Guy,N4MxPDHoRCA,Garmin Maps+ Free Alternative (Garmin Custom Maps),2024-11-02 14:00:19+00:00,60928,2005,115,Unknown,2025-11-30
Hiking,UCeR8sH3N4MMnYKiSC1gcV5w,Hiking Guy,o9F7LAEPumM,Palm Springs Tram Hike to San Jacinto Peak,2021-12-05 23:16:06+00:00,60173,2505,123,Unknown,2025-11-30
Hiking,UCeR8sH3N4MMnYKiSC1gcV5w,Hiking Guy,XGaNsSj1bvY,How to Hike the Lost Coast Trail,2022-03-18 13:14:56+00:00,58180,2329,103,Unknown,2025-11-30
Hiking,UCeR8sH3N4MMnYKiSC1gcV5w,Hiking Guy,kxkPbsfD-bM,Altra Lone Peak 7 Review - 50 Miles In and Moving On,2023-03-31 23:58:02+00:00,57725,1233,151,Unknown,2025-11-30
Hiking,UCeR8sH3N4MMnYKiSC1gcV5w,Hiking Guy,rdObK572xz4,Mt Whitney Hike Guide,2024-02-01 19:11:22+00:00,56371,1223,147,Unknown,2025-11-30
Hiking,UCeR8sH3N4MMnYKiSC1gcV5w,Hiking Guy,ginjqiADJrY,Android Satellite Cell Phones - Any Day Now?,2024-04-05 14:06:29+00:00,53902,1045,85,Unknown,2025-11-30
Hiking,UCeR8sH3N4MMnYKiSC1gcV5w,Hiking Guy,te1zIQBMSs0,How Much Food Fits in a Bearvault BV425 - BV450 - BV475 - BV500 ?,2022-08-02 10:35:08+00:00,53030,2303,115,Unknown,2025-11-30
Hiking,UCeR8sH3N4MMnYKiSC1gcV5w,Hiking Guy,60SAjMXezFo,When to Hit SOS on Your inReach?,2020-04-08 15:55:59+00:00,52808,1722,97,Unknown,2025-11-30
Hiking,UCeR8sH3N4MMnYKiSC1gcV5w,Hiking Guy,D7Wzx8kDzCQ,How to Use CalTopo / CalTopo for Beginners,2021-10-07 17:46:21+00:00,52101,1812,53,Unknown,2025-11-30
Hiking,UCeR8sH3N4MMnYKiSC1gcV5w,Hiking Guy,fXUNWRjQEic,NEW Garmin inReach Plans (Sep 2024+),2024-09-18 18:59:03+00:00,51896,1320,230,Unknown,2025-11-30
Hiking,UCeR8sH3N4MMnYKiSC1gcV5w,Hiking Guy,03IKisQIBpY,Camping Channel Islands National Park (Santa Cruz),2023-05-26 00:30:00+00:00,51170,1748,73,Unknown,2025-11-30
Hiking,UCeR8sH3N4MMnYKiSC1gcV5w,Hiking Guy,YeJmN02i5S8,Hiking With Gaia GPS For Beginners,2021-09-21 21:00:47+00:00,49674,1596,78,Unknown,2025-11-30
Hiking,UCeR8sH3N4MMnYKiSC1gcV5w,Hiking Guy,p0lQG5Mmpcw,What's Up with the Motorola Defy Satellite Link?,2023-08-02 22:17:13+00:00,49426,1390,122,Unknown,2025-11-30
Hiking,UCeR8sH3N4MMnYKiSC1gcV5w,Hiking Guy,6-RqOgezBgQ,Trans Catalina Trail (TCT) Hike Guide - HikingGuy.com,2021-05-01 12:24:00+00:00,47291,2006,77,Unknown,2025-11-30
Hiking,UCeR8sH3N4MMnYKiSC1gcV5w,Hiking Guy,EWlk4Qj3Z64,Joshua Tree Hiking Tips,2020-03-05 13:40:54+00:00,46628,1073,46,Unknown,2025-11-30
Hiking,UCeR8sH3N4MMnYKiSC1gcV5w,Hiking Guy,AknW81FkVOI,Hike the Hollywood Sign (From a Pro Guide),2023-06-09 15:17:08+00:00,46368,1873,92,Unknown,2025-11-30
Hiking,UCeR8sH3N4MMnYKiSC1gcV5w,Hiking Guy,6UA1iEy_j04,Horseshoe Bend Hike Guide - Arizona,2024-02-04 15:52:43+00:00,45143,639,46,Unknown,2025-11-30
Hiking,UCeR8sH3N4MMnYKiSC1gcV5w,Hiking Guy,I26U-KSR0vw,Osprey Talon Pro 30 - 2 Month Real-World Testing Review,2021-05-06 13:46:28+00:00,44886,1468,73,Unknown,2025-11-30
Hiking,UCeLEFccX95XG45Xm7o5TBqA,The Trek,_zDKvNd9Ax0,Big Agnes Copper Spur HV UL 2 Review,2019-08-12 16:20:36+00:00,44741,388,43,Unknown,2025-12-01
Hiking,UCeR8sH3N4MMnYKiSC1gcV5w,Hiking Guy,f_iaH6tYTA0,Upper Yosemite Falls Hike,2020-04-19 14:21:08+00:00,44347,1422,84,Unknown,2025-11-30
Hiking,UCeR8sH3N4MMnYKiSC1gcV5w,Hiking Guy,mFGvy86DACQ,Best Hiking Rain Gear - Not What You Expect,2024-04-21 16:37:40+00:00,43811,1405,58,Unknown,2025-11-30
Hiking,UCeR8sH3N4MMnYKiSC1gcV5w,Hiking Guy,dZ0tSgtBifc,Scout Lookout Zion Trail Guide,2022-08-13 11:59:33+00:00,42072,1508,77,Unknown,2025-11-30
Hiking,UCeR8sH3N4MMnYKiSC1gcV5w,Hiking Guy,CwXwopT29P8,Topo Hiking Shoes: Picking the Right One For You,2024-10-25 15:00:13+00:00,41755,1231,120,Unknown,2025-11-30
Hiking,UCeR8sH3N4MMnYKiSC1gcV5w,Hiking Guy,ZSuKIWkT5y4,Garmin inReach Plans: The Ones They Don’t Tell You About,2024-08-18 14:46:32+00:00,41081,1107,78,Unknown,2025-11-30
Hiking,UCeR8sH3N4MMnYKiSC1gcV5w,Hiking Guy,Au8VWqdveEw,San Gorgonio Hike on the Vivian Creek Trail,2021-07-11 12:45:24+00:00,41081,2029,132,Unknown,2025-11-30
Hiking,UCeR8sH3N4MMnYKiSC1gcV5w,Hiking Guy,mBM0B4RS-WQ,Osprey Hikelite 18 Review - Best Hot Weather Daypack?,2021-10-29 17:40:43+00:00,40939,932,51,Unknown,2025-11-30
Hiking,UCeR8sH3N4MMnYKiSC1gcV5w,Hiking Guy,NJY0-X5EZeA,Osprey Talon 6 Review (Tempest 6) - Hiking Waistpack Review,2022-04-05 11:23:48+00:00,40546,673,53,Unknown,2025-11-30
Hiking,UCeR8sH3N4MMnYKiSC1gcV5w,Hiking Guy,0Q1XW3LgoyM,What is a GPX File?,2020-05-21 01:15:55+00:00,39098,605,35,Unknown,2025-11-30
Hiking,UCeR8sH3N4MMnYKiSC1gcV5w,Hiking Guy,075Gg28dA6Y,Timberline Trail Guide (Mt Hood),2021-08-10 12:41:57+00:00,38949,1315,85,Unknown,2025-11-30
Hiking,UCeR8sH3N4MMnYKiSC1gcV5w,Hiking Guy,I6v4Zk0W3Hg,Best Hiking Gear 2025 - 3 Big Swaps,2025-08-03 13:03:02+00:00,38782,1506,129,Unknown,2025-11-30
Hiking,UCeLEFccX95XG45Xm7o5TBqA,The Trek,ehX3OKMkqJA,Julie's 2019 Appalachian Trail Gear List,2019-01-16 02:27:55+00:00,14524,367,142,Unknown,2025-12-01
Hiking,UCeLEFccX95XG45Xm7o5TBqA,The Trek,HTUrtnl7b2A,Julia’s Appalachian Trail 2019 Vlog - #17 Boiling Springs to Port Clinton/Hamburg,2019-06-16 18:55:04+00:00,14353,355,45,Unknown,2025-12-01
Hiking,UCeLEFccX95XG45Xm7o5TBqA,The Trek,TbxBeLzB-yI,Little Skittle’s PCT Vlog #1: Intro & gear overview,2019-04-02 23:51:09+00:00,14109,287,33,Unknown,2025-12-01
Hiking,UCeLEFccX95XG45Xm7o5TBqA,The Trek,IOU3txiszkM,Julia’s Appalachian Trail 2019 Vlog #3 - Unicoi Gap to Muskrat Creek Shelter,2019-03-20 13:30:27+00:00,13877,419,49,Unknown,2025-12-01
Hiking,UCeLEFccX95XG45Xm7o5TBqA,The Trek,9kXKPoUoQE4,"What I carried on a 4,400 MILE hike (watch full video on our channel) #thruhiking #camping #gear",2024-01-15 15:15:16+00:00,12561,287,10,Unknown,2025-12-01
Hiking,UCeLEFccX95XG45Xm7o5TBqA,The Trek,VpwsJpvhQf4,"Little Skittle's Pacific Crest Trail 2019 Vlog #22: Day 73-80, Mile 1092.3-1195.4",2019-06-21 22:49:01+00:00,12207,291,27,Unknown,2025-12-01
Hiking,UCeLEFccX95XG45Xm7o5TBqA,The Trek,T5m0YPgUk_8,"Little Skittle's Pacific Crest Trail 2019 Vlog #33: Day 125-135, Mile 2347.5-2653.1",2019-11-17 12:00:58+00:00,11352,280,89,Unknown,2025-12-01
Hiking,UCeLEFccX95XG45Xm7o5TBqA,The Trek,E3OCBenuk4s,Liz’s Appalachian Trail Vlog #4: Days 1-3,2018-04-08 15:27:22+00:00,11211,311,40,Unknown,2025-12-01
Hiking,UCeLEFccX95XG45Xm7o5TBqA,The Trek,t7pfBZcpwh0,"Little Skittle's Pacific Crest Trail 2019 Vlog #12: Day 33-36, 587.3-702.2",2019-05-10 20:47:45+00:00,11058,286,30,Unknown,2025-12-01
Hiking,UCeLEFccX95XG45Xm7o5TBqA,The Trek,dSMh486cLeg,Meet The Trek's 2020 Appalachian Trail and Pacific Crest Trail Vloggers,2020-02-22 20:56:53+00:00,10205,247,36,Unknown,2025-12-01
Hiking,UCeLEFccX95XG45Xm7o5TBqA,The Trek,SlLDNsWpZ38,"Little Skittle's Pacific Crest Trail 2019 Vlog #32: Day 116-124, Mile 2147.6-2347.5",2019-10-14 01:00:01+00:00,9833,250,56,Unknown,2025-12-01
Hiking,UCeLEFccX95XG45Xm7o5TBqA,The Trek,_4nEc8mdSq0,Chaunce’s AT Vlog #05: Franklin - NOC,2019-03-27 23:30:00+00:00,9253,338,47,Unknown,2025-12-01
Hiking,UCeLEFccX95XG45Xm7o5TBqA,The Trek,oXuReGgvVGU,Katie B's PCT Vlog #19: Mt. Whitney and Forester Pass,2019-06-13 02:02:21+00:00,8239,231,27,Unknown,2025-12-01
Hiking,UCeLEFccX95XG45Xm7o5TBqA,The Trek,Ic_8CY7XR94,Hiking 18 miles alone in the mountains. | Day 3,2025-10-26 20:00:23+00:00,8048,439,56,Unknown,2025-12-01
Hiking,UCeLEFccX95XG45Xm7o5TBqA,The Trek,8QSMjbrdIpw,Liz’s Appalachian Trail Vlog #10: Q & A,2018-04-28 20:00:01+00:00,7683,354,52,Unknown,2025-12-01
Hiking,UCeLEFccX95XG45Xm7o5TBqA,The Trek,hcrXm3Tsbl0,Preparing to Solo Thru-Hike the Santa Fe to Taos Trail...,2025-10-23 20:00:40+00:00,7432,365,35,Unknown,2025-12-01
Hiking,UCeLEFccX95XG45Xm7o5TBqA,The Trek,3T-wG7eYM-s,Taylor's 2021 Appalachian Trail Updates: #2 The Beginning,2021-04-04 11:50:42+00:00,7421,184,32,Unknown,2025-12-01
Hiking,UCeLEFccX95XG45Xm7o5TBqA,The Trek,TVCB7WhdY94,Backpacker Radio #33 - Andrew Skurka,2019-10-02 02:27:40+00:00,6941,99,5,Unknown,2025-12-01
Hiking,UCeLEFccX95XG45Xm7o5TBqA,The Trek,ixhil5KE0gk,100 Days on the PCT || Episode 1 || Hart's Pass to Canada,2018-06-22 18:53:43+00:00,6919,129,9,Unknown,2025-12-01
Hiking,UCeLEFccX95XG45Xm7o5TBqA,The Trek,Evb-xJG4Jiw,Liz’s Appalachian Trail Vlog #9: Days 16 & 17,2018-04-25 20:00:00+00:00,6728,210,45,Unknown,2025-12-01
Hiking,UCeLEFccX95XG45Xm7o5TBqA,The Trek,zN6K2H0sKdw,"Little Skittle's Pacific Crest Trail 2019 Vlog #10: Day 26-28, 454.5-508.1",2019-05-19 14:43:30+00:00,6706,175,8,Unknown,2025-12-01
Hiking,UCeLEFccX95XG45Xm7o5TBqA,The Trek,RZwvJQN05W8,Julie (Garden State)’s Appalachian Trail Vlog #7: Fontana Dam to Standing Bear Farm,2019-03-22 03:44:37+00:00,6476,273,62,Unknown,2025-12-01
Hiking,UCeLEFccX95XG45Xm7o5TBqA,The Trek,qojjO7uVtYo,Hiking 30 miles alone in the mountains,2025-11-03 15:01:46+00:00,5775,146,8,Unknown,2025-12-01
Hiking,UCeLEFccX95XG45Xm7o5TBqA,The Trek,eCqcJUKFKvI,I keep getting LOST. | Santa Fe to Taos 2025 | Day 7,2025-10-30 20:00:39+00:00,5390,367,40,Unknown,2025-12-01
Hiking,UCeLEFccX95XG45Xm7o5TBqA,The Trek,q-MxLyR8jvA,Bowie's 2021 Appalachian Trail Vlog: An Intro,2021-01-11 18:52:12+00:00,5177,189,36,Unknown,2025-12-01
Hiking,UCeLEFccX95XG45Xm7o5TBqA,The Trek,e4HgY1763G4,How To Think About Purchasing Gear for a Thru-Hike,2020-06-12 18:26:06+00:00,5094,130,5,Unknown,2025-12-01
Hiking,UCeLEFccX95XG45Xm7o5TBqA,The Trek,AIQm8m_W6Nk,Julie (Garden State)’s Appalachian Trail Vlog #9: Hot Springs to Uncle Johnny’s,2019-03-27 22:13:07+00:00,5018,230,47,Unknown,2025-12-01
Hiking,UCeLEFccX95XG45Xm7o5TBqA,The Trek,JpAhGOyMMlo,Feathered Friends Petrel UL 10 Sleeping Bag Review,2019-06-26 03:51:54+00:00,5000,52,3,Unknown,2025-12-01
Hiking,UCeLEFccX95XG45Xm7o5TBqA,The Trek,RHX2uTfxDIY,Tips for Hammock Camping on the Pacific Crest Trail (PCT),2018-09-19 20:10:29+00:00,4970,96,4,Unknown,2025-12-01
Hiking,UCeLEFccX95XG45Xm7o5TBqA,The Trek,lQ90M1hLKbY,Eva’s 2021 Appalachian trail thru hike Chapter 2 part 2,2021-04-26 18:08:41+00:00,4666,86,5,Unknown,2025-12-01
Hiking,UCeLEFccX95XG45Xm7o5TBqA,The Trek,k2Xg62P5CFE,Si's 2018 Pacific Crest Trail Vlog #1: Hiker Introduction,2017-11-14 16:26:21+00:00,4664,81,13,Unknown,2025-12-01
Hiking,UCeLEFccX95XG45Xm7o5TBqA,The Trek,7Nwzt0IElCA,Tara's 2021 Appalachian Trail Thru-hike: Chapter 1 (Knees and NC),2021-04-09 13:43:38+00:00,4573,108,14,Unknown,2025-12-01
Hiking,UCeLEFccX95XG45Xm7o5TBqA,The Trek,q2TqEdGxX5g,Katie B's Pacific Crest Trail 2019 Vlog #6: Days 4-6,2019-04-03 02:12:32+00:00,4514,111,29,Unknown,2025-12-01
Hiking,UCeLEFccX95XG45Xm7o5TBqA,The Trek,yOe45wVJMeE,Mike & Kathy 2019 Appalachian Trail Thru-Hike Vlog #2,2019-02-05 18:04:37+00:00,4463,166,44,Unknown,2025-12-01
Hiking,UCeLEFccX95XG45Xm7o5TBqA,The Trek,PR9BU_J54w4,Chaunce’s AT Vlog #42: Mt. Washington & the Presidentials,2019-08-07 12:00:05+00:00,4409,223,25,Unknown,2025-12-01
Hiking,UCeLEFccX95XG45Xm7o5TBqA,The Trek,OG3z8kmHZ5g,Shilletha's Appaalachian Trail 2021 NOBO Introduction,2020-11-21 02:02:49+00:00,4316,325,76,Unknown,2025-12-01
Hiking,UCeLEFccX95XG45Xm7o5TBqA,The Trek,XDa8glz90cU,I wish I knew this sooner…,2025-11-20 15:01:00+00:00,4292,151,5,Unknown,2025-12-01
Hiking,UCeLEFccX95XG45Xm7o5TBqA,The Trek,n1rzC07Hp4c,Julie (Garden State)’s Appalachian Trail Vlog #26: Lincoln to Gorham,2019-06-28 14:46:32+00:00,4282,219,87,Unknown,2025-12-01
Hiking,UCeLEFccX95XG45Xm7o5TBqA,The Trek,z6e0Y71OwPk,"The final chapter of my PCT hike is brought to you by my new hiking fit!! Look good, hike good",2023-08-23 06:42:00+00:00,4255,46,4,Unknown,2025-12-01
Hiking,UCeLEFccX95XG45Xm7o5TBqA,The Trek,k1zSctRhcAU,I may have been too ambitious…,2025-10-28 14:01:33+00:00,4250,106,3,Unknown,2025-12-01
Hiking,UCeLEFccX95XG45Xm7o5TBqA,The Trek,mAw5-KHwVFM,How to Make an Ultralight Alcohol Stove from a Soda Can,2019-07-01 17:54:51+00:00,3666,62,8,Unknown,2025-12-01
Hiking,UCeLEFccX95XG45Xm7o5TBqA,The Trek,O-Wbzn07Mzc,59 year old partially blind grandmother did the impossible!,2025-11-12 15:00:51+00:00,3371,186,8,Unknown,2025-12-01
Hiking,UCeLEFccX95XG45Xm7o5TBqA,The Trek,uRBr1FgnLzA,Syd's 2021 PCT Thru-Hike: Kennedy Meadows to Bishop via Kearsarge Pass,2021-07-04 20:27:07+00:00,3155,83,4,Unknown,2025-12-01
Hiking,UCeLEFccX95XG45Xm7o5TBqA,The Trek,AcQN6rlmNf0,Katie B’s 2019 PCT Updates: Introduction,2018-10-20 16:23:39+00:00,3027,93,23,Unknown,2025-12-01
Hiking,UCeLEFccX95XG45Xm7o5TBqA,The Trek,OeiTJDv4AgY,#4 - Fireball’s AT Updates Days 11-15 Winding Stair Gap to Fontana Visitor Center,2019-03-26 00:52:00+00:00,3025,104,15,Unknown,2025-12-01
Hiking,UCeLEFccX95XG45Xm7o5TBqA,The Trek,FQ9tneIzhXc,7 Things You NEED To Know About Appalachian Trail History!,2025-09-18 20:00:17+00:00,2944,93,1,Unknown,2025-12-01
Hiking,UCeLEFccX95XG45Xm7o5TBqA,The Trek,0JMClptdnQo,"Permits to Thru-Hike the AT & The ""A.T. Experience"" || Appalachian Trail FAQ",2018-10-09 21:16:41+00:00,2929,73,5,Unknown,2025-12-01
Hiking,UCeLEFccX95XG45Xm7o5TBqA,The Trek,x478AB9aSR8,Eva’s 2021 Appalachian trail thru hike Chapter 17,2021-07-03 21:00:12+00:00,2928,98,8,Unknown,2025-12-01
Hiking,UCeLEFccX95XG45Xm7o5TBqA,The Trek,NQy6Bk6VrLI,Taylor's 2021 Appalachian Trail Updates: #5 500 Miles and Other Milestones,2021-04-27 22:00:07+00:00,2886,109,2,Unknown,2025-12-01
Hiking,UCeLEFccX95XG45Xm7o5TBqA,The Trek,yJ38WYEo86Q,Kacy H's AT Vlog #2: Gear List,2019-03-04 22:02:57+00:00,2881,117,33,Unknown,2025-12-01
Hiking,UCeLEFccX95XG45Xm7o5TBqA,The Trek,fFe4ph5VfqU,I got hurt on The Long Trail,2025-11-08 15:01:17+00:00,2764,85,4,Unknown,2025-12-01
Hiking,UCeLEFccX95XG45Xm7o5TBqA,The Trek,TTH2EGalmEE,Dudley's AT 2020 #1 - An Introduction,2020-01-07 21:32:59+00:00,2756,174,60,Unknown,2025-12-01
Hiking,UCeLEFccX95XG45Xm7o5TBqA,The Trek,xLgiwwSMchI,Backpacker Radio #122: Hot Ones (Hiker Trash Edition),2021-10-21 20:26:00+00:00,2747,47,12,Unknown,2025-12-01
Hiking,UCeLEFccX95XG45Xm7o5TBqA,The Trek,bt21cyu8Vz4,This is unbelievable…,2025-10-13 20:00:27+00:00,2690,115,1,Unknown,2025-12-01
Hiking,UCeLEFccX95XG45Xm7o5TBqA,The Trek,aLo-jEPaPio,Hyping up the squad for the PCT solstice #shorts #thruhiking #thruhiker #backpacking #hiking #hiker,2023-06-21 00:35:37+00:00,2648,36,2,Unknown,2025-12-01
Hiking,UCeLEFccX95XG45Xm7o5TBqA,The Trek,mwHvDgiBRXQ,Mike & Kathy 2020 Appalachian Trail Introduction,2020-03-03 12:43:55+00:00,2623,122,36,Unknown,2025-12-01
Hiking,UCeLEFccX95XG45Xm7o5TBqA,The Trek,9t1UzPVjhqI,Mike & Kathy Day 1 2021 Appalachian Trail,2021-03-05 17:02:37+00:00,2601,139,18,Unknown,2025-12-01
Hiking,UCeLEFccX95XG45Xm7o5TBqA,The Trek,AjN9HZ8FioM,Katie B's PCT Vlog #16: May 21st - May 25th,2019-05-28 00:27:59+00:00,2583,111,14,Unknown,2025-12-01
Hiking,UCeLEFccX95XG45Xm7o5TBqA,The Trek,yeyTFRtM638,Eva’s 2021 Appalachian trail thru hike chapter 3,2021-04-26 18:08:21+00:00,2536,66,5,Unknown,2025-12-01
Hiking,UCeLEFccX95XG45Xm7o5TBqA,The Trek,fbB_QRehUVg,Let It Go Contest Winner,2014-09-01 12:13:29+00:00,2535,15,2,Unknown,2025-12-01
Hiking,UCeLEFccX95XG45Xm7o5TBqA,The Trek,i26UaRr04y0,Mike S. 2019 PCT Vlog #1 Intro,2019-02-09 22:23:31+00:00,2533,76,4,Unknown,2025-12-01
Hiking,UCeLEFccX95XG45Xm7o5TBqA,The Trek,IU3vgtCWo2Y,#satisfying i will not elaborate on any of these lol #thruhike #longtrail,2023-07-13 22:04:31+00:00,2509,36,4,Unknown,2025-12-01
Hiking,UCeLEFccX95XG45Xm7o5TBqA,The Trek,wSiFlAHgkUI,Eva’s 2021 Appalachian trail thru hike Chapter 34,2021-09-08 21:00:20+00:00,2426,102,6,Unknown,2025-12-01
Hiking,UCeLEFccX95XG45Xm7o5TBqA,The Trek,F7rAWvobcaM,Mike & Kathy 2019 Appalachian Trail Thru-Hike ON THE AT VLOG #2,2019-03-02 00:48:47+00:00,2382,96,17,Unknown,2025-12-01
Hiking,UCeLEFccX95XG45Xm7o5TBqA,The Trek,kf14Z83y8Ic,Eva’s 2021 Appalachian trail thru hike Chapter 13,2021-06-17 21:00:33+00:00,2359,85,3,Unknown,2025-12-01
Hiking,UCeLEFccX95XG45Xm7o5TBqA,The Trek,EJQjovwQjac,Hike your hike #thruhike #bikepack #adventure,2023-01-06 02:56:41+00:00,2354,58,5,Unknown,2025-12-01
Hiking,UCeLEFccX95XG45Xm7o5TBqA,The Trek,HBfJC6yxhBc,Hiking Nepal's Annapurna Circuit,2019-06-07 21:36:18+00:00,2308,64,13,Unknown,2025-12-01
Hiking,UCeLEFccX95XG45Xm7o5TBqA,The Trek,fzc1PadifRE,Taylor's Appalachian Trail Updates: #4 Finding NOBOs,2021-04-19 13:00:13+00:00,2305,136,19,Unknown,2025-12-01
Hiking,UCeLEFccX95XG45Xm7o5TBqA,The Trek,_2jJHqjhqvc,Eva’s 2021 Appalachian trail thru hike Chapter 70,2022-01-22 23:00:30+00:00,2280,78,8,Unknown,2025-12-01
Hiking,UCeLEFccX95XG45Xm7o5TBqA,The Trek,BMs6hYQB_iQ,Caitie C’s AT vlog #2: This or That ?!,2019-04-28 16:50:48+00:00,2193,81,3,Unknown,2025-12-01
Hiking,UCeLEFccX95XG45Xm7o5TBqA,The Trek,dtzjn62ReFw,Carly's 2019 Appalachian Trail Vlog #4: Pre-Trail Anxiety,2019-03-28 02:09:21+00:00,2161,45,7,Unknown,2025-12-01
Hiking,UCeLEFccX95XG45Xm7o5TBqA,The Trek,okW8YLl9n3w,Sophia’s 2021 Appalachian Trail Gear List,2022-01-31 21:43:33+00:00,2089,75,1,Unknown,2025-12-01
Hiking,UCeLEFccX95XG45Xm7o5TBqA,The Trek,sj4j13rO88U,RIP my feet #hiking #hiker #thruhiking #feet #rip #backpacking #hikerlife,2023-08-23 07:46:36+00:00,2045,28,0,Unknown,2025-12-01
Hiking,UCeLEFccX95XG45Xm7o5TBqA,The Trek,jEXM1hAQPsE,Eva’s 2021 Appalachian trail thru hike Chapter 31,2021-08-26 21:00:30+00:00,2009,80,6,Unknown,2025-12-01
Hiking,UCeLEFccX95XG45Xm7o5TBqA,The Trek,0aparTANZ4s,Katie B's PCT Vlog #2 - Quick Update,2019-01-27 17:40:27+00:00,1999,103,17,Unknown,2025-12-01
Hiking,UCeLEFccX95XG45Xm7o5TBqA,The Trek,p-nktxem6HE,Eva’s 2021 Appalachian trail thru hike Chapter 15,2021-06-24 21:00:14+00:00,1960,99,5,Unknown,2025-12-01
Hiking,UCeLEFccX95XG45Xm7o5TBqA,The Trek,EZ5YF3Rwfys,When are avalanches most common? #avalanches #backcountry,2023-01-14 01:59:59+00:00,1871,37,1,Unknown,2025-12-01
Hiking,UCeLEFccX95XG45Xm7o5TBqA,The Trek,SCJsrsNdh1s,Matthew F’s 2019 AT Vlog: GEAR GEAR GEAR,2019-03-28 21:02:07+00:00,1854,58,3,Unknown,2025-12-01
Hiking,UCeLEFccX95XG45Xm7o5TBqA,The Trek,IvtcYs4N4dA,Si's 2018 Pacific Crest Trail Vlog #4: Gear Update II,2018-01-12 11:09:54+00:00,1826,50,9,Unknown,2025-12-01
Hiking,UCeLEFccX95XG45Xm7o5TBqA,The Trek,yqMFlQpt4RY,Lucky's 2021 Appalachian Trail Thru-hike: Chapter 6 (Rising from the Ashes),2021-05-28 12:00:27+00:00,1802,84,6,Unknown,2025-12-01
Hiking,UCeLEFccX95XG45Xm7o5TBqA,The Trek,5xM7UbkqU0g,Eva’s 2021 Appalachian trail thru hike Chapter 42,2021-10-07 21:00:02+00:00,1787,84,7,Unknown,2025-12-01
Hiking,UCeLEFccX95XG45Xm7o5TBqA,The Trek,UTSfFMHesz4,Why do you need a permit to thru-hike the PCT? #backpacking #adventure #outdoors,2024-12-12 15:45:36+00:00,1756,48,1,Unknown,2025-12-01
Hiking,UCeLEFccX95XG45Xm7o5TBqA,The Trek,UehUATWUMx0,Taylor's 2021 Appalachian Trail Update #9: The Flip and Actual Halfway,2021-05-31 11:00:10+00:00,1746,99,8,Unknown,2025-12-01
Hiking,UCeLEFccX95XG45Xm7o5TBqA,The Trek,G52b9BWIrDA,My Favorite Gear | Appalachian Trail Thru-Hiker Interviews,2019-07-09 15:24:38+00:00,1718,45,0,Unknown,2025-12-01
Hiking,UCeLEFccX95XG45Xm7o5TBqA,The Trek,32q-yp4QHtU,Mike & Kathy 2020 Appalachian Trail NOBO To Mile 368,2020-03-14 20:37:23+00:00,1699,67,20,Unknown,2025-12-01
Hiking,UCeLEFccX95XG45Xm7o5TBqA,The Trek,sNFagJ7Lj-s,Episode 181 The Real Hiking Viking,2023-01-11 19:50:28+00:00,1682,36,0,Unknown,2025-12-01
Hiking,UCeLEFccX95XG45Xm7o5TBqA,The Trek,LZPvwK6RjQY,Lucky's 2021 Appalachian Trail Thru-hike: Chapter 10 (Getting out of Virginia),2021-07-23 12:00:16+00:00,1678,61,2,Unknown,2025-12-01
Hiking,UCeLEFccX95XG45Xm7o5TBqA,The Trek,AkM6QBj_7qA,Angie K’s PCT Pre-Trail Vlog #7 -  Outside for a shakedown hike. :),2019-03-18 01:22:15+00:00,1676,78,11,Unknown,2025-12-01
Hiking,UCeLEFccX95XG45Xm7o5TBqA,The Trek,X-6SGzlfPx8,Mike & Kathy - PCT 2022 - Outdoor Research and ZPacks - PCT Hike is about to start!!,2022-02-26 19:13:36+00:00,1642,86,15,Unknown,2025-12-01
Hiking,UCeLEFccX95XG45Xm7o5TBqA,The Trek,3vGeVq4rsLw,Kelsie’s Appalachian Trail Episode 18,2019-12-11 00:19:01+00:00,1620,20,3,Unknown,2025-12-01
Hiking,UCeLEFccX95XG45Xm7o5TBqA,The Trek,b_4RDxE5AhQ,When a newbie backpacker ask for advice... #shorts #backpacking #thruhiking #hiking #hiker,2023-06-20 17:19:18+00:00,1596,26,2,Unknown,2025-12-01
Hiking,UCeLEFccX95XG45Xm7o5TBqA,The Trek,gqiAiWHfIH0,Scout's 2019 PCT Vlog (#1): An Introduction,2019-03-25 22:48:00+00:00,1591,96,10,Unknown,2025-12-01
Hiking,UCeLEFccX95XG45Xm7o5TBqA,The Trek,8049p3hYDuM,Lucky's 2021 Appalachian Trail Thru-hike: Chapter 4 (SMOKIES PART 2),2021-05-14 12:00:08+00:00,1564,52,3,Unknown,2025-12-01
Hiking,UCeLEFccX95XG45Xm7o5TBqA,The Trek,9C7mp_awvAo,Eva’s 2021 Appalachian trail tru hike Chapter 44,2021-10-15 21:00:03+00:00,1555,60,3,Unknown,2025-12-01
Hiking,UCeLEFccX95XG45Xm7o5TBqA,The Trek,NcUT7GDN3wE,Mike & Kathy - Mile 802-865 - 2021 Appalachian Trail,2021-04-22 16:51:33+00:00,1554,91,14,Unknown,2025-12-01
Hiking,UCeLEFccX95XG45Xm7o5TBqA,The Trek,TUzkqbEY7Bg,"Hiking 4,400 MILES on the Eastern Continental Trail",2024-01-19 17:00:20+00:00,1550,55,5,Unknown,2025-12-01
Hiking,UCeLEFccX95XG45Xm7o5TBqA,The Trek,cUqTp3p1qF0,Si's 2018 Pacific Crest Trail Vlog #5: Clothes Setup,2018-01-15 16:00:05+00:00,1536,35,13,Unknown,2025-12-01
Hiking,UCeLEFccX95XG45Xm7o5TBqA,The Trek,6RsxqbtTUa4,Eva’s 2021 Appalachian trail thru hike Chapter 55,2021-11-20 22:00:04+00:00,1503,70,3,Unknown,2025-12-01
Ice Climbing,UCISLReYKnjocu-zIHNKcSSg,Alpine Savvy,DLsbRwKQP-U,Multi directional gear placement with opposed stoppers,2020-10-31 19:09:09+00:00,181301,5970,115,Unknown,2025-12-01
Ice Climbing,UCQS01VZHR_bjbwJtkquwFWw,Will Gadd,WnK3kW3xS8E,How to Ice Climb #1: Good ice climbing starts with good feet.,2022-11-27 19:38:58+00:00,112171,2232,76,Unknown,2025-11-30
Ice Climbing,UCQS01VZHR_bjbwJtkquwFWw,Will Gadd,ZLyOgCrKzLs,Will Power,2024-12-16 05:19:26+00:00,103331,2255,185,Unknown,2025-11-30
Ice Climbing,UCISLReYKnjocu-zIHNKcSSg,Alpine Savvy,i1Yy5SiOyJw,The frugal climber's stick clip,2024-09-05 19:06:20+00:00,102192,314,14,Unknown,2025-12-01
Ice Climbing,UCISLReYKnjocu-zIHNKcSSg,Alpine Savvy,bfQTndoqpQ0,Petzl Tibloc: Ver 2 and ver 1 compared,2020-08-04 20:19:07+00:00,84998,471,17,Unknown,2025-12-01
Ice Climbing,UCISLReYKnjocu-zIHNKcSSg,Alpine Savvy,YatJjX5K0vw,Petzl Neox - How does it work?,2024-06-29 22:26:55+00:00,84227,1376,20,Unknown,2025-12-01
Ice Climbing,UCQS01VZHR_bjbwJtkquwFWw,Will Gadd,VJmn-4CZ2jM,How to Ice Climb Series #3: Solid Steep Ice Technique,2022-11-28 19:59:17+00:00,59242,1250,43,Unknown,2025-11-30
Ice Climbing,UCQS01VZHR_bjbwJtkquwFWw,Will Gadd,Nwl4XAdIKGM,How to Ice Climb Video 2: How and where to swing 'em!,2022-11-27 20:03:57+00:00,58297,1138,43,Unknown,2025-11-30
Ice Climbing,UCQS01VZHR_bjbwJtkquwFWw,Will Gadd,IrfzqTt3DUk,Ice Screw or Hose?,2023-01-31 20:31:49+00:00,49378,2476,56,Unknown,2025-11-30
Ice Climbing,UCQS01VZHR_bjbwJtkquwFWw,Will Gadd,Y0yoJn3v2yo,How to Ice Climb Series # 4: Drytooling 101,2022-11-27 23:39:56+00:00,43235,725,37,Unknown,2025-11-30
Ice Climbing,UCQS01VZHR_bjbwJtkquwFWw,Will Gadd,-ZWOadFEZsw,How to Ice Climb Series #6: Ice Screws!,2022-11-28 20:31:04+00:00,34821,688,38,Unknown,2025-11-30
Ice Climbing,UCQS01VZHR_bjbwJtkquwFWw,Will Gadd,WeLIjqfHHt0,How to Ice Climb Series #8: V Threads,2022-11-28 20:47:55+00:00,34287,710,50,Unknown,2025-11-30
Ice Climbing,UCQS01VZHR_bjbwJtkquwFWw,Will Gadd,AAth2zIXXGY,How to Ice Climb Series #9: Sharpening your picks,2022-11-28 20:44:50+00:00,27830,601,41,Unknown,2025-11-30
Ice Climbing,UCQS01VZHR_bjbwJtkquwFWw,Will Gadd,NJmBQSp7aOI,How to Ice Climb Series #7: Pulling ice bulges!,2022-11-28 20:32:32+00:00,27047,601,22,Unknown,2025-11-30
Ice Climbing,UCQS01VZHR_bjbwJtkquwFWw,Will Gadd,AUincg2ovno,South African Ice Climbing!,2023-12-07 14:29:30+00:00,25342,589,61,Unknown,2025-11-30
Ice Climbing,UCQS01VZHR_bjbwJtkquwFWw,Will Gadd,jAyrTp49GRY,Throwing Ice Axes!,2024-05-08 19:53:45+00:00,25230,388,2,Unknown,2025-11-30
Ice Climbing,UCQS01VZHR_bjbwJtkquwFWw,Will Gadd,K2vzBPFadgg,How to Ice Climb Series #5: Advanced Drytooling,2022-11-28 19:58:59+00:00,25174,440,26,Unknown,2025-11-30
Ice Climbing,UCQS01VZHR_bjbwJtkquwFWw,Will Gadd,E_XGZcZE3zI,Climbing Hunlen Falls BC. First Ascent Footage,2015-04-21 09:48:15+00:00,23726,264,13,Unknown,2025-11-30
Ice Climbing,UCQS01VZHR_bjbwJtkquwFWw,Will Gadd,-ax6zqFee1M,Inside A Frozen Waterfall!,2022-11-27 19:57:12+00:00,19394,1228,33,Unknown,2025-11-30
Ice Climbing,UCQS01VZHR_bjbwJtkquwFWw,Will Gadd,HP3_oWdVOoM,Training for Ice 1: Tabata Intervals,2023-09-22 19:53:36+00:00,17540,406,36,Unknown,2025-11-30
Ice Climbing,UCISLReYKnjocu-zIHNKcSSg,Alpine Savvy,vkucI-tD8W0,One handed clove and munter hitch,2021-07-27 22:44:31+00:00,16101,206,8,Unknown,2025-12-01
Ice Climbing,UCISLReYKnjocu-zIHNKcSSg,Alpine Savvy,hLBTFewbmSY,Kong Slyde personal tether demo,2022-10-25 21:11:41+00:00,14177,78,12,Unknown,2025-12-01
Ice Climbing,UCQS01VZHR_bjbwJtkquwFWw,Will Gadd,l7j3E0Kauxg,"Ice Climbing The Eagle, WI 5 or so, Ghost River Wilderness",2022-12-20 01:50:54+00:00,13219,249,32,Unknown,2025-11-30
Ice Climbing,UCISLReYKnjocu-zIHNKcSSg,Alpine Savvy,EeelrNnidTU,the real one handed clove hitch,2022-07-03 21:18:21+00:00,13159,147,10,Unknown,2025-12-01
Ice Climbing,UCQS01VZHR_bjbwJtkquwFWw,Will Gadd,3pfionAxlE4,Climbing Better 2,2020-09-07 15:19:04+00:00,11988,199,14,Unknown,2025-11-30
Ice Climbing,UCQS01VZHR_bjbwJtkquwFWw,Will Gadd,2CpF_aB9MKM,Rockies Traverse 24min Festival Vimeo1080 Final,2020-08-19 02:14:55+00:00,11554,299,20,Unknown,2025-11-30
Ice Climbing,UCISLReYKnjocu-zIHNKcSSg,Alpine Savvy,tyZuRkwkzqk,The Stone hitch (aka Stone knot or Stein knot),2021-06-26 18:54:30+00:00,11086,117,11,Unknown,2025-12-01
Ice Climbing,UCQS01VZHR_bjbwJtkquwFWw,Will Gadd,tYHj2yELlKo,Grand Canyon Paragliding,2016-06-03 01:04:32+00:00,10822,130,18,Unknown,2025-11-30
Ice Climbing,UCQS01VZHR_bjbwJtkquwFWw,Will Gadd,abwTzCK3-0U,FAFO! Ice Roof Climbing.,2024-03-03 20:57:05+00:00,10321,366,42,Unknown,2025-11-30
Ice Climbing,UCQS01VZHR_bjbwJtkquwFWw,Will Gadd,UOm8ajAmvQ4,"VIDEO PROFILE: BD athlete Will Gadd climbing Roman Candle M8 in Hyalite Canyon, Montana   YouTube",2020-08-19 00:49:24+00:00,10183,133,7,Unknown,2025-11-30
Ice Climbing,UCQS01VZHR_bjbwJtkquwFWw,Will Gadd,S4OIQblBXHQ,Impossible Dreams: Remote paragliding and climbing in Canada!,2025-02-25 23:16:56+00:00,9747,549,58,Unknown,2025-11-30
Ice Climbing,UCISLReYKnjocu-zIHNKcSSg,Alpine Savvy,WV5e9TZ59AM,open a triple action carabiner with 1 hand,2021-06-27 00:48:56+00:00,9060,59,0,Unknown,2025-12-01
Ice Climbing,UCQS01VZHR_bjbwJtkquwFWw,Will Gadd,SEEiZuDAOtc,Helmcken Falls Ice Climbing--On Natural Gear,2023-11-03 18:22:12+00:00,8964,251,13,Unknown,2025-11-30
Ice Climbing,UCISLReYKnjocu-zIHNKcSSg,Alpine Savvy,cYiRLJmtPJs,Tips for using pyramid tarp tents in snow,2021-06-26 19:33:29+00:00,8722,99,13,Unknown,2025-12-01
Ice Climbing,UCQS01VZHR_bjbwJtkquwFWw,Will Gadd,kQUza80KjL8,Will V Hill!,2022-04-27 16:03:49+00:00,8564,249,13,Unknown,2025-11-30
Ice Climbing,UCISLReYKnjocu-zIHNKcSSg,Alpine Savvy,bP491bxdhS8,"Climbing- rubber band on open sling, DANGEROUS!",2022-08-02 23:15:49+00:00,8377,39,8,Unknown,2025-12-01
Ice Climbing,UCQS01VZHR_bjbwJtkquwFWw,Will Gadd,DL5GhAwk7ts,Physio 3 minutes,2022-01-21 21:58:49+00:00,8311,203,19,Unknown,2025-11-30
Ice Climbing,UCQS01VZHR_bjbwJtkquwFWw,Will Gadd,Xw7IfdO5jLA,Ice Climbing in the Ghost!,2024-01-09 17:34:05+00:00,7027,206,29,Unknown,2025-11-30
Ice Climbing,UCQS01VZHR_bjbwJtkquwFWw,Will Gadd,HcG8X9b40OE,Dealing with Ice Sharks,2023-01-15 01:28:28+00:00,6933,99,12,Unknown,2025-11-30
Ice Climbing,UCQS01VZHR_bjbwJtkquwFWw,Will Gadd,ljdJtmzzf8Q,Ice Climbing Kilimanjaro,2016-08-05 18:36:35+00:00,6549,107,5,Unknown,2025-11-30
Ice Climbing,UCQS01VZHR_bjbwJtkquwFWw,Will Gadd,6CT_nujMgXo,Plice Training Video Final,2023-10-27 16:45:00+00:00,5972,158,15,Unknown,2025-11-30
Ice Climbing,UCISLReYKnjocu-zIHNKcSSg,Alpine Savvy,dI3hTG8Aqnc,"""2 rings 1 sling"" anchor",2021-10-21 20:20:47+00:00,5643,112,6,Unknown,2025-12-01
Ice Climbing,UCISLReYKnjocu-zIHNKcSSg,Alpine Savvy,OiRT9YgXbw4,Girth hitch master point - cut one strand?!,2022-12-20 00:41:55+00:00,5167,40,3,Unknown,2025-12-01
Ice Climbing,UCISLReYKnjocu-zIHNKcSSg,Alpine Savvy,1XVi5bh9OT0,Untying a weighted Edelrid Aramid sling,2021-11-14 21:10:17+00:00,5076,41,5,Unknown,2025-12-01
Ice Climbing,UCISLReYKnjocu-zIHNKcSSg,Alpine Savvy,NcNQXb7M-Wc,Climbing gear strength testing from the Alpine Club of Italy (CAI) with English subtitles,2021-01-25 03:37:04+00:00,4994,115,5,Unknown,2025-12-01
Ice Climbing,UCQS01VZHR_bjbwJtkquwFWw,Will Gadd,WvHRlSU5Nu4,Gecko Mode! Tabata training for ice climbing,2023-09-20 06:00:21+00:00,4882,175,13,Unknown,2025-11-30
Ice Climbing,UCQS01VZHR_bjbwJtkquwFWw,Will Gadd,YYpwl00AF1I,ARC'TERYX Will Gadd  The Endless Ascent,2020-08-19 00:28:08+00:00,4704,105,4,Unknown,2025-11-30
Ice Climbing,UCISLReYKnjocu-zIHNKcSSg,Alpine Savvy,6nYRcfTGM-o,Single point anchors and the cordelette shelf,2021-08-04 00:24:20+00:00,4647,119,5,Unknown,2025-12-01
Ice Climbing,UCISLReYKnjocu-zIHNKcSSg,Alpine Savvy,NE0b_EyvbOA,Double loop bowline for a rappel extension,2020-10-02 00:01:41+00:00,4443,60,9,Unknown,2025-12-01
Ice Climbing,UCISLReYKnjocu-zIHNKcSSg,Alpine Savvy,K8Wauxt31D0,DIY Climbing Anchor Board,2023-03-02 21:40:25+00:00,4287,61,2,Unknown,2025-12-01
Ice Climbing,UCISLReYKnjocu-zIHNKcSSg,Alpine Savvy,27WTr6pJvPk,"Racking cordage: ""Do the Twist""",2022-12-01 22:30:29+00:00,4050,45,1,Unknown,2025-12-01
Ice Climbing,UCQS01VZHR_bjbwJtkquwFWw,Will Gadd,S8KfwjoZNkc,You are an Athlete!,2023-10-27 04:22:27+00:00,4011,278,19,Unknown,2025-11-30
Ice Climbing,UCISLReYKnjocu-zIHNKcSSg,Alpine Savvy,d30ymyheKT8,2mm cord cuts through 9mm climbing rope,2020-10-31 20:20:55+00:00,3921,39,8,Unknown,2025-12-01
Ice Climbing,UCQS01VZHR_bjbwJtkquwFWw,Will Gadd,PvJv_4y9_xY,Mythologic 720,2022-01-13 21:02:09+00:00,3914,120,13,Unknown,2025-11-30
Ice Climbing,UCISLReYKnjocu-zIHNKcSSg,Alpine Savvy,O_6SYsB9bko,Grigri FAIL / inversion when loaded from below,2023-12-18 19:08:08+00:00,3914,83,13,Unknown,2025-12-01
Ice Climbing,UCISLReYKnjocu-zIHNKcSSg,Alpine Savvy,nZOSySR358U,Clip a quickdraw - stick and double loop slipknot,2022-08-24 22:57:33+00:00,3574,62,5,Unknown,2025-12-01
Ice Climbing,UCISLReYKnjocu-zIHNKcSSg,Alpine Savvy,-8lGaGQK9jE,"The ""T step"" - aid climbing technique",2019-02-28 23:50:27+00:00,3394,40,2,Unknown,2025-12-01
Ice Climbing,UCQS01VZHR_bjbwJtkquwFWw,Will Gadd,AE9jax3l12w,"It's not a playground, it's a gym!",2023-11-13 21:09:44+00:00,3325,136,11,Unknown,2025-11-30
Ice Climbing,UCISLReYKnjocu-zIHNKcSSg,Alpine Savvy,uURF0pzlJr8,How to tie the Snap Bowline,2022-09-29 20:48:57+00:00,3234,28,1,Unknown,2025-12-01
Ice Climbing,UCISLReYKnjocu-zIHNKcSSg,Alpine Savvy,4T5QswBcZeo,"The ""Cowboy"" Figure 8 on a bight",2022-10-04 19:24:37+00:00,3106,28,1,Unknown,2025-12-01
Ice Climbing,UCISLReYKnjocu-zIHNKcSSg,Alpine Savvy,Brn7IJrHM28,Using a quick link as a wrench,2021-06-27 01:02:13+00:00,2853,57,0,Unknown,2025-12-01
Ice Climbing,UCISLReYKnjocu-zIHNKcSSg,Alpine Savvy,N5sBM_MUOrQ,Tip: Never drop your belay device,2021-08-16 23:24:38+00:00,2782,52,3,Unknown,2025-12-01
Ice Climbing,UCISLReYKnjocu-zIHNKcSSg,Alpine Savvy,ZAs1Ytla968,Bowline on a bight,2022-10-22 23:32:31+00:00,2768,37,3,Unknown,2025-12-01
Ice Climbing,UCISLReYKnjocu-zIHNKcSSg,Alpine Savvy,L7vnzFyu1fk,Protect your fixed rope with a sling,2024-12-21 01:55:29+00:00,2656,111,16,Unknown,2025-12-01
Ice Climbing,UCQS01VZHR_bjbwJtkquwFWw,Will Gadd,Ovnz2VP4jX0,Ice Dreams: Quebec!,2024-02-05 18:04:38+00:00,2594,109,8,Unknown,2025-11-30
Ice Climbing,UCISLReYKnjocu-zIHNKcSSg,Alpine Savvy,YX3DfSZHhAE,Sewn pocket daisy chain failure,2020-10-31 19:49:19+00:00,2195,20,0,Unknown,2025-12-01
Ice Climbing,UCISLReYKnjocu-zIHNKcSSg,Alpine Savvy,fNaHP_qOx6M,Daisychaining a rope,2022-12-12 20:04:54+00:00,2181,36,1,Unknown,2025-12-01
Ice Climbing,UCISLReYKnjocu-zIHNKcSSg,Alpine Savvy,AfORNA-Z8E4,Munter hitch to clove hitch transition,2022-02-13 21:18:39+00:00,2178,60,1,Unknown,2025-12-01
Ice Climbing,UCISLReYKnjocu-zIHNKcSSg,Alpine Savvy,vILWIP3AmEI,Big wall rigging: the “far end haul”,2022-09-14 22:17:54+00:00,2144,28,2,Unknown,2025-12-01
Ice Climbing,UCISLReYKnjocu-zIHNKcSSg,Alpine Savvy,hur_IKAaiAE,Beal rope marker demo,2022-08-23 23:29:48+00:00,2043,11,3,Unknown,2025-12-01
Ice Climbing,UCQS01VZHR_bjbwJtkquwFWw,Will Gadd,u7ZBysc4kFk,Arc'teryx   MOVE,2016-06-03 00:59:37+00:00,2037,90,7,Unknown,2025-11-30
Ice Climbing,UCISLReYKnjocu-zIHNKcSSg,Alpine Savvy,hrzG8u2qVcI,Avoid edge loading a carabiner,2024-12-13 00:47:33+00:00,1846,66,3,Unknown,2025-12-01
Ice Climbing,UCISLReYKnjocu-zIHNKcSSg,Alpine Savvy,shoXZ3hsvG8,Safety near a cliff edge - friction hitch with hard backup,2024-12-12 00:23:18+00:00,1808,69,7,Unknown,2025-12-01
Ice Climbing,UCISLReYKnjocu-zIHNKcSSg,Alpine Savvy,d7dEVBmdfU8,Russian aider demo - Aideer Climbing,2022-01-17 20:33:02+00:00,1733,20,1,Unknown,2025-12-01
Ice Climbing,UCQS01VZHR_bjbwJtkquwFWw,Will Gadd,JpDL47HyoWM,Iceberg Aweberg Final Lan,2020-08-20 22:14:33+00:00,1662,45,1,Unknown,2025-11-30
Ice Climbing,UCISLReYKnjocu-zIHNKcSSg,Alpine Savvy,HD8PpEmoKso,How to rack your aiders,2019-02-27 20:23:18+00:00,1414,21,0,Unknown,2025-12-01
Ice Climbing,UCISLReYKnjocu-zIHNKcSSg,Alpine Savvy,NdPjSPyvSBI,Use a cam strap to close your haul bag,2022-07-03 21:06:13+00:00,936,18,0,Unknown,2025-12-01
Ice Climbing,UCISLReYKnjocu-zIHNKcSSg,Alpine Savvy,yNqMDO2-3tE,Protect a fixed rope with a rebelay,2024-12-11 03:16:10+00:00,707,29,3,Unknown,2025-12-01
Ice Climbing,UCISLReYKnjocu-zIHNKcSSg,Alpine Savvy,3gykUI-5Ahs,Freebird Mountain Equipment portaledge,2025-01-15 01:49:21+00:00,627,24,4,Unknown,2025-12-01
Ice Climbing,UCISLReYKnjocu-zIHNKcSSg,Alpine Savvy,g-YR_3stRqA,"Weekly CalTopo satellite imagery - Mt Adams, WA",2021-08-04 21:49:06+00:00,560,6,0,Unknown,2025-12-01
Ice Climbing,UCISLReYKnjocu-zIHNKcSSg,Alpine Savvy,-mhj3MwSw9o,Caltopo - print GPX climbing routes from AlpineSavvy.com,2018-09-21 17:52:40+00:00,510,6,1,Unknown,2025-12-01
Ice Climbing,UCISLReYKnjocu-zIHNKcSSg,Alpine Savvy,dDvoF0clQOM,CalTopo - shaded relief example,2025-04-11 00:40:56+00:00,444,6,0,Unknown,2025-12-01
Ice Climbing,UCISLReYKnjocu-zIHNKcSSg,Alpine Savvy,u50Uwd70lWg,"Ski circumnavigation of Mt. Hood, Google Earth tour",2021-06-27 00:35:05+00:00,391,2,0,Unknown,2025-12-01
Ice Climbing,UCQS01VZHR_bjbwJtkquwFWw,Will Gadd,TfxE2PE8GPU,Within Reach,2020-08-22 21:40:50+00:00,264,10,0,Unknown,2025-11-30
Kayaking,UCYodbaugFoQAvGL2StgQ3tQ,Headwaters Kayak,0O2BX3RLFvo,5 Mistakes Every New Kayaker Makes... And How To Avoid Them,2022-07-21 23:49:07+00:00,2067443,31851,1189,Unknown,2025-11-30
Kayaking,UCYodbaugFoQAvGL2StgQ3tQ,Headwaters Kayak,cZ8aP4zljPM,5 Kayaks Under $300 Reviewed: Are They Worth It?,2019-06-18 18:48:46+00:00,1764612,34492,3009,Unknown,2025-11-30
Kayaking,UCAZ9mAx3rrqOi4fd0uRkEGA,PaddleTV,Calmsh4zI5U,Top 5 Kayaking Tips and Skills for Beginners,2016-05-13 18:00:01+00:00,1677108,13811,362,Unknown,2025-12-01
Kayaking,UCYodbaugFoQAvGL2StgQ3tQ,Headwaters Kayak,fgMCqOA-a0A,Jonny Boats Bass 100: First Look,2019-06-19 17:07:57+00:00,1220289,8680,591,Unknown,2025-11-30
Kayaking,UCYodbaugFoQAvGL2StgQ3tQ,Headwaters Kayak,owC0fJciPWk,$399 VS $649 What's The Difference? Budget Kayak Comparison,2020-12-12 19:52:53+00:00,982099,9649,686,Unknown,2025-11-30
Kayaking,UCYodbaugFoQAvGL2StgQ3tQ,Headwaters Kayak,xsEYkRvwDCo,Pedal Drive Shootout: Native Titan VS Hobie PA VS Jackson Coosa FD,2018-07-27 20:36:34+00:00,842172,4710,418,Unknown,2025-11-30
Kayaking,UCYodbaugFoQAvGL2StgQ3tQ,Headwaters Kayak,4fs5rxp5rs0,Jonny Boats Bass 100: On Water Test + Capsize!,2019-06-20 19:14:30+00:00,670999,5738,440,Unknown,2025-11-30
Kayaking,UCYodbaugFoQAvGL2StgQ3tQ,Headwaters Kayak,BFf7WUU6EjE,10 Cheap Hacks For Kayakers,2020-07-09 01:10:57+00:00,659855,12937,484,Unknown,2025-11-30
Kayaking,UCYodbaugFoQAvGL2StgQ3tQ,Headwaters Kayak,wc2f7xglcEI,Top 10 Fishing Kayaks Under $1000 | 2019 Edition,2019-06-26 19:20:00+00:00,657616,5951,414,Unknown,2025-11-30
Kayaking,UCYodbaugFoQAvGL2StgQ3tQ,Headwaters Kayak,qaqgQAoEEsk,5 Fishing Kayaks Under $500 : Part 1 of 2,2018-06-08 22:41:27+00:00,642227,5910,363,Unknown,2025-11-30
Kayaking,UCYodbaugFoQAvGL2StgQ3tQ,Headwaters Kayak,JByLVXK8bok,Top 10 Fishing Kayaks Under $1000 | 2018 Edition,2018-05-16 21:22:16+00:00,603676,4469,435,Unknown,2025-11-30
Kayaking,UCYodbaugFoQAvGL2StgQ3tQ,Headwaters Kayak,DDzqRHapc5Q,First Look at the 2020 Moken 10 V-2 $599: Compared to the Lure 10 V-2 at $899,2020-01-29 21:19:47+00:00,488378,4193,422,Unknown,2025-11-30
Kayaking,UCYodbaugFoQAvGL2StgQ3tQ,Headwaters Kayak,7_VEmge04yg,Top 10 Fishing Kayaks Under $1000,2017-02-10 04:05:37+00:00,433612,2757,215,Unknown,2025-11-30
Kayaking,UCYodbaugFoQAvGL2StgQ3tQ,Headwaters Kayak,k04JxVCFtkI,Sit Inside vs Sit On Top Kayaks - Which Is Better For You? | Kayaking 101,2022-04-26 20:30:04+00:00,389174,6957,413,Unknown,2025-11-30
Kayaking,UCYodbaugFoQAvGL2StgQ3tQ,Headwaters Kayak,fYpbl6lkstU,Feelfree Lure Overdrive VS Native Watercraft Titan 10.5 Propel,2018-01-11 21:13:42+00:00,339880,1792,162,Unknown,2025-11-30
Kayaking,UCAZ9mAx3rrqOi4fd0uRkEGA,PaddleTV,FTuPsxePcwE,How to Get Into and Out of a Kayak Smoothly and Safely,2016-05-27 18:00:00+00:00,335603,2200,36,Unknown,2025-12-01
Kayaking,UCYodbaugFoQAvGL2StgQ3tQ,Headwaters Kayak,YaiDabJIx3Y,Top 5 Recreational Sit In's Under $1000 Reviewed,2020-02-06 20:49:48+00:00,325811,3671,485,Unknown,2025-11-30
Kayaking,UCYodbaugFoQAvGL2StgQ3tQ,Headwaters Kayak,wts0ISZNEnM,Big Fish 105: On Water Review + Capsize!,2018-06-13 20:37:26+00:00,299692,3247,338,Unknown,2025-11-30
Kayaking,UCAZ9mAx3rrqOi4fd0uRkEGA,PaddleTV,dVUNzKkBE5o,How to Canoe | 3 Key Strokes All Paddlers Should Know,2017-11-16 19:00:02+00:00,297865,3276,75,Unknown,2025-12-01
Kayaking,UCAZ9mAx3rrqOi4fd0uRkEGA,PaddleTV,v0-efrwppWQ,Proper Technique for Paddling a Kayak,2016-06-03 18:00:02+00:00,296967,2306,63,Unknown,2025-12-01
Kayaking,UCYodbaugFoQAvGL2StgQ3tQ,Headwaters Kayak,si2XcasAZ2A,How to Carry Kayaks on a Factory Rack,2017-12-01 22:19:17+00:00,294387,3151,187,Unknown,2025-11-30
Kayaking,UCYodbaugFoQAvGL2StgQ3tQ,Headwaters Kayak,zsWkofMeUzc,6 Kayaks Under $500: On Water Review,2021-06-01 20:00:47+00:00,291530,4147,431,Unknown,2025-11-30
Kayaking,UCYodbaugFoQAvGL2StgQ3tQ,Headwaters Kayak,0ugRmroqwBA,Lifetime Tamarack Pro: On Water Review,2020-07-22 22:00:01+00:00,274626,5329,584,Unknown,2025-11-30
Kayaking,UCAZ9mAx3rrqOi4fd0uRkEGA,PaddleTV,UEtEZ7TmNO0,The Ultimate Inflatable Kayak?  |  Decathlon Itiwit X500 Review,2023-06-03 14:30:08+00:00,260346,4165,468,Unknown,2025-12-01
Kayaking,UCAZ9mAx3rrqOi4fd0uRkEGA,PaddleTV,KlxYrbCqIB8,Oru Kayak Inlet vs Tucktec | Battle of the Folding Kayaks!,2022-06-15 15:00:24+00:00,247758,4426,403,Unknown,2025-12-01
Kayaking,UCYodbaugFoQAvGL2StgQ3tQ,Headwaters Kayak,w0qX0VZVIzM,Jonny Bass 100 + Suzuki 2.5HP Outboard,2019-11-20 01:23:46+00:00,240109,1290,93,Unknown,2025-11-30
Kayaking,UCYodbaugFoQAvGL2StgQ3tQ,Headwaters Kayak,GjwZlEQ03Vw,Pedal Drive Shootout: Hobie Outback VS Jackson Cruise FD VS Native Manta Ray,2019-05-30 21:44:27+00:00,238800,1846,161,Unknown,2025-11-30
Kayaking,UCAZ9mAx3rrqOi4fd0uRkEGA,PaddleTV,tCD4mEiTD5E,Kayaking on Rivers |  Paddling for Beginners,2021-08-28 14:00:32+00:00,235669,6852,376,Unknown,2025-12-01
Kayaking,UCAZ9mAx3rrqOi4fd0uRkEGA,PaddleTV,Qom-KBhl21w,Paddle a Tandem Kayak | Paddling Tips and Skills for Beginners,2016-07-29 18:00:00+00:00,231479,2253,25,Unknown,2025-12-01
Kayaking,UCAZ9mAx3rrqOi4fd0uRkEGA,PaddleTV,aVu03Xw2fak,How to Choose the Right Kayak |  Everything you need to know,2024-05-25 14:00:01+00:00,227502,4461,205,Unknown,2025-12-01
Kayaking,UCAZ9mAx3rrqOi4fd0uRkEGA,PaddleTV,fP6cpr6Rw5Q,Everything You Need to Know About Inflatable Kayaks | Watch This Before Buying One!,2021-07-03 14:00:26+00:00,223278,3546,198,Unknown,2025-12-01
Kayaking,UCYodbaugFoQAvGL2StgQ3tQ,Headwaters Kayak,Xp9L7W8THyc,3 Kayak Rescues Every Paddler Should Know,2022-08-02 22:19:31+00:00,222079,7219,365,Unknown,2025-11-30
Kayaking,UCAZ9mAx3rrqOi4fd0uRkEGA,PaddleTV,iGyY9eY0a70,Cheapest Kayak in the World!  | Intex Challenger K1 Review,2022-02-12 15:00:21+00:00,207074,3803,556,Unknown,2025-12-01
Kayaking,UCYodbaugFoQAvGL2StgQ3tQ,Headwaters Kayak,9ef48xCPivE,Testing 2019 Pedal Drive Kayaks,2019-01-16 01:32:59+00:00,202451,1442,140,Unknown,2025-11-30
Kayaking,UCYodbaugFoQAvGL2StgQ3tQ,Headwaters Kayak,1t-w5agfYtc,Crescent Lite Tackle~ VS ~Feelfree Moken 12.5,2020-05-19 23:04:14+00:00,200100,2065,243,Unknown,2025-11-30
Kayaking,UCAZ9mAx3rrqOi4fd0uRkEGA,PaddleTV,pQuQQFw8QCY,How to Avoid Flipping Your Kayak | How to Kayak,2022-05-19 15:49:28+00:00,195967,5375,179,Unknown,2025-12-01
Kayaking,UCYodbaugFoQAvGL2StgQ3tQ,Headwaters Kayak,tOs3-eaSYIw,Lifetime Fishing Kayaks Compared,2021-05-11 23:01:53+00:00,190601,2450,239,Unknown,2025-11-30
Kayaking,UCAZ9mAx3rrqOi4fd0uRkEGA,PaddleTV,KV2OWycvsew,How to Paddle a Kayak Properly,2022-05-24 14:45:01+00:00,189681,4608,154,Unknown,2025-12-01
Kayaking,UCAZ9mAx3rrqOi4fd0uRkEGA,PaddleTV,LVVu8Mu2JwM,How to Transport a Kayak | Kayaking for Beginners,2021-07-29 18:29:33+00:00,174279,2591,200,Unknown,2025-12-01
Kayaking,UCAZ9mAx3rrqOi4fd0uRkEGA,PaddleTV,nPny27VUMYQ,Kayaking Mistakes That Can Kill You!,2024-06-29 14:00:41+00:00,170430,4616,343,Unknown,2025-12-01
Kayaking,UCAZ9mAx3rrqOi4fd0uRkEGA,PaddleTV,glChA_ActCY,Top 5 Kayaking Mistakes | Don't Learn these Lessons the Hard Way!,2022-08-02 14:00:19+00:00,165183,4916,166,Unknown,2025-12-01
Kayaking,UCAZ9mAx3rrqOi4fd0uRkEGA,PaddleTV,a_ApbaNjDQY,Best Fishing Kayak Under $800 | Pelican Catch Mode 110 Review,2022-06-05 14:00:00+00:00,162589,1536,130,Unknown,2025-12-01
Kayaking,UCAZ9mAx3rrqOi4fd0uRkEGA,PaddleTV,a6Qy5sVRCtk,Golden Rules of Canoeing | How to Stay Safe on the Water,2017-10-06 18:00:00+00:00,158013,1667,67,Unknown,2025-12-01
Kayaking,UCYodbaugFoQAvGL2StgQ3tQ,Headwaters Kayak,zY4h4osytlw,Native Titan 10.5 VS Bluesky Angler 360,2019-05-16 21:52:59+00:00,149886,1137,88,Unknown,2025-11-30
Kayaking,UCAZ9mAx3rrqOi4fd0uRkEGA,PaddleTV,O6l31ejtZ6g,What's Better – A Canoe or a Kayak?,2020-09-23 17:00:05+00:00,148925,3787,334,Unknown,2025-12-01
Kayaking,UCYodbaugFoQAvGL2StgQ3tQ,Headwaters Kayak,hCNtwNuVBJs,Top 4 Kayak Fishing PFD's,2018-02-16 19:17:36+00:00,144482,1411,411,Unknown,2025-11-30
Kayaking,UCYodbaugFoQAvGL2StgQ3tQ,Headwaters Kayak,_uLkVuWcJj4,Feelfree Lure's: Which One Is Best For YOU?,2018-02-07 21:26:54+00:00,141232,1239,144,Unknown,2025-11-30
Kayaking,UCYodbaugFoQAvGL2StgQ3tQ,Headwaters Kayak,kITRYnArKYc,Was Not Expecting This! (Abandon Kayaks/ Cosumnes River Misadventure),2019-05-18 19:11:24+00:00,141128,2648,188,Unknown,2025-11-30
Kayaking,UCYodbaugFoQAvGL2StgQ3tQ,Headwaters Kayak,k-VhUt-zPog,6 Kayaks Under $500: Are They Worth It? Part 1,2021-05-19 23:44:58+00:00,138371,2100,268,Unknown,2025-11-30
Kayaking,UCYodbaugFoQAvGL2StgQ3tQ,Headwaters Kayak,2TrkzZcxRiI,Budget Pedal Drive Shootout: Hobie Passport VS Riot Mako,2019-07-24 21:28:21+00:00,138211,2712,239,Unknown,2025-11-30
Kayaking,UCAZ9mAx3rrqOi4fd0uRkEGA,PaddleTV,lheh7gnlG3I,Top 5 Pieces of Paddling Gear | The Essential Kayak and Canoe Gear,2020-09-16 17:00:14+00:00,133988,4010,114,Unknown,2025-12-01
Kayaking,UCYodbaugFoQAvGL2StgQ3tQ,Headwaters Kayak,ZggIytbNK5Q,How To SAFELY Transport A Kayak In Your Truck Bed | Kayaking 101,2022-04-07 21:00:14+00:00,132925,1565,132,Unknown,2025-11-30
Kayaking,UCAZ9mAx3rrqOi4fd0uRkEGA,PaddleTV,sWxjvnBVLmM,Top 5 Inflatable and Folding Kayaks | PaddleTV Award Winners,2021-10-02 14:00:31+00:00,132814,2516,196,Unknown,2025-12-01
Kayaking,UCYodbaugFoQAvGL2StgQ3tQ,Headwaters Kayak,wshs3uqlDf0,"Comparison Review: Native Titan 10.5, 12, and 13.5 with Greg Blanchard",2018-04-01 04:14:06+00:00,130028,1337,114,Unknown,2025-11-30
Kayaking,UCYodbaugFoQAvGL2StgQ3tQ,Headwaters Kayak,kt4yHzBtZqw,Feelfree Moken 12.5 Version 2.0: Walkthrough and On Water Review,2019-08-14 23:19:31+00:00,129858,1816,218,Unknown,2025-11-30
Kayaking,UCAZ9mAx3rrqOi4fd0uRkEGA,PaddleTV,FsadWISvZUU,Canoe Tripping Gear I Never Leave at Home,2021-04-28 17:00:15+00:00,128821,2638,158,Unknown,2025-12-01
Kayaking,UCYodbaugFoQAvGL2StgQ3tQ,Headwaters Kayak,sSrtRS9gddU,Seastream Angler 120 PD: On Water Review,2020-09-18 19:43:40+00:00,128762,1844,207,Unknown,2025-11-30
Kayaking,UCAZ9mAx3rrqOi4fd0uRkEGA,PaddleTV,g3SR1WoDAt0,How to Deal with a Flipped Canoe | Canoe Rescue Techniques,2017-10-24 18:00:02+00:00,127164,997,54,Unknown,2025-12-01
Kayaking,UCAZ9mAx3rrqOi4fd0uRkEGA,PaddleTV,dLt7Mqb0ZIs,Sea Kayaks vs Recreational Kayaks | Pros and Cons,2020-09-30 17:00:27+00:00,124411,3393,159,Unknown,2025-12-01
Kayaking,UCAZ9mAx3rrqOi4fd0uRkEGA,PaddleTV,NFQ23SKurVc,Kayak Touring | 3 Golden Rules of Kayak Touring,2017-06-16 18:00:02+00:00,123412,1517,33,Unknown,2025-12-01
Kayaking,UCAZ9mAx3rrqOi4fd0uRkEGA,PaddleTV,Ied6F1lMFz0,Kayak Touring | How to Self Rescue If You Capsize,2017-07-28 18:00:02+00:00,120255,1305,39,Unknown,2025-12-01
Kayaking,UCYodbaugFoQAvGL2StgQ3tQ,Headwaters Kayak,tC4dzKD4dps,Crossover Kayak- Rec Kayak- Touring Kayak- What's It All Mean?,2020-03-12 20:57:46+00:00,120202,2155,157,Unknown,2025-11-30
Kayaking,UCYodbaugFoQAvGL2StgQ3tQ,Headwaters Kayak,eBYO4OPFvmQ,Hobie Pro Angler 12 360 /VS\ Hobie Pro Angler 12 Kickup Fin,2019-10-24 00:07:09+00:00,116663,1157,131,Unknown,2025-11-30
Kayaking,UCAZ9mAx3rrqOi4fd0uRkEGA,PaddleTV,nXt8Su4s26E,Best All Around Stand Up Paddleboard?? |  Body Glove Performer SUP Review,2022-06-03 14:30:19+00:00,113580,526,117,Unknown,2025-12-01
Kayaking,UCYodbaugFoQAvGL2StgQ3tQ,Headwaters Kayak,pqNSa25WxZ4,3 Waters Kayaks Big Fish 108 On Water Review,2019-11-14 20:44:05+00:00,111448,1247,213,Unknown,2025-11-30
Kayaking,UCAZ9mAx3rrqOi4fd0uRkEGA,PaddleTV,czmZkXbguAs,Best Kayak from Walmart? Decathlon Itiwit Inflatable Kayak Review,2022-08-13 14:00:15+00:00,110999,1572,177,Unknown,2025-12-01
Kayaking,UCYodbaugFoQAvGL2StgQ3tQ,Headwaters Kayak,A7ikPpBxhQ0,Advanced Paddling Skills: Kayaking 102,2023-05-18 18:13:20+00:00,110189,2932,213,Unknown,2025-11-30
Kayaking,UCYodbaugFoQAvGL2StgQ3tQ,Headwaters Kayak,lwF2d2WOa0E,ONE MAN BASS BOAT: Custom Native Titan 13.5,2018-02-27 21:58:00+00:00,109802,1250,224,Unknown,2025-11-30
Kayaking,UCAZ9mAx3rrqOi4fd0uRkEGA,PaddleTV,k_TsEHuE3UM,A Kayak With Lounge Chair Built-in!?  |  Review of Perception Hangtime 11,2023-06-19 14:30:28+00:00,109019,540,48,Unknown,2025-12-01
Kayaking,UCYodbaugFoQAvGL2StgQ3tQ,Headwaters Kayak,4fzXW6qZLJE,Everything You Need To Know About Kayak Paddles,2022-09-08 20:10:25+00:00,107021,3151,221,Unknown,2025-11-30
Kayaking,UCAZ9mAx3rrqOi4fd0uRkEGA,PaddleTV,mD5Xwml-Hss,Best All-Around Inflatable Kayak?  Sea Eagle 380x Gear Review,2022-05-05 14:30:16+00:00,106907,1533,167,Unknown,2025-12-01
Kayaking,UCYodbaugFoQAvGL2StgQ3tQ,Headwaters Kayak,VnQqkrGdsOQ,Jonny Bass 100 Steerable Motor Pod,2019-09-05 20:12:39+00:00,106329,1092,108,Unknown,2025-11-30
Kayaking,UCAZ9mAx3rrqOi4fd0uRkEGA,PaddleTV,fumMmZi5wLE,A Kayak You Could Sleep In?  Kayak Review |  Bonafide EX123,2021-07-17 14:30:06+00:00,106230,1851,294,Unknown,2025-12-01
Kayaking,UCYodbaugFoQAvGL2StgQ3tQ,Headwaters Kayak,Uv-FikVoees,Light Weight Kayaks under $1000 and 40lbs,2018-09-30 01:06:19+00:00,106227,1703,123,Unknown,2025-11-30
Kayaking,UCAZ9mAx3rrqOi4fd0uRkEGA,PaddleTV,bpEepluDbhc,Sit-On-Top Kayak Versus Sit-Inside Kayak |  How to Choose a Kayak for Beginners,2021-07-21 18:21:09+00:00,105696,2469,185,Unknown,2025-12-01
Kayaking,UCYodbaugFoQAvGL2StgQ3tQ,Headwaters Kayak,OyX30Onxsok,2019 Feelfree Dorado In Store Walkthrough,2018-10-09 21:38:01+00:00,105614,1177,118,Unknown,2025-11-30
Kayaking,UCAZ9mAx3rrqOi4fd0uRkEGA,PaddleTV,SP9_XaG4Wm0,The Ultimate Tandem Recreational Kayak?,2023-07-27 14:00:31+00:00,105416,342,10,Unknown,2025-12-01
Kayaking,UCAZ9mAx3rrqOi4fd0uRkEGA,PaddleTV,JTclhIkzSz0,Review of Intex Excursion Pro Inflatable Fishing Kayak  |  Cheapest Fishing Kayak Ever!,2023-05-08 16:00:19+00:00,103008,1142,160,Unknown,2025-12-01
Kayaking,UCYodbaugFoQAvGL2StgQ3tQ,Headwaters Kayak,1kBQdkCERUc,Jackson Bite VS Crescent Lite Tackle: On Water Comparison Revew,2019-05-03 01:13:23+00:00,102002,1497,192,Unknown,2025-11-30
Kayaking,UCAZ9mAx3rrqOi4fd0uRkEGA,PaddleTV,JRSxkpZUWFQ,Top 5 SUP Tips for Beginners,2022-08-06 14:00:14+00:00,101675,2089,57,Unknown,2025-12-01
Kayaking,UCAZ9mAx3rrqOi4fd0uRkEGA,PaddleTV,e3jPbU_dPu8,Best Family Kayak? | Aqua Marina Tomahawk 440 Review,2022-03-12 15:00:31+00:00,101484,1338,167,Unknown,2025-12-01
Kayaking,UCYodbaugFoQAvGL2StgQ3tQ,Headwaters Kayak,sXuYyTHRyhg,Native Titan 10.5 VS Slayer 10 Test: With Greg Blanchard,2018-01-25 06:16:13+00:00,101298,759,65,Unknown,2025-11-30
Kayaking,UCYodbaugFoQAvGL2StgQ3tQ,Headwaters Kayak,Ib2u6KiZ6P8,Best Box Store Kayak Value in 2022,2022-05-20 21:38:28+00:00,100984,1416,181,Unknown,2025-11-30
Kayaking,UCYodbaugFoQAvGL2StgQ3tQ,Headwaters Kayak,OFWFXeOp-7U,How It's Made: Eddyline Kayaks Factory Tour,2020-07-29 22:33:58+00:00,100762,1584,156,Unknown,2025-11-30
Kayaking,UCAZ9mAx3rrqOi4fd0uRkEGA,PaddleTV,O_-a5ngnRew,How to Re-Enter a Sit Inside Kayak for Beginners,2016-07-01 18:00:01+00:00,99269,753,14,Unknown,2025-12-01
Kayaking,UCAZ9mAx3rrqOi4fd0uRkEGA,PaddleTV,tDQzCsaYau4,Top 10 Tips for Beginner Kayakers,2024-07-16 14:00:57+00:00,99256,2970,129,Unknown,2025-12-01
Kayaking,UCAZ9mAx3rrqOi4fd0uRkEGA,PaddleTV,0MKR__0X4jk,How to Re-Enter a Sit-On-Top Kayak,2016-06-24 18:00:01+00:00,99104,751,13,Unknown,2025-12-01
Kayaking,UCAZ9mAx3rrqOi4fd0uRkEGA,PaddleTV,dlWA7coPgNI,Spring kayaking on Florida's Myakka River - Lightweight Pakayak test!,2024-04-18 14:00:34+00:00,98430,1716,231,Unknown,2025-12-01
Kayaking,UCYodbaugFoQAvGL2StgQ3tQ,Headwaters Kayak,DIGsgXPnR2Q,The Best $99 Kids Kayak! #getkidsoutside #youth #paddling #kayaking,2023-05-30 16:12:07+00:00,96482,881,15,Unknown,2025-11-30
Kayaking,UCYodbaugFoQAvGL2StgQ3tQ,Headwaters Kayak,Yow8mzD9EWQ,Hobie Mirage Lynx: One Word SMART!,2021-06-10 23:04:46+00:00,96469,1288,182,Unknown,2025-11-30
Kayaking,UCYodbaugFoQAvGL2StgQ3tQ,Headwaters Kayak,NxzAITvLYRo,How To Pack for Kayak Camping | Kayaking 101,2022-04-15 21:27:09+00:00,96273,1709,103,Unknown,2025-11-30
Kayaking,UCYodbaugFoQAvGL2StgQ3tQ,Headwaters Kayak,mSKmKtXhxiA,Feelfree Dorado On Water Review + Capsize & Reentry,2018-10-16 22:19:07+00:00,95669,1328,141,Unknown,2025-11-30
Kayaking,UCAZ9mAx3rrqOi4fd0uRkEGA,PaddleTV,7x-W9VNhr00,Folding Kayak Gear Review - Oru Kayak Inlet,2021-05-24 18:00:02+00:00,95651,2713,247,Unknown,2025-12-01
Kayaking,UCYodbaugFoQAvGL2StgQ3tQ,Headwaters Kayak,slwQO36rzSg,How A Kayak Is Made + Native Slayer MAX Preview,2019-12-06 23:04:33+00:00,95413,1456,86,Unknown,2025-11-30
Kayaking,UCAZ9mAx3rrqOi4fd0uRkEGA,PaddleTV,c_iPCAtOtKA,How to Kayak | Top 3 Techniques All Paddlers Should Know,2016-07-22 18:00:02+00:00,94922,729,10,Unknown,2025-12-01
Kayaking,UCAZ9mAx3rrqOi4fd0uRkEGA,PaddleTV,icdDMEwBwU0,Kayaking the 1000 Islands – A Bucket List Kayak Trip,2020-10-17 17:00:07+00:00,92723,569,33,Unknown,2025-12-01
Kayaking,UCYodbaugFoQAvGL2StgQ3tQ,Headwaters Kayak,4bmy11dpYic,How to Strap Your Kayak to Your Roof Rack | Kayaking 101 #shorts #yakima,2022-06-14 20:59:13+00:00,91452,2122,36,Unknown,2025-11-30
Kayaking,UCAZ9mAx3rrqOi4fd0uRkEGA,PaddleTV,IzuJQ1OSZDk,An Inflatable Touring Kayak? |  Aquaglide Chelan 120 Review,2022-07-16 14:30:09+00:00,89957,726,116,Unknown,2025-12-01
Kayaking,UCYodbaugFoQAvGL2StgQ3tQ,Headwaters Kayak,Uk7C3goYvIg,THE BEST WAY To Tie Down A Kayak to Your Roof Rack,2023-04-26 22:23:35+00:00,87981,1747,127,Unknown,2025-11-30
Kayaking,UCYodbaugFoQAvGL2StgQ3tQ,Headwaters Kayak,JO3DtgYMGk8,Viewers Rig: 2019 Hobie Outback,2019-02-01 21:29:31+00:00,86613,795,80,Unknown,2025-11-30
Kayaking,UCAZ9mAx3rrqOi4fd0uRkEGA,PaddleTV,B-5ubaQY5L4,Kayak Fishing with Alligators?? |  Kayak Fishing in the Okefenokee Swamp,2023-06-10 14:00:10+00:00,85217,267,28,Unknown,2025-12-01
Kayaking,UCAZ9mAx3rrqOi4fd0uRkEGA,PaddleTV,cRlRaqZEUbg,What's the Best Beginner Inflatable Kayak?  $170 vs $500 Inflatable Kayak,2022-04-27 15:00:19+00:00,84818,1089,140,Unknown,2025-12-01
Kayaking,UCYodbaugFoQAvGL2StgQ3tQ,Headwaters Kayak,1MP39D14-2s,Feelfree Lure 11.5 With Factor installed Overdrive: UNBOXING VIDEO,2018-03-16 16:52:32+00:00,84659,955,96,Unknown,2025-11-30
Kayaking,UCAZ9mAx3rrqOi4fd0uRkEGA,PaddleTV,xNKWUIdMlIo,Top 5 Kayak Upgrades | How to Choose the Right Kayak,2022-01-29 15:00:26+00:00,84502,1590,109,Unknown,2025-12-01
Kayaking,UCYodbaugFoQAvGL2StgQ3tQ,Headwaters Kayak,uD_fPOCA0oc,Viewers Rig: Greg Blanchard's Decked Out Titan 10.5,2018-08-16 01:16:42+00:00,84364,1325,114,Unknown,2025-11-30
Kayaking,UCYodbaugFoQAvGL2StgQ3tQ,Headwaters Kayak,CvIGCbPiXug,Get What You Pay For? 12 Foot Kayak Materials Shoot Out!,2022-11-08 15:00:06+00:00,82947,1749,136,Unknown,2025-11-30
Kayaking,UCYodbaugFoQAvGL2StgQ3tQ,Headwaters Kayak,-35DsOmmkqg,On Water Demo: Feelfree Dorado With Motordrive,2018-10-26 00:04:30+00:00,82858,805,95,Unknown,2025-11-30
Kayaking,UCAZ9mAx3rrqOi4fd0uRkEGA,PaddleTV,DPJAXBphTgs,How to Choose a Portable Kayak?  Inflatable or Folding Kayak?,2022-08-04 19:39:07+00:00,82531,2212,18,Unknown,2025-12-01
Kayaking,UCAZ9mAx3rrqOi4fd0uRkEGA,PaddleTV,5m6M4tfmhbE,Inflatable Kayak vs Hardshell Kayak | What Kayak to Choose,2021-06-09 16:15:00+00:00,81637,1470,127,Unknown,2025-12-01
Kayaking,UCAZ9mAx3rrqOi4fd0uRkEGA,PaddleTV,6xRWA9S0LEM,How to Get Into and Out of a Canoe Smoothly and Safely,2017-10-10 18:00:01+00:00,81468,683,13,Unknown,2025-12-01
Kayaking,UCYodbaugFoQAvGL2StgQ3tQ,Headwaters Kayak,mvcZED7ESQE,Bonafide SS127 Unboxing and Walkthrough,2018-02-15 01:37:56+00:00,81193,922,110,Unknown,2025-11-30
Kayaking,UCAZ9mAx3rrqOi4fd0uRkEGA,PaddleTV,xBTSwjPKq9U,The Perception Hangtime Kayak has a Lounge Chair,2023-06-23 14:00:42+00:00,79496,195,6,Unknown,2025-12-01
Kayaking,UCAZ9mAx3rrqOi4fd0uRkEGA,PaddleTV,16AIgGiI3gI,Top 3 Tips for Tandem Kayaking (Two Person or Double Kayaks),2023-07-29 14:00:01+00:00,79021,713,53,Unknown,2025-12-01
Kayaking,UCAZ9mAx3rrqOi4fd0uRkEGA,PaddleTV,d2sOZsMcYEI,Top 5 Inflatable and Folding Kayaks |  PaddleTV Award Winners,2022-10-02 14:30:05+00:00,78757,1159,117,Unknown,2025-12-01
Kayaking,UCYodbaugFoQAvGL2StgQ3tQ,Headwaters Kayak,-OJQ-PoFOUk,How To Get In and Out of a Sit On Top Kayak in Under a Minute #Shorts,2022-04-22 20:00:01+00:00,78103,1680,27,Unknown,2025-11-30
Kayaking,UCAZ9mAx3rrqOi4fd0uRkEGA,PaddleTV,rJZnVbX281s,Whitewater Canoeing - A Kayaker's Adventure with a Single Blade | Paddle Tales,2020-10-02 17:00:15+00:00,77263,412,49,Unknown,2025-12-01
Kayaking,UCAZ9mAx3rrqOi4fd0uRkEGA,PaddleTV,2xlCx8ckfR8,How to Choose the Right Kayak for All Types of Flatwater Paddlers,2016-06-10 18:00:00+00:00,77120,1056,14,Unknown,2025-12-01
Kayaking,UCYodbaugFoQAvGL2StgQ3tQ,Headwaters Kayak,2h0azzqtwX0,Mother Load Kayak Anglers Summer Splash [Lake McClure],2019-06-05 19:02:08+00:00,75087,932,63,Unknown,2025-11-30
Kayaking,UCYodbaugFoQAvGL2StgQ3tQ,Headwaters Kayak,Ycy14zTwJ-s,How To Kayak: FREE Kayaking 101 Lesson,2022-09-28 18:00:20+00:00,74414,2796,132,Unknown,2025-11-30
Kayaking,UCAZ9mAx3rrqOi4fd0uRkEGA,PaddleTV,ioCRmmT1RuQ,Best Pedal Fishing Kayak for the Money? |  Perception Showdown 11.5 Review,2022-05-28 14:30:08+00:00,74003,408,57,Unknown,2025-12-01
Kayaking,UCAZ9mAx3rrqOi4fd0uRkEGA,PaddleTV,F4M2fu8pD40,The Ultimate Touring Kayak?? | Trak Kayak Review,2021-07-24 14:30:03+00:00,73010,1627,178,Unknown,2025-12-01
Kayaking,UCAZ9mAx3rrqOi4fd0uRkEGA,PaddleTV,sZpeoGPbLco,5 Kayaks You Should Consider!  |  PaddleTV Best Kayak Awards,2022-10-08 14:30:17+00:00,72987,1179,65,Unknown,2025-12-01
Kayaking,UCYodbaugFoQAvGL2StgQ3tQ,Headwaters Kayak,Elv3qR_zdQI,Performance Sit On Top Shootout!,2022-04-20 23:37:23+00:00,72911,1044,158,Unknown,2025-11-30
Kayaking,UCAZ9mAx3rrqOi4fd0uRkEGA,PaddleTV,jH99hBZB_l8,How to Choose a Life Jacket for Kayaking and Canoeing,2023-04-17 16:00:27+00:00,71584,1556,116,Unknown,2025-12-01
Kayaking,UCAZ9mAx3rrqOi4fd0uRkEGA,PaddleTV,7_Oip6h6fSA,Most Relaxing Paddling Trip Ever??  | Kayaking the Flint River,2023-06-28 14:00:06+00:00,71580,337,33,Unknown,2025-12-01
Kayaking,UCAZ9mAx3rrqOi4fd0uRkEGA,PaddleTV,arCUlq_PWew,The Best Touring Kayak of the Year?? | P&H Virgo Product Review,2021-09-04 14:00:00+00:00,71059,1493,226,Unknown,2025-12-01
Kayaking,UCAZ9mAx3rrqOi4fd0uRkEGA,PaddleTV,5eLJ0d7TDS4,How to Develop Good Technique for Paddling a Canoe,2017-10-12 18:00:04+00:00,70459,667,7,Unknown,2025-12-01
Kayaking,UCYodbaugFoQAvGL2StgQ3tQ,Headwaters Kayak,LmCIZh8_nZY,First Bass on the Blue Sky Angler 360,2018-11-02 23:48:40+00:00,70444,728,97,Unknown,2025-11-30
Kayaking,UCAZ9mAx3rrqOi4fd0uRkEGA,PaddleTV,hXrKyiDulEU,Top 5 River Canoeing Tips to Help Make You a Better Paddler,2017-11-07 19:00:01+00:00,70105,644,16,Unknown,2025-12-01
Kayaking,UCAZ9mAx3rrqOi4fd0uRkEGA,PaddleTV,7nka1Cp6Omg,I Can't Recommend This Kayak! |  Origami Paddler Review,2022-06-21 14:30:02+00:00,69616,980,256,Unknown,2025-12-01
Kayaking,UCAZ9mAx3rrqOi4fd0uRkEGA,PaddleTV,aHwBkvCWfpw,"Canoeing and Kayaking in Bas-Saint-Laurent, Québec | Paddle Tales",2018-10-12 18:00:07+00:00,69310,368,17,Unknown,2025-12-01
Kayaking,UCAZ9mAx3rrqOi4fd0uRkEGA,PaddleTV,IsL21ZJ9jD8,This is What a Luxury Kayak Looks Like!  |  P&H Volan 160 Review,2023-06-17 14:00:09+00:00,69163,1207,141,Unknown,2025-12-01
Kayaking,UCAZ9mAx3rrqOi4fd0uRkEGA,PaddleTV,egH1laBI3Uc,Which Inflatable kayak should you get??  |  How to choose the right Sea Eagle inflatable kayak,2024-06-24 14:00:28+00:00,69115,1235,156,Unknown,2025-12-01
Kayaking,UCYodbaugFoQAvGL2StgQ3tQ,Headwaters Kayak,1F2-Gw9bSI0,Outfitting A Toyota Rav 4. Yakima Skyrise Roof Top Tent + HD Cross Bars.,2017-12-02 18:58:02+00:00,69064,516,47,Unknown,2025-11-30
Kayaking,UCAZ9mAx3rrqOi4fd0uRkEGA,PaddleTV,PzpdDkBTWYY,Best Kayak Under $1000?  Wilderness Systems Targa 100 Review,2022-05-17 14:30:03+00:00,68701,392,68,Unknown,2025-12-01
Kayaking,UCAZ9mAx3rrqOi4fd0uRkEGA,PaddleTV,9_W19E6N5wM,An Inflatable Kayak that Does it All!?  |  Advanced Elements Expedition Elite Review,2022-08-27 14:00:04+00:00,67850,1027,179,Unknown,2025-12-01
Kayaking,UCYodbaugFoQAvGL2StgQ3tQ,Headwaters Kayak,deAgFaX4Ef8,Rigging Tips: Kayak Quick Release Anchor System,2019-02-28 18:35:23+00:00,67523,802,65,Unknown,2025-11-30
Kayaking,UCYodbaugFoQAvGL2StgQ3tQ,Headwaters Kayak,J-ZTo9nvK6A,Exploring The Benefits Of Long Kayaks,2021-12-09 23:25:09+00:00,67283,1097,124,Unknown,2025-11-30
Kayaking,UCAZ9mAx3rrqOi4fd0uRkEGA,PaddleTV,ahktol7SbpI,Does My Kayak Need a Rudder or a Skeg? |  How to Kayak,2021-08-18 15:00:01+00:00,66669,2066,165,Unknown,2025-12-01
Kayaking,UCYodbaugFoQAvGL2StgQ3tQ,Headwaters Kayak,UkcOXrl-yQg,Why Is My Kayak Sinking?! What You NEED TO KNOW About Kayak Flotation.,2022-11-29 16:00:11+00:00,65142,2012,226,Unknown,2025-11-30
Kayaking,UCAZ9mAx3rrqOi4fd0uRkEGA,PaddleTV,c5um1su4siE,Choosing the Right Size Kayak Paddle | How Long Should Your Paddle Be?,2022-12-03 15:30:11+00:00,65020,1693,85,Unknown,2025-12-01
Kayaking,UCAZ9mAx3rrqOi4fd0uRkEGA,PaddleTV,yl2Kl4z6j3w,Kayak Paddles - Everything You Need to Know About How to Choose a Paddle,2022-07-05 14:30:12+00:00,64239,2033,159,Unknown,2025-12-01
Kayaking,UCAZ9mAx3rrqOi4fd0uRkEGA,PaddleTV,bAmXArNXGBM,Kayaking on Georgian Bay,2014-08-12 12:30:01+00:00,63057,388,12,Unknown,2025-12-01
Kayaking,UCAZ9mAx3rrqOi4fd0uRkEGA,PaddleTV,6o8KKyvUdIc,Best Portable Kayak Ever?  |  Pakayak Bluefin142 Review,2022-03-26 14:00:02+00:00,62179,1398,180,Unknown,2025-12-01
Kayaking,UCAZ9mAx3rrqOi4fd0uRkEGA,PaddleTV,seCyVE9Nfok,"Sea Kayaking in Gaspésie, Québec | Paddle Tales",2018-09-27 18:00:08+00:00,61968,723,24,Unknown,2025-12-01
Kayaking,UCYodbaugFoQAvGL2StgQ3tQ,Headwaters Kayak,HP2pvTm1lfI,AquaGlide Chelan HB Tandem XL: ON WATER REVIEW,2017-08-16 16:28:12+00:00,60953,828,95,Unknown,2025-11-30
Kayaking,UCYodbaugFoQAvGL2StgQ3tQ,Headwaters Kayak,6Ze4BRB_MlM,Headwaters Stay-At-Home Spring Demo,2020-05-02 20:38:06+00:00,60067,269,32,Unknown,2025-11-30
Kayaking,UCYodbaugFoQAvGL2StgQ3tQ,Headwaters Kayak,CTBOTyPGqgs,The TRUTH About Folding Kayaks vs Hardshell | 10' Portability Shootout,2022-11-17 20:21:53+00:00,56492,1030,159,Unknown,2025-11-30
Kayaking,UCYodbaugFoQAvGL2StgQ3tQ,Headwaters Kayak,xHIPTyxFSvU,Vibe Yellowfin 120: On Water Review,2019-05-25 17:17:51+00:00,55776,737,118,Unknown,2025-11-30
Kayaking,UCYodbaugFoQAvGL2StgQ3tQ,Headwaters Kayak,Z8lpFbxfurc,Oru Kayaks Beach LT: Origami Kayak Review,2020-11-06 02:25:15+00:00,55277,1261,84,Unknown,2025-11-30
Kayaking,UCYodbaugFoQAvGL2StgQ3tQ,Headwaters Kayak,YBbgydzcql0,Jonny Bass 100: Conversation with Early Adopter Lane Hughey,2019-12-03 22:42:07+00:00,54372,616,31,Unknown,2025-11-30
Kayaking,UCYodbaugFoQAvGL2StgQ3tQ,Headwaters Kayak,Xc3ycPyVsfs,Vibe Yellowfin 130 Tandem: On Water Review + Shenanigans,2018-02-02 19:17:04+00:00,54191,747,77,Unknown,2025-11-30
Kayaking,UCYodbaugFoQAvGL2StgQ3tQ,Headwaters Kayak,koDo_I3f9t8,Three 12' Eddylines for $1399: Which is Right For You?,2020-02-28 21:59:42+00:00,53852,1020,93,Unknown,2025-11-30
Kayaking,UCYodbaugFoQAvGL2StgQ3tQ,Headwaters Kayak,rYns4zvFOXE,So You Bought A Box Store Kayak and Love It. Whats Next?,2020-04-08 22:13:29+00:00,53495,1501,141,Unknown,2025-11-30
Kayaking,UCYodbaugFoQAvGL2StgQ3tQ,Headwaters Kayak,Q9jZ-VBpfVg,3 Waters Kayak Big Fish 120: On Water Review,2017-09-29 19:46:44+00:00,51561,321,83,Unknown,2025-11-30
Kayaking,UCYodbaugFoQAvGL2StgQ3tQ,Headwaters Kayak,CWYqiKGdhBw,3 Waters Big Fish 108 Pedal Drive: First Look,2019-07-06 00:38:36+00:00,51391,591,82,Unknown,2025-11-30
Kayaking,UCYodbaugFoQAvGL2StgQ3tQ,Headwaters Kayak,8zkCP5ZV5VM,Viewers Rig: Cleanly Rigged Seaghost 130,2018-09-04 23:18:29+00:00,48823,645,51,Unknown,2025-11-30
Kayaking,UCYodbaugFoQAvGL2StgQ3tQ,Headwaters Kayak,5ZE890iUMM8,2020 Vs 2019 Feelfree Lure 10 Comparison,2019-08-30 23:06:11+00:00,47965,871,112,Unknown,2025-11-30
Kayaking,UCYodbaugFoQAvGL2StgQ3tQ,Headwaters Kayak,8HSnoScLxPs,Crescent Kayaks: Whats The Difference,2021-04-15 22:00:02+00:00,47490,968,112,Unknown,2025-11-30
Kayaking,UCYodbaugFoQAvGL2StgQ3tQ,Headwaters Kayak,B9_tR-DxO6U,How To Choose A Life Jacket For Kayaking - My PFD For 2022,2022-07-14 17:30:03+00:00,47443,996,81,Unknown,2025-11-30
Kayaking,UCYodbaugFoQAvGL2StgQ3tQ,Headwaters Kayak,ZfgJNHvcOr0,5 Kayaks Under $300 Reviewed/ 2024 Edition,2024-07-30 13:30:53+00:00,46094,974,122,Unknown,2025-11-30
Kayaking,UCYodbaugFoQAvGL2StgQ3tQ,Headwaters Kayak,LYqGyFNKgck,Vibe Yellowfin 130T: LONG TERM REVIEW,2018-07-18 23:43:20+00:00,45473,601,42,Unknown,2025-11-30
Kayaking,UCYodbaugFoQAvGL2StgQ3tQ,Headwaters Kayak,jQYqNzNKe9A,10 Native Titan Hacks with Mobbin Outdoors,2018-04-13 23:48:57+00:00,45446,662,36,Unknown,2025-11-30
Kayaking,UCYodbaugFoQAvGL2StgQ3tQ,Headwaters Kayak,agQa-3sR5Mw,FeelFree Moken 10 v2 Review,2022-06-30 20:00:11+00:00,45226,793,136,Unknown,2025-11-30
Kayaking,UCYodbaugFoQAvGL2StgQ3tQ,Headwaters Kayak,1Mk8qWMoVb0,Crescent CK1: Test Paddle and First Impressions,2021-04-29 23:23:34+00:00,44755,954,148,Unknown,2025-11-30
Kayaking,UCYodbaugFoQAvGL2StgQ3tQ,Headwaters Kayak,qVX3qf3Me70,Crescent Ultra Lite Vs Lite Tackle: Which is Right For You???,2019-08-07 19:35:17+00:00,43649,800,150,Unknown,2025-11-30
Kayaking,UCYodbaugFoQAvGL2StgQ3tQ,Headwaters Kayak,D5cCwIOifCQ,How To Adjust The Fit Your Touring Kayak,2020-05-06 22:41:23+00:00,43550,1010,104,Unknown,2025-11-30
Kayaking,UCYodbaugFoQAvGL2StgQ3tQ,Headwaters Kayak,-uxEnDKiXxI,Custom Rigged Bonafide SS 107 W/ Bow Mount Minn Kota,2020-01-03 21:22:17+00:00,42479,584,65,Unknown,2025-11-30
Kayaking,UCYodbaugFoQAvGL2StgQ3tQ,Headwaters Kayak,ly1Jft82Aew,5 Open Cockpit Rec Kayaks Compared PART 2 On Water Comparison,2022-12-20 16:00:17+00:00,40726,889,126,Unknown,2025-11-30
Kayaking,UCYodbaugFoQAvGL2StgQ3tQ,Headwaters Kayak,daSjVgQJUa8,On Water Review: Native Titan 10.5,2017-12-22 17:22:15+00:00,40604,230,24,Unknown,2025-11-30
Kayaking,UCYodbaugFoQAvGL2StgQ3tQ,Headwaters Kayak,0DJBBUmQajM,The Hardest Video I've Ever Had to Make,2023-10-20 23:33:42+00:00,39619,2190,409,Unknown,2025-11-30
Kayaking,UCYodbaugFoQAvGL2StgQ3tQ,Headwaters Kayak,2k5naBXi2tM,What's The Difference?! 5 Open Cockpit Recreational Kayaks Compared - Part 1,2022-12-16 17:41:03+00:00,38450,782,66,Unknown,2025-11-30
Kayaking,UCYodbaugFoQAvGL2StgQ3tQ,Headwaters Kayak,SDsw9I1YV_M,Paddlesports Retailer 2018: My Favorite Products,2018-08-30 22:32:05+00:00,38337,591,52,Unknown,2025-11-30
Kayaking,UCYodbaugFoQAvGL2StgQ3tQ,Headwaters Kayak,3tBbHLe1kQY,Eddyline Sandpiper 130: On Water Review + Stokes Clinic,2018-10-18 20:58:12+00:00,38211,741,83,Unknown,2025-11-30
Kayaking,UCYodbaugFoQAvGL2StgQ3tQ,Headwaters Kayak,1gI80Om5C9A,Feelfree Kayaks: Recreational Sit On Tops Compared,2021-04-08 19:08:30+00:00,38140,708,88,Unknown,2025-11-30
Kitesurfing,UCgT85WKdk50rE8ei3-gAEqA,Progression Kiteboarding,JCG0hk1X8XA,Learn To Kiteboard - Progression Kiteboarding Beginner,2010-06-28 23:42:12+00:00,732813,1374,63,Unknown,2025-11-30
Kitesurfing,UCgT85WKdk50rE8ei3-gAEqA,Progression Kiteboarding,JlNpmAiPQIE,Waterstart - Kitesurfing Top Tips,2008-08-08 15:10:42+00:00,513300,488,18,Unknown,2025-11-30
Kitesurfing,UCgT85WKdk50rE8ei3-gAEqA,Progression Kiteboarding,MfbNHYNIUC0,Trick Wheel - Transitions - Inspiration for Kitesurfing Tricks,2011-11-17 09:43:52+00:00,298839,937,22,Unknown,2025-11-30
Kitesurfing,UCgT85WKdk50rE8ei3-gAEqA,Progression Kiteboarding,EoWJfjTJdWU,Control & Riding Upwind - Kiteboarding Technique & Tips,2013-07-14 13:57:03+00:00,298307,535,9,Unknown,2025-11-30
Kitesurfing,UCgT85WKdk50rE8ei3-gAEqA,Progression Kiteboarding,hyj7Lrk1Jds,Examples of Common Mistakes from the Waterstart & First Runs,2009-09-11 14:26:10+00:00,287274,206,5,Unknown,2025-11-30
Kitesurfing,UCgT85WKdk50rE8ei3-gAEqA,Progression Kiteboarding,udcdK6Fr6Rc,Jumping - Kitesurfing Top Tips,2009-04-27 18:42:30+00:00,285662,193,18,Unknown,2025-11-30
Kitesurfing,UCgT85WKdk50rE8ei3-gAEqA,Progression Kiteboarding,976-5neat-A,Back Rolls - Kitesurfing Top Tips,2008-08-08 15:00:36+00:00,262495,259,6,Unknown,2025-11-30
Kitesurfing,UCgT85WKdk50rE8ei3-gAEqA,Progression Kiteboarding,4nfy-5FZGJE,Waterstart - Kitesurfing Top Tips (UPDATED),2014-05-08 20:25:49+00:00,247115,743,20,Unknown,2025-11-30
Kitesurfing,UCIy1clT6nZ6zZRuU-zEEbRw,North Kiteboarding,m2fiH5DVcVk,Wings & Waves Watersports Challenge,2025-07-09 09:53:40+00:00,242372,16,2,Unknown,2025-12-01
Kitesurfing,UCgT85WKdk50rE8ei3-gAEqA,Progression Kiteboarding,aB7rtHYZLZs,S-Bend - Kitesurfing Top Tips,2008-08-15 11:07:50+00:00,226598,183,7,Unknown,2025-11-30
Kitesurfing,UCgT85WKdk50rE8ei3-gAEqA,Progression Kiteboarding,x2DSEFYwKE8,Back Loop Transition - Kitesurfing Top Tips,2009-04-29 08:56:28+00:00,223614,175,12,Unknown,2025-11-30
Kitesurfing,UCgT85WKdk50rE8ei3-gAEqA,Progression Kiteboarding,F-obLaiBfbM,Waterstart - Kitesurfing Technique Definition,2009-10-06 09:50:49+00:00,203164,112,3,Unknown,2025-11-30
Kitesurfing,UCgT85WKdk50rE8ei3-gAEqA,Progression Kiteboarding,BZtYa-AFTwc,Learn Your First Kitesurfing Tricks - Progression Kiteboarding Intermediate Volume 1,2013-01-08 09:24:14+00:00,189557,214,10,Unknown,2025-11-30
Kitesurfing,UCgT85WKdk50rE8ei3-gAEqA,Progression Kiteboarding,sHfM6uGzWPc,Kitesurfing How-to: Riding & Control Introduction,2017-02-13 17:12:12+00:00,184768,649,10,Unknown,2025-11-30
Kitesurfing,UCgT85WKdk50rE8ei3-gAEqA,Progression Kiteboarding,UcGUBxENRG8,Aerial Transition - Kitesurfing Top Tips,2008-08-24 07:50:54+00:00,174315,89,4,Unknown,2025-11-30
Kitesurfing,UCgT85WKdk50rE8ei3-gAEqA,Progression Kiteboarding,zuEPH_bzUjk,Kitesurfing How-to: Carving Turns Introduction,2016-10-04 14:12:36+00:00,172325,738,9,Unknown,2025-11-30
Kitesurfing,UCgT85WKdk50rE8ei3-gAEqA,Progression Kiteboarding,bqANTjdsrYI,Back Roll Transition with a Hand Plant - Kitesurfing Trick Definition,2009-10-22 09:04:26+00:00,165977,167,5,Unknown,2025-11-30
Kitesurfing,UCgT85WKdk50rE8ei3-gAEqA,Progression Kiteboarding,wPGVHvlHPjI,Front Roll - Kitesurfing Top Tips,2008-08-15 11:05:53+00:00,163953,89,5,Unknown,2025-11-30
Kitesurfing,UCIy1clT6nZ6zZRuU-zEEbRw,North Kiteboarding,nfK4tDM00z0,WINGS & WAVES - Episode 1: Welcome to Sardinia!,2025-07-07 18:08:14+00:00,160091,2278,3,Unknown,2025-12-01
Kitesurfing,UCgT85WKdk50rE8ei3-gAEqA,Progression Kiteboarding,tWAuKBWa6ME,Learn Your First Unhooked Tricks & Kiteloops - Progression Kiteboarding Advanced,2013-05-06 04:50:47+00:00,159938,211,8,Unknown,2025-11-30
Kitesurfing,UCgT85WKdk50rE8ei3-gAEqA,Progression Kiteboarding,7tsSjtpdSLg,When to sheet the bar in when jumping - Kitesurfing - Progression,2009-10-15 13:33:44+00:00,159263,76,7,Unknown,2025-11-30
Kitesurfing,UCgT85WKdk50rE8ei3-gAEqA,Progression Kiteboarding,xs1dmxXhoHI,Heel to Toe Carving Turns - Kitesurfing Top Tips,2009-04-28 08:51:30+00:00,155484,120,2,Unknown,2025-11-30
Kitesurfing,UCgT85WKdk50rE8ei3-gAEqA,Progression Kiteboarding,Y5OvEb9zcgQ,Carving Turn - Kitesurfing Technique Tips,2013-06-30 14:38:46+00:00,150735,99,4,Unknown,2025-11-30
Kitesurfing,UCgT85WKdk50rE8ei3-gAEqA,Progression Kiteboarding,GuRsWppsFeE,Trick Progression - F16 - Unhooked Back Roll With A Kiteloop - Kitesurfing,2011-03-13 15:41:42+00:00,147093,236,8,Unknown,2025-11-30
Kitesurfing,UCgT85WKdk50rE8ei3-gAEqA,Progression Kiteboarding,YCoHmH41q9s,Kitesurfing How-to: Riding Waves Introduction,2016-10-04 14:10:40+00:00,139760,526,13,Unknown,2025-11-30
Kitesurfing,UCgT85WKdk50rE8ei3-gAEqA,Progression Kiteboarding,uL4rUpmc57I,Kitesurfing Light Wind Technique,2013-01-03 16:57:57+00:00,134493,170,5,Unknown,2025-11-30
Kitesurfing,UCgT85WKdk50rE8ei3-gAEqA,Progression Kiteboarding,IBRNGnGi3Os,Riding Toeside - Kitesurfing Top Tips,2008-08-24 06:51:03+00:00,133589,95,0,Unknown,2025-11-30
Kitesurfing,UCgT85WKdk50rE8ei3-gAEqA,Progression Kiteboarding,Dk30hoD0jqA,Butter slide / Nose slide - Kitesurfing Trick Definiteion,2010-10-22 22:25:53+00:00,130871,116,5,Unknown,2025-11-30
Kitesurfing,UCgT85WKdk50rE8ei3-gAEqA,Progression Kiteboarding,6hr3hBQsnvA,Surface Pass - Kitesurfing Top Tips,2009-02-12 21:17:46+00:00,126336,136,5,Unknown,2025-11-30
Kitesurfing,UCgT85WKdk50rE8ei3-gAEqA,Progression Kiteboarding,wmM-F7orSLk,Bel Air - Kitesurfing Trick Definition,2009-06-12 09:54:18+00:00,125693,133,7,Unknown,2025-11-30
Kitesurfing,UCgT85WKdk50rE8ei3-gAEqA,Progression Kiteboarding,XNfYGmk0z5g,Upwind Body Dragging - Kitesurfing Top Tips,2009-02-12 20:53:47+00:00,123497,86,24,Unknown,2025-11-30
Kitesurfing,UCgT85WKdk50rE8ei3-gAEqA,Progression Kiteboarding,0SJ-a_gffVs,Sliding Turn - Kitesurfing Terminology - Progression,2009-10-06 09:58:13+00:00,120576,58,2,Unknown,2025-11-30
Kitesurfing,UCgT85WKdk50rE8ei3-gAEqA,Progression Kiteboarding,YaVaruxEyfY,Riding Blind - Kitesurfing Top Tips,2008-08-08 14:55:07+00:00,119041,90,4,Unknown,2025-11-30
Kitesurfing,UCgT85WKdk50rE8ei3-gAEqA,Progression Kiteboarding,nbNFM7ZL5e4,Popping - Unhooked - Kiteboarding Top Tips,2011-05-23 20:23:48+00:00,118312,148,5,Unknown,2025-11-30
Kitesurfing,UCgT85WKdk50rE8ei3-gAEqA,Progression Kiteboarding,fYID1NDFzhA,Raley To Blind - Kitesurfing Trick Definition with Aaron Hadlow,2009-03-12 21:19:12+00:00,117199,80,2,Unknown,2025-11-30
Kitesurfing,UCIy1clT6nZ6zZRuU-zEEbRw,North Kiteboarding,sjYZo3SDzvg,"Behind the Scenes | Grenadines MY20 with Nick Jacobsen, Graham Howes and Annabel van Westerop",2020-07-25 05:04:14+00:00,113291,1322,72,Unknown,2025-12-01
Kitesurfing,UCgT85WKdk50rE8ei3-gAEqA,Progression Kiteboarding,j_kPlBDQ8Fg,Trick Progression - Back Mobe,2011-02-05 13:19:29+00:00,105320,186,8,Unknown,2025-11-30
Kitesurfing,UCIy1clT6nZ6zZRuU-zEEbRw,North Kiteboarding,IwaU-FXEEF8,This is Big Air 2026 I North Kiteboarding,2025-08-19 15:00:05+00:00,102099,181,12,Unknown,2025-12-01
Kitesurfing,UCgT85WKdk50rE8ei3-gAEqA,Progression Kiteboarding,5hloRmryzPA,The Foot Change - An Excerpt from the Toeside to Heelside Gybe - Kitesurfing Tips,2016-06-23 09:18:12+00:00,101385,443,9,Unknown,2025-11-30
Kitesurfing,UCgT85WKdk50rE8ei3-gAEqA,Progression Kiteboarding,YtVBNGfWM5Q,Learn to Kitefoil - Kite Foiling How-to Videos - Hydrofoiling Made Easy,2018-06-02 07:14:50+00:00,99338,408,13,Unknown,2025-11-30
Kitesurfing,UCgT85WKdk50rE8ei3-gAEqA,Progression Kiteboarding,Boka4sIZgnI,Trick Progression - 313,2013-11-01 16:35:15+00:00,93698,224,4,Unknown,2025-11-30
Kitesurfing,UCgT85WKdk50rE8ei3-gAEqA,Progression Kiteboarding,wbRSsSayMIM,Back Roll Transition with a Lien Grab - Kitesurfing Trick Definition,2009-10-27 11:05:21+00:00,92013,65,0,Unknown,2025-11-30
Kitesurfing,UCgT85WKdk50rE8ei3-gAEqA,Progression Kiteboarding,wAz3iaBgd0k,How To Kitesurf In Strong Winds - Kiteboarding Technique Tips,2011-05-21 18:00:26+00:00,89158,123,18,Unknown,2025-11-30
Kitesurfing,UCgT85WKdk50rE8ei3-gAEqA,Progression Kiteboarding,o6lIibazid0,Nuclear Grab - Hooked-in Pop - Kitesurfing Trick Definition,2010-10-22 21:52:59+00:00,83764,111,7,Unknown,2025-11-30
Kitesurfing,UCgT85WKdk50rE8ei3-gAEqA,Progression Kiteboarding,5sYwNsDM-3k,"Trick Progression - Blind Judge - Unhooked Raley, Backside 180, Landing Blind, Airpass",2011-04-15 09:08:40+00:00,83232,143,2,Unknown,2025-11-30
Kitesurfing,UCgT85WKdk50rE8ei3-gAEqA,Progression Kiteboarding,QOt7icZCFlg,Raley - Kitesurfing Trick Definition,2009-02-19 21:15:33+00:00,82826,27,3,Unknown,2025-11-30
Kitesurfing,UCgT85WKdk50rE8ei3-gAEqA,Progression Kiteboarding,PGoirnGopYE,Slim Chance - Kitesurfing Trick Definition with Aaron Hadlow,2009-01-19 14:13:14+00:00,82597,65,2,Unknown,2025-11-30
Kitesurfing,UCgT85WKdk50rE8ei3-gAEqA,Progression Kiteboarding,vtFWApLjQ-4,Inverted Double Back Roll transation with a grab - Kitesurfing Trick Definition,2011-05-01 07:36:08+00:00,82249,271,14,Unknown,2025-11-30
Kitesurfing,UCgT85WKdk50rE8ei3-gAEqA,Progression Kiteboarding,2KPVRcQx7IM,Unhooked Basics - Kiteboarding Top Tips,2009-04-20 10:41:52+00:00,81529,40,2,Unknown,2025-11-30
Kitesurfing,UCIy1clT6nZ6zZRuU-zEEbRw,North Kiteboarding,W0P3smR9VLA,Launching into Orbit with Nick Jacobsen,2019-10-01 04:45:00+00:00,81525,896,32,Unknown,2025-12-01
Kitesurfing,UCgT85WKdk50rE8ei3-gAEqA,Progression Kiteboarding,s5WKXWjgNOw,Popping - Hooked-in - Kitesurfing Top Tips,2011-05-23 20:07:08+00:00,80448,113,1,Unknown,2025-11-30
Kitesurfing,UCgT85WKdk50rE8ei3-gAEqA,Progression Kiteboarding,GOYkThxfVkw,Front Mobe - Top Tips with Aaron Hadlow,2008-08-24 06:55:49+00:00,80372,58,2,Unknown,2025-11-30
Kitesurfing,UCIy1clT6nZ6zZRuU-zEEbRw,North Kiteboarding,Vgt9OJKb-WE,"Cape Town Diaries with Nick Jacobsen, Jesse Richman, Marc Jacobs, Graham Howes and Tom Bridge",2020-12-21 23:18:35+00:00,79417,1012,35,Unknown,2025-12-01
Kitesurfing,UCgT85WKdk50rE8ei3-gAEqA,Progression Kiteboarding,D4JN4-1lBv8,Learn to Ride Waves with a Kite - Progression Kitesurfing Instructional Video Series Trailer,2015-11-03 18:25:08+00:00,77140,189,10,Unknown,2025-11-30
Kitesurfing,UCgT85WKdk50rE8ei3-gAEqA,Progression Kiteboarding,fw3woCf2qfs,Popping 180 to Toeside - Kitesurfing Trick Definition,2010-11-18 17:35:56+00:00,76570,158,0,Unknown,2025-11-30
Kitesurfing,UCgT85WKdk50rE8ei3-gAEqA,Progression Kiteboarding,Ymu8vvpnuXk,Front Roll Transition with a Nose Grab - Kitesurfing Trick Definition,2009-10-07 11:22:02+00:00,74692,92,3,Unknown,2025-11-30
Kitesurfing,UCgT85WKdk50rE8ei3-gAEqA,Progression Kiteboarding,4eYyL2rmUwE,Learn Powered Handle Pass Tricks - Progression Professional with Aaron Hadlow,2013-05-06 04:43:13+00:00,74468,195,3,Unknown,2025-11-30
Kitesurfing,UCgT85WKdk50rE8ei3-gAEqA,Progression Kiteboarding,6icyYyoHmr4,Inverted Front Roll with a grab - Kitesurfing Trick Definition,2011-05-01 07:32:19+00:00,73375,137,4,Unknown,2025-11-30
Kitesurfing,UCIy1clT6nZ6zZRuU-zEEbRw,North Kiteboarding,npKuhv1FPAQ,North Orbit 2022,2021-09-15 03:18:41+00:00,72536,196,21,Unknown,2025-12-01
Kitesurfing,UCIy1clT6nZ6zZRuU-zEEbRw,North Kiteboarding,p36qtlcEWnI,Chasing The Crown - Proving Grounds I North Kiteboarding,2025-11-17 15:59:11+00:00,70145,138,3,Unknown,2025-12-01
Kitesurfing,UCIy1clT6nZ6zZRuU-zEEbRw,North Kiteboarding,clG1yg_Cjsk,Francesca Maini joins North!,2024-02-19 08:00:17+00:00,69894,94,3,Unknown,2025-12-01
Kitesurfing,UCgT85WKdk50rE8ei3-gAEqA,Progression Kiteboarding,BeF6Y6J7mTY,KGB - Kitesurfing Trick Progression,2011-07-08 16:48:31+00:00,66896,96,1,Unknown,2025-11-30
Kitesurfing,UCgT85WKdk50rE8ei3-gAEqA,Progression Kiteboarding,OAXEfdVEI_8,Blind Judge - Kitesurfing Top Tips with Aaron Hadlow,2009-06-12 09:15:28+00:00,65439,49,1,Unknown,2025-11-30
Kitesurfing,UCgT85WKdk50rE8ei3-gAEqA,Progression Kiteboarding,_oKG3cSHFkc,Hooked F16 with an Nose Grab - Kitesurfing Trick Definition,2010-10-22 22:04:13+00:00,63801,90,8,Unknown,2025-11-30
Kitesurfing,UCgT85WKdk50rE8ei3-gAEqA,Progression Kiteboarding,VgiB86v0--s,5 Tip for Learning to Waterstart Strapless on a Kite Foil,2019-01-20 05:50:20+00:00,62695,450,32,Unknown,2025-11-30
Kitesurfing,UCIy1clT6nZ6zZRuU-zEEbRw,North Kiteboarding,hoGxNrRvPYo,Nick Jacobsen - In Qatar,2022-09-12 01:58:55+00:00,54884,807,66,Unknown,2025-12-01
Kitesurfing,UCgT85WKdk50rE8ei3-gAEqA,Progression Kiteboarding,QsCw11JMoWw,Danglepass - Kitesurfing Top Tips,2009-04-20 10:03:36+00:00,54237,59,4,Unknown,2025-11-30
Kitesurfing,UCgT85WKdk50rE8ei3-gAEqA,Progression Kiteboarding,kJePDZkyZxU,Strapless Surfboard Foot Positions: Kitesurfing How-to Videos by Progression,2017-10-04 19:03:54+00:00,54188,311,2,Unknown,2025-11-30
Kitesurfing,UCIy1clT6nZ6zZRuU-zEEbRw,North Kiteboarding,b5qVZy94GZs,North Kiteboarding 2020 - We are North,2019-08-08 09:00:07+00:00,53979,641,45,Unknown,2025-12-01
Kitesurfing,UCgT85WKdk50rE8ei3-gAEqA,Progression Kiteboarding,cwg1I3PKQkA,Progression Kite Landboarding Beginner DVD Teaser,2008-11-05 22:33:13+00:00,53283,16,2,Unknown,2025-11-30
Kitesurfing,UCgT85WKdk50rE8ei3-gAEqA,Progression Kiteboarding,8zPSdNKf4_s,"3 Key Wingfoiling Tips - Stance, Carving Gybes and the Foot Change",2020-10-07 09:20:59+00:00,52191,1002,104,Unknown,2025-11-30
Kitesurfing,UCgT85WKdk50rE8ei3-gAEqA,Progression Kiteboarding,MU6Lucbs_eM,Better Foot Changes - 4 Drills for Beginner to Advanced Kitefoilers,2021-04-29 16:13:28+00:00,50899,960,52,Unknown,2025-11-30
Kitesurfing,UCgT85WKdk50rE8ei3-gAEqA,Progression Kiteboarding,ExvqWV_s0uk,911 / Shifty Raley - Kitesurfing Trick Definition,2009-10-07 11:42:13+00:00,49947,42,4,Unknown,2025-11-30
Kitesurfing,UCgT85WKdk50rE8ei3-gAEqA,Progression Kiteboarding,64QVsIgV81E,Unhooked Kiteloop - Kitesurfing Trick Definitions,2009-02-19 20:46:34+00:00,49902,19,2,Unknown,2025-11-30
Kitesurfing,UCgT85WKdk50rE8ei3-gAEqA,Progression Kiteboarding,bzL2LiSKHCg,Progression Kiteboarding Beginner DVD Trailer,2009-05-29 19:21:19+00:00,48399,39,0,Unknown,2025-11-30
Kitesurfing,UCgT85WKdk50rE8ei3-gAEqA,Progression Kiteboarding,jXERnPqe0Uw,Body Dragging Upwind - Kitesurfing Technique Definition,2009-10-06 10:05:37+00:00,47949,18,4,Unknown,2025-11-30
Kitesurfing,UCgT85WKdk50rE8ei3-gAEqA,Progression Kiteboarding,WSwLJ2KDIQw,Front Roll with a Tail Grab - Kitesurfing Trick Definition,2010-10-22 21:45:45+00:00,47888,36,3,Unknown,2025-11-30
Kitesurfing,UCgT85WKdk50rE8ei3-gAEqA,Progression Kiteboarding,d8WAIJBYRkU,Stance - Mobile TopTips - Progression Kiteboarding Beginner,2009-04-27 18:21:58+00:00,47083,52,0,Unknown,2025-11-30
Kitesurfing,UCgT85WKdk50rE8ei3-gAEqA,Progression Kiteboarding,9-xdTQL863M,Back Mobe - Kiteboarding Trick Definition with Aaron Hadlow,2009-02-27 09:37:06+00:00,46557,32,5,Unknown,2025-11-30
Kitesurfing,UCgT85WKdk50rE8ei3-gAEqA,Progression Kiteboarding,0TQquwGYooY,Jumping - Kitesurfing Technique Tips,2013-04-16 00:07:23+00:00,46278,48,4,Unknown,2025-11-30
Kitesurfing,UCgT85WKdk50rE8ei3-gAEqA,Progression Kiteboarding,nvFKgE3XkJM,Popping - Kitesurfing Trick Definition,2009-03-12 20:58:16+00:00,45476,20,1,Unknown,2025-11-30
Kitesurfing,UCIy1clT6nZ6zZRuU-zEEbRw,North Kiteboarding,9iMMtrI32m4,Locked Down in Cape Town with Nick Jacobsen,2021-09-12 06:21:30+00:00,44550,797,38,Unknown,2025-12-01
Kitesurfing,UCgT85WKdk50rE8ei3-gAEqA,Progression Kiteboarding,ktJKiQJxa8A,Learn to kitesurf with Progression Kiteboarding Beginner 2nd Edition DVD,2009-08-24 14:53:33+00:00,44217,21,6,Unknown,2025-11-30
Kitesurfing,UCgT85WKdk50rE8ei3-gAEqA,Progression Kiteboarding,zOlU-QsH5zE,S Bend To Blind - Trick Definition with Aaron Hadlow,2009-03-12 14:36:08+00:00,42749,21,1,Unknown,2025-11-30
Kitesurfing,UCgT85WKdk50rE8ei3-gAEqA,Progression Kiteboarding,2ahVvJiq1wI,Unhooked Back Roll Landing Toeside with a Surface Pass - Kitesurfing Trick Definition,2010-10-22 22:16:05+00:00,41250,66,1,Unknown,2025-11-30
Kitesurfing,UCgT85WKdk50rE8ei3-gAEqA,Progression Kiteboarding,iiefb2I53kg,Progression Interviews Aaron Hadlow - How the cable can help your kiteboarding,2011-04-13 12:42:23+00:00,41011,66,5,Unknown,2025-11-30
Kitesurfing,UCIy1clT6nZ6zZRuU-zEEbRw,North Kiteboarding,3zeEQS3augU,BIG JUMP | Nick Jacobsen | Bjarke Ingels Group | North Kiteboarding,2023-12-14 08:00:05+00:00,39973,1162,60,Unknown,2025-12-01
Kitesurfing,UCgT85WKdk50rE8ei3-gAEqA,Progression Kiteboarding,f7RYxo8bjyw,Self Rescue - Kitesurfing How-to,2017-04-26 17:47:30+00:00,39598,142,9,Unknown,2025-11-30
Kitesurfing,UCIy1clT6nZ6zZRuU-zEEbRw,North Kiteboarding,t4tcDrWbBXs,Orbit 2026 I North Kiteboarding,2025-08-24 17:34:15+00:00,39507,86,6,Unknown,2025-12-01
Kitesurfing,UCgT85WKdk50rE8ei3-gAEqA,Progression Kiteboarding,Ciy3Xvuh9xs,Upwind tack on a Skimboard - Kitesurfing Trick Terminology - Progression,2009-10-22 08:24:01+00:00,39100,38,6,Unknown,2025-11-30
Kitesurfing,UCgT85WKdk50rE8ei3-gAEqA,Progression Kiteboarding,RkKmQ2mDLhg,Front Roll Transition from Toeside with a Nose Grab - Kitesurfing Trick Definition,2010-10-22 18:09:26+00:00,38600,62,7,Unknown,2025-11-30
Kitesurfing,UCIy1clT6nZ6zZRuU-zEEbRw,North Kiteboarding,i8ZoSdG47LQ,Bruna Kajiya's Spot Check Two | Best Kiteboarding Sports in Brazil,2022-05-05 18:46:26+00:00,38573,642,33,Unknown,2025-12-01
Kitesurfing,UCIy1clT6nZ6zZRuU-zEEbRw,North Kiteboarding,6Uz5OC__zuU,Orbit 2025 | North kiteboarding,2024-08-11 15:00:09+00:00,38436,220,12,Unknown,2025-12-01
Kitesurfing,UCgT85WKdk50rE8ei3-gAEqA,Progression Kiteboarding,6ywUpdCbM4o,Toe to Heel Tack - One Tip That Changes Everything - Learning the Kitefoiling Tack Series,2021-02-19 15:48:05+00:00,37878,636,61,Unknown,2025-11-30
Kitesurfing,UCgT85WKdk50rE8ei3-gAEqA,Progression Kiteboarding,87qJSa_zYjY,Toeside Back Flip Landing Toeside - Kitesurfing Trick Definition,2011-07-06 13:52:14+00:00,37681,57,5,Unknown,2025-11-30
Kitesurfing,UCIy1clT6nZ6zZRuU-zEEbRw,North Kiteboarding,-gLO3kLFOiY,One North | North Kiteboarding,2023-07-24 07:00:00+00:00,37654,209,23,Unknown,2025-12-01
Kitesurfing,UCgT85WKdk50rE8ei3-gAEqA,Progression Kiteboarding,Zv0XbRUzDiY,Progression Player App for Kitesurfing & Kiteboarding - Walkthrough,2011-09-16 12:03:52+00:00,37194,17,12,Unknown,2025-11-30
Kitesurfing,UCgT85WKdk50rE8ei3-gAEqA,Progression Kiteboarding,rOfjcBI8WG0,Learn to kitesurf DVD - Deutsch - Progression Kiteboarding Beginner,2010-06-28 22:09:14+00:00,36652,41,1,Unknown,2025-11-30
Kitesurfing,UCgT85WKdk50rE8ei3-gAEqA,Progression Kiteboarding,2y3wiHqeol4,Kiteboarding Rights of Way,2015-04-03 16:25:46+00:00,36485,135,4,Unknown,2025-11-30
Kitesurfing,UCgT85WKdk50rE8ei3-gAEqA,Progression Kiteboarding,fj-Wz9aafW0,Kitefoiling 360 - The Essential Kite and Bar Techniques,2020-08-21 11:51:53+00:00,35970,465,55,Unknown,2025-11-30
Kitesurfing,UCgT85WKdk50rE8ei3-gAEqA,Progression Kiteboarding,EPP2Aj_Q8W8,Unhooked Downloop - Kitesurfing Trick Definition,2009-02-26 20:15:05+00:00,35748,28,0,Unknown,2025-11-30
Kitesurfing,UCgT85WKdk50rE8ei3-gAEqA,Progression Kiteboarding,u-d7MxkWedg,Body Dragging - Kitesurfing Terminology - Progression,2009-10-06 10:12:48+00:00,35565,9,0,Unknown,2025-11-30
Kitesurfing,UCIy1clT6nZ6zZRuU-zEEbRw,North Kiteboarding,uH1SsY7hhKM,Chasing The Crown - Last Man Standing I North Kiteboarding,2025-11-21 16:48:30+00:00,34917,122,4,Unknown,2025-12-01
Kitesurfing,UCgT85WKdk50rE8ei3-gAEqA,Progression Kiteboarding,d7wjZsmG_H4,Back Roll With An Indie Grab - Kitesurfing Trick Definition,2010-10-22 17:58:43+00:00,34249,21,4,Unknown,2025-11-30
Kitesurfing,UCIy1clT6nZ6zZRuU-zEEbRw,North Kiteboarding,_o585hcw1cs,Josue San Ferreira Joins North Pro Team!,2024-03-14 08:00:16+00:00,34143,142,8,Unknown,2025-12-01
Kitesurfing,UCIy1clT6nZ6zZRuU-zEEbRw,North Kiteboarding,dMILGPiOLNI,North Team Patagonia Adventures | Going Nowhere | North Kiteboarding,2024-01-26 18:37:26+00:00,33860,731,20,Unknown,2025-12-01
Kitesurfing,UCgT85WKdk50rE8ei3-gAEqA,Progression Kiteboarding,Wuv5bWXHtsE,Front Loop Transition - Kitesurfing Trick Definition,2009-03-12 20:24:01+00:00,33843,18,0,Unknown,2025-11-30
Kitesurfing,UCgT85WKdk50rE8ei3-gAEqA,Progression Kiteboarding,MXWtpyfMang,Popping (hooked-in) - Kitesurfing Trick Definition,2010-11-18 16:48:53+00:00,33540,17,0,Unknown,2025-11-30
Kitesurfing,UCgT85WKdk50rE8ei3-gAEqA,Progression Kiteboarding,Rw2rJCiQNjg,Carving Turns Trailer - Progression Kitesurfing Instructional Videos,2015-12-23 04:44:04+00:00,33377,57,1,Unknown,2025-11-30
Kitesurfing,UCgT85WKdk50rE8ei3-gAEqA,Progression Kiteboarding,peK3QsBlAq0,The Crow Mobe - Kitesurfing Trick Definition,2011-05-01 07:43:14+00:00,33150,41,4,Unknown,2025-11-30
Kitesurfing,UCgT85WKdk50rE8ei3-gAEqA,Progression Kiteboarding,FaM9AkLQQQQ,KGB - Aaron Hadlow - Kiteboarding Professional,2009-03-12 19:32:00+00:00,32714,26,1,Unknown,2025-11-30
Kitesurfing,UCgT85WKdk50rE8ei3-gAEqA,Progression Kiteboarding,uhwMlwFqSE8,Riding Toeside - Kitesurfing Technique & Tips,2013-04-17 04:52:25+00:00,32637,82,0,Unknown,2025-11-30
Kitesurfing,UCgT85WKdk50rE8ei3-gAEqA,Progression Kiteboarding,u8Sat6mx-dg,Raley to Blind with a Pop Out - Kitesurfing Trick Definition,2009-10-22 08:42:26+00:00,32627,25,1,Unknown,2025-11-30
Kitesurfing,UCgT85WKdk50rE8ei3-gAEqA,Progression Kiteboarding,EysBdCg2Siw,Front Mobe - Kitesurfing Trick Definition,2008-12-18 10:37:46+00:00,32613,18,2,Unknown,2025-11-30
Kitesurfing,UCIy1clT6nZ6zZRuU-zEEbRw,North Kiteboarding,oIcVv8RKPSs,This is Kitefoil 2024 | North Kiteboarding,2023-09-12 08:00:23+00:00,32576,140,9,Unknown,2025-12-01
Kitesurfing,UCgT85WKdk50rE8ei3-gAEqA,Progression Kiteboarding,OZ2zkd0QKaA,Kitefoiling Tacks - Heel to Toe - It's All In The Hips,2021-03-24 13:03:16+00:00,32539,459,31,Unknown,2025-11-30
Kitesurfing,UCgT85WKdk50rE8ei3-gAEqA,Progression Kiteboarding,WbLN6CCPxiw,Transitions: Sliding Turns - Understand the Kite Movement - Kiteboarding Technique & Tips,2016-07-06 17:23:46+00:00,32071,197,4,Unknown,2025-11-30
Kitesurfing,UCgT85WKdk50rE8ei3-gAEqA,Progression Kiteboarding,Mqix1cegfwU,Trick Progression - Board Off,2011-07-08 16:39:10+00:00,31846,77,3,Unknown,2025-11-30
Kitesurfing,UCIy1clT6nZ6zZRuU-zEEbRw,North Kiteboarding,izFU7NbARUg,Isolé with Camille Delannoy,2020-12-02 20:17:06+00:00,31836,602,17,Unknown,2025-12-01
Kitesurfing,UCgT85WKdk50rE8ei3-gAEqA,Progression Kiteboarding,SAbzD256fFs,Blind Judge 3 - Kitesurfing Trick Definition,2009-01-19 13:16:48+00:00,31317,20,5,Unknown,2025-11-30
Kitesurfing,UCgT85WKdk50rE8ei3-gAEqA,Progression Kiteboarding,uag9OumLkMw,Back Roll Transition with a Mute Grab - Kitesurfing Trick Definition,2009-10-22 08:56:53+00:00,31093,19,2,Unknown,2025-11-30
Kitesurfing,UCIy1clT6nZ6zZRuU-zEEbRw,North Kiteboarding,Jq83KWmZBjo,North Orbit 2021 - Big Air | Freeride Kite,2020-09-02 05:31:02+00:00,30576,280,16,Unknown,2025-12-01
Kitesurfing,UCgT85WKdk50rE8ei3-gAEqA,Progression Kiteboarding,OcriB9nt-yg,"After the Waterstart, Kite Movement for Your First Runs - Kiteboarding Technique & Tips",2016-07-28 21:39:57+00:00,29943,116,5,Unknown,2025-11-30
Kitesurfing,UCIy1clT6nZ6zZRuU-zEEbRw,North Kiteboarding,TOCgx89JqWU,Atmos Ultra I North Kiteboarding,2025-09-25 16:40:03+00:00,27610,48,0,Unknown,2025-12-01
Kitesurfing,UCIy1clT6nZ6zZRuU-zEEbRw,North Kiteboarding,7XPxPXbE2-4,This is Surf 2026 I North Kiteboarding,2025-11-05 15:59:49+00:00,27214,44,4,Unknown,2025-12-01
Kitesurfing,UCIy1clT6nZ6zZRuU-zEEbRw,North Kiteboarding,HRrTbTnDcKk,This is Big Air 2023. It Calls.,2022-09-13 09:09:02+00:00,26689,237,19,Unknown,2025-12-01
Kitesurfing,UCIy1clT6nZ6zZRuU-zEEbRw,North Kiteboarding,syVh94MjDlg,Never Plateau | Jesse Richman's Recovery 2021,2021-09-09 20:46:20+00:00,26395,635,29,Unknown,2025-12-01
Kitesurfing,UCIy1clT6nZ6zZRuU-zEEbRw,North Kiteboarding,CgeSdH744bQ,Reach 2025 | North Kiteboarding,2025-03-03 15:59:54+00:00,25841,59,3,Unknown,2025-12-01
Kitesurfing,UCIy1clT6nZ6zZRuU-zEEbRw,North Kiteboarding,QUk5EKGhNBc,Never done shredding #ItCalls @jacobsen_kites,2022-10-25 12:00:14+00:00,25604,492,4,Unknown,2025-12-01
Kitesurfing,UCIy1clT6nZ6zZRuU-zEEbRw,North Kiteboarding,_GeGIgGYsEM,Urban Kiteboarding with Nick Jacobsen Episode #2,2022-08-01 22:02:02+00:00,24177,573,18,Unknown,2025-12-01
Kitesurfing,UCIy1clT6nZ6zZRuU-zEEbRw,North Kiteboarding,CX6e0MyFRpI,This is Big Air 2025 | North kiteboarding,2024-07-30 15:00:10+00:00,23066,142,15,Unknown,2025-12-01
Kitesurfing,UCIy1clT6nZ6zZRuU-zEEbRw,North Kiteboarding,3OSKfvjvmt8,North Reach 2022,2022-03-15 17:41:53+00:00,22595,142,4,Unknown,2025-12-01
Kitesurfing,UCIy1clT6nZ6zZRuU-zEEbRw,North Kiteboarding,VbLm8XJHk5A,Bruna Kajiya's Spot Check One | Best Kiteboarding Spots in Brazil,2021-07-20 06:00:14+00:00,20707,325,14,Unknown,2025-12-01
Kitesurfing,UCIy1clT6nZ6zZRuU-zEEbRw,North Kiteboarding,pHTkjaA3sug,North Kiteboarding 2020 - Kite Collection,2019-08-08 09:00:06+00:00,20629,130,16,Unknown,2025-12-01
Kitesurfing,UCIy1clT6nZ6zZRuU-zEEbRw,North Kiteboarding,LAK9Oyc6Xs0,This is Freeride 2025 | North Kiteboarding,2025-03-03 15:59:50+00:00,20226,143,10,Unknown,2025-12-01
Kitesurfing,UCIy1clT6nZ6zZRuU-zEEbRw,North Kiteboarding,kufbsR8Wr4Q,Maui Big Air with Jesse Richman and Cohan van Dijk | North Kiteboarding,2023-10-05 07:00:25+00:00,19953,300,20,Unknown,2025-12-01
Kitesurfing,UCIy1clT6nZ6zZRuU-zEEbRw,North Kiteboarding,5hYakq7hWAo,"The Point of No Return | Big Air Cape Point behind the scenes | Cohan, Jett, Luca  & Graham | North",2023-08-18 07:06:06+00:00,19842,243,19,Unknown,2025-12-01
Kitesurfing,UCIy1clT6nZ6zZRuU-zEEbRw,North Kiteboarding,x7di56hKgmU,Red Bull King Of The Air Documentary 2021,2022-11-15 00:50:15+00:00,19336,258,15,Unknown,2025-12-01
Kitesurfing,UCIy1clT6nZ6zZRuU-zEEbRw,North Kiteboarding,DwyMI12rArE,Pushing the boundaries. Literally. #ItCalls,2022-07-17 19:00:08+00:00,18896,724,2,Unknown,2025-12-01
Kitesurfing,UCIy1clT6nZ6zZRuU-zEEbRw,North Kiteboarding,bFpo_xxON8k,Relentless Synergy I North Kiteboarding,2025-04-16 13:00:12+00:00,18681,144,19,Unknown,2025-12-01
Kitesurfing,UCIy1clT6nZ6zZRuU-zEEbRw,North Kiteboarding,OdVRjd2a9GE,Matteo Dorotini joins the North International team,2025-06-04 13:57:05+00:00,18136,72,6,Unknown,2025-12-01
Kitesurfing,UCIy1clT6nZ6zZRuU-zEEbRw,North Kiteboarding,lbjoBz8RiDg,Orbit 2020,2019-08-08 09:00:07+00:00,17840,109,6,Unknown,2025-12-01
Kitesurfing,UCIy1clT6nZ6zZRuU-zEEbRw,North Kiteboarding,QXktdtsC5so,Designer Notes | Navigator Control System with Hugh Pinfold,2019-10-30 05:07:16+00:00,16824,180,27,Unknown,2025-12-01
Kitesurfing,UCIy1clT6nZ6zZRuU-zEEbRw,North Kiteboarding,RklkxgfeQuo,RED BULL KING OF THE AIR 2024 | Event Recap,2024-12-12 15:33:01+00:00,16720,85,10,Unknown,2025-12-01
Kitesurfing,UCIy1clT6nZ6zZRuU-zEEbRw,North Kiteboarding,zPeFh-W38UM,North Orbit 2023,2022-09-13 09:09:12+00:00,16698,114,11,Unknown,2025-12-01
Kitesurfing,UCIy1clT6nZ6zZRuU-zEEbRw,North Kiteboarding,us7_LgOe46Y,Designer Notes Navigator Pro with Hugh Pinfold | North Kiteboarding,2024-03-07 20:00:17+00:00,16409,175,47,Unknown,2025-12-01
Kitesurfing,UCIy1clT6nZ6zZRuU-zEEbRw,North Kiteboarding,aeuHhpKzG1c,Navigator Pro Control System | North Kiteboarding,2024-03-07 20:00:00+00:00,16241,101,14,Unknown,2025-12-01
Kitesurfing,UCIy1clT6nZ6zZRuU-zEEbRw,North Kiteboarding,6RhEg72WriE,Carve 2026 I North Kiteboarding,2025-11-06 15:46:05+00:00,16052,13,1,Unknown,2025-12-01
Kitesurfing,UCIy1clT6nZ6zZRuU-zEEbRw,North Kiteboarding,kFvuvTIA59M,Luca showing up with all the steeze 🤘 #ItCalls @luca_ceruti_,2023-05-08 13:00:29+00:00,15719,583,4,Unknown,2025-12-01
Kitesurfing,UCIy1clT6nZ6zZRuU-zEEbRw,North Kiteboarding,6XnjNco47DI,Surf | Behind the scenes in the Philippines | North,2023-12-21 06:34:35+00:00,15076,101,5,Unknown,2025-12-01
Kitesurfing,UCIy1clT6nZ6zZRuU-zEEbRw,North Kiteboarding,C4McuNl4B74,Freeride | Behind the scenes in the Philippines | North,2023-12-16 08:00:04+00:00,14567,220,10,Unknown,2025-12-01
Kitesurfing,UCIy1clT6nZ6zZRuU-zEEbRw,North Kiteboarding,f4oHlhBhFxc,It Calls.,2020-09-02 06:00:08+00:00,13961,153,10,Unknown,2025-12-01
Kitesurfing,UCIy1clT6nZ6zZRuU-zEEbRw,North Kiteboarding,V86tldD5R8U,Nick Jacobsen becomes 'a warrior at King of the Air' 2020,2020-05-07 07:30:02+00:00,13777,179,4,Unknown,2025-12-01
Kitesurfing,UCIy1clT6nZ6zZRuU-zEEbRw,North Kiteboarding,5KuvEdaec9s,This is Freestyle 2025 | North Kiteboarding,2025-04-24 13:57:37+00:00,13509,59,4,Unknown,2025-12-01
Kitesurfing,UCIy1clT6nZ6zZRuU-zEEbRw,North Kiteboarding,CuXGeEguyak,North Navigator Control System 2021,2020-09-01 17:15:01+00:00,13381,112,5,Unknown,2025-12-01
Kitesurfing,UCIy1clT6nZ6zZRuU-zEEbRw,North Kiteboarding,4XM5fOemGA8,North Navigator,2021-09-15 03:18:48+00:00,13297,83,18,Unknown,2025-12-01
Kitesurfing,UCIy1clT6nZ6zZRuU-zEEbRw,North Kiteboarding,OzVLfOanxW8,Karlie Thoma joins North!,2022-01-11 17:52:12+00:00,13111,178,19,Unknown,2025-12-01
Kitesurfing,UCIy1clT6nZ6zZRuU-zEEbRw,North Kiteboarding,n_B1BWXUM1A,Designer Notes Reach Kite 2024 with Pepijn Smit | North Kiteboarding,2023-08-02 07:00:22+00:00,12902,70,2,Unknown,2025-12-01
Kitesurfing,UCIy1clT6nZ6zZRuU-zEEbRw,North Kiteboarding,HfiO01G0hqY,Navigator 2020,2019-08-08 09:00:01+00:00,12892,71,3,Unknown,2025-12-01
Kitesurfing,UCIy1clT6nZ6zZRuU-zEEbRw,North Kiteboarding,OEpFBgHfcgM,Return to Sender. Namibia 2022,2022-12-05 08:00:10+00:00,12705,252,28,Unknown,2025-12-01
Kitesurfing,UCIy1clT6nZ6zZRuU-zEEbRw,North Kiteboarding,CDr-BrSViDA,North Reach 2021 - Performance Freeride Kite,2021-03-26 05:00:01+00:00,12702,74,3,Unknown,2025-12-01
Kitesurfing,UCIy1clT6nZ6zZRuU-zEEbRw,North Kiteboarding,mAFei_OC5A4,This is Freeride 2024 | North Kiteboarding,2023-08-01 07:00:31+00:00,12331,100,13,Unknown,2025-12-01
Kitesurfing,UCIy1clT6nZ6zZRuU-zEEbRw,North Kiteboarding,nKhZgMi2orc,Foils | Behind the scenes in the Philippines | North,2023-12-21 06:09:54+00:00,12274,109,3,Unknown,2025-12-01
Kitesurfing,UCIy1clT6nZ6zZRuU-zEEbRw,North Kiteboarding,rLoeUDIWsXQ,Maui Missions with Jesse Richman | Episode One,2021-11-26 17:50:22+00:00,12242,387,45,Unknown,2025-12-01
Kitesurfing,UCIy1clT6nZ6zZRuU-zEEbRw,North Kiteboarding,9gPKoAtCu44,This is Surf 2023. It Calls.,2022-08-24 09:06:54+00:00,12230,108,8,Unknown,2025-12-01
Kitesurfing,UCIy1clT6nZ6zZRuU-zEEbRw,North Kiteboarding,qYyXOvPmOIw,Here’s to Jesse Richman | North,2023-12-21 20:00:32+00:00,12204,194,8,Unknown,2025-12-01
Kitesurfing,UCIy1clT6nZ6zZRuU-zEEbRw,North Kiteboarding,amfFhZC0XaA,Nathalie Lambrecht joins North!,2024-01-16 08:00:03+00:00,11937,146,16,Unknown,2025-12-01
Kitesurfing,UCIy1clT6nZ6zZRuU-zEEbRw,North Kiteboarding,0ixv3YNTrxA,"10,000 hours with Tom Bridge | North Kiteboarding",2023-09-26 06:30:00+00:00,11918,102,5,Unknown,2025-12-01
Kitesurfing,UCIy1clT6nZ6zZRuU-zEEbRw,North Kiteboarding,X65q86-KIdg,Designer Notes | Orbit 2023,2022-09-13 09:08:52+00:00,11906,123,15,Unknown,2025-12-01
Kitesurfing,UCIy1clT6nZ6zZRuU-zEEbRw,North Kiteboarding,kldFxd3OniA,Jesse Richman Kitesurfing Big Waves at Ho‘okipa,2021-03-16 06:00:15+00:00,11743,106,5,Unknown,2025-12-01
Kitesurfing,UCIy1clT6nZ6zZRuU-zEEbRw,North Kiteboarding,_vVVEM6GNwQ,North Carve 2021 - Surf | Strapless Freestyle Kite,2020-09-02 05:30:02+00:00,11701,53,2,Unknown,2025-12-01
Kitesurfing,UCIy1clT6nZ6zZRuU-zEEbRw,North Kiteboarding,8JnCKlmxr4Q,Maui Missions with Jesse Richman | Episode Four,2022-04-05 18:31:08+00:00,11672,251,33,Unknown,2025-12-01
Kitesurfing,UCIy1clT6nZ6zZRuU-zEEbRw,North Kiteboarding,TYG8eqhJoRY,Navigator Pre-2024 | Depower Main Line Replacement,2021-09-27 23:26:39+00:00,11519,63,15,Unknown,2025-12-01
Kitesurfing,UCIy1clT6nZ6zZRuU-zEEbRw,North Kiteboarding,gUGLGjBnPmQ,Designer Notes Bindings Collection with Hugh Pinfold | North Kiteboarding,2023-08-04 07:00:30+00:00,11512,61,2,Unknown,2025-12-01
Kitesurfing,UCIy1clT6nZ6zZRuU-zEEbRw,North Kiteboarding,5-GK9kXOsd4,North Sonar Foil System with Jesse Richman 2020,2020-03-29 18:00:00+00:00,11135,85,4,Unknown,2025-12-01
Kitesurfing,UCIy1clT6nZ6zZRuU-zEEbRw,North Kiteboarding,dJpLPG6vbPE,Marc Jacobs King of the Air 2020 Highlights,2020-02-16 17:34:41+00:00,11029,93,7,Unknown,2025-12-01
Kitesurfing,UCIy1clT6nZ6zZRuU-zEEbRw,North Kiteboarding,js9UzDugteo,Has the tide changed? Red Bull King of the Air 2022 #ItCalls,2022-11-22 11:00:35+00:00,10957,276,3,Unknown,2025-12-01
Kitesurfing,UCIy1clT6nZ6zZRuU-zEEbRw,North Kiteboarding,pSvdP-t6iws,New Orbit Pro | North Kiteboarding,2023-11-07 07:00:29+00:00,10584,69,6,Unknown,2025-12-01
Kitesurfing,UCIy1clT6nZ6zZRuU-zEEbRw,North Kiteboarding,B_-ufmSvysY,Reach Kite 2024 | North Kiteboarding,2023-08-01 07:00:08+00:00,10569,57,2,Unknown,2025-12-01
Kitesurfing,UCIy1clT6nZ6zZRuU-zEEbRw,North Kiteboarding,qL4JMPZE-gY,This is Big Air 2022. It Calls.,2021-09-15 03:18:34+00:00,10442,107,6,Unknown,2025-12-01
Kitesurfing,UCIy1clT6nZ6zZRuU-zEEbRw,North Kiteboarding,9kMiG-GHn3k,Oswald Smith 'Ozzie' Joins North!,2024-03-26 08:00:05+00:00,10406,75,9,Unknown,2025-12-01
Kitesurfing,UCIy1clT6nZ6zZRuU-zEEbRw,North Kiteboarding,csPfAV0A2sQ,Orbit Tuning Guide with Marc Jacobs | Designer Notes 2023,2022-09-13 09:09:08+00:00,10400,125,10,Unknown,2025-12-01
Kitesurfing,UCIy1clT6nZ6zZRuU-zEEbRw,North Kiteboarding,FqKPckhnNck,Designer Notes New Orbit Pro with Pepijn Smit | North Kiteboarding,2023-11-07 07:00:04+00:00,10319,83,6,Unknown,2025-12-01
Kitesurfing,UCIy1clT6nZ6zZRuU-zEEbRw,North Kiteboarding,gk8W7TDcssE,Behind the Scenes : Cape Town Big Air Shoot 2023,2022-09-26 18:00:11+00:00,10282,185,10,Unknown,2025-12-01
Kitesurfing,UCIy1clT6nZ6zZRuU-zEEbRw,North Kiteboarding,pZoACr5WVkw,North Seek 2021 #RunFlyBe,2021-03-03 05:45:01+00:00,10194,37,2,Unknown,2025-12-01
Kitesurfing,UCIy1clT6nZ6zZRuU-zEEbRw,North Kiteboarding,bqyruXfgze0,Jesse Richman kitesurfing JAWS 2019,2019-11-05 21:31:12+00:00,10162,95,3,Unknown,2025-12-01
Kitesurfing,UCIy1clT6nZ6zZRuU-zEEbRw,North Kiteboarding,7wvckMyWEIA,Maui Missions with Jesse Richman | Episode Three | Jaws,2022-03-01 18:06:09+00:00,9827,283,42,Unknown,2025-12-01
Kitesurfing,UCIy1clT6nZ6zZRuU-zEEbRw,North Kiteboarding,IcXMtqYa2VM,Maui Missions with Jesse Richman | Episode Two,2021-12-29 16:46:54+00:00,9704,174,12,Unknown,2025-12-01
Kitesurfing,UCIy1clT6nZ6zZRuU-zEEbRw,North Kiteboarding,Jjs4KQVz1i4,North Installation Guides | Leading Edge Bladder Replacement,2019-10-30 05:01:50+00:00,9399,43,2,Unknown,2025-12-01
Kitesurfing,UCIy1clT6nZ6zZRuU-zEEbRw,North Kiteboarding,vFKGGbIfiZQ,Carve 2020,2019-08-08 09:00:07+00:00,9261,27,4,Unknown,2025-12-01
Kitesurfing,UCIy1clT6nZ6zZRuU-zEEbRw,North Kiteboarding,jjW7fapaNRQ,Style and Steeze 🤙 #ItCalls @JakeKelsick,2022-09-04 12:00:31+00:00,9260,153,6,Unknown,2025-12-01
Kitesurfing,UCIy1clT6nZ6zZRuU-zEEbRw,North Kiteboarding,1d5ylwQcY5c,Pulse 2025 | North Kiteboarding,2025-04-24 13:57:41+00:00,9144,45,8,Unknown,2025-12-01
Kitesurfing,UCIy1clT6nZ6zZRuU-zEEbRw,North Kiteboarding,Sz_XF3Ye07A,Tom Bridge brought the steez to the shores of France. 🤯 #ItCalls,2022-07-16 18:00:08+00:00,9126,423,12,Unknown,2025-12-01
Kitesurfing,UCIy1clT6nZ6zZRuU-zEEbRw,North Kiteboarding,PEKuVQbhTRk,Strength and determination 💪 #ItCalls @Jesse.Richman,2022-10-26 14:00:11+00:00,9077,138,0,Unknown,2025-12-01
Kitesurfing,UCIy1clT6nZ6zZRuU-zEEbRw,North Kiteboarding,xZE9i46tk7o,The feeling we all chase. #ItCalls @cohanvandijk3676,2023-02-16 11:00:40+00:00,9005,415,0,Unknown,2025-12-01
Kitesurfing,UCIy1clT6nZ6zZRuU-zEEbRw,North Kiteboarding,K3Rmwk1EvP0,Designer Notes TwinTip Collection | North Kiteboarding,2023-08-08 05:29:07+00:00,8987,44,5,Unknown,2025-12-01
Kitesurfing,UCIy1clT6nZ6zZRuU-zEEbRw,North Kiteboarding,LYcCH2erU38,North Code Zero 2023,2022-08-10 08:48:05+00:00,8721,69,13,Unknown,2025-12-01
Kitesurfing,UCIy1clT6nZ6zZRuU-zEEbRw,North Kiteboarding,GWb7yWSUegE,Tom Bridge Joins North!,2019-11-27 07:45:02+00:00,8597,126,4,Unknown,2025-12-01
Kitesurfing,UCIy1clT6nZ6zZRuU-zEEbRw,North Kiteboarding,cczdPmbrWAs,North Next Gen | Jesse Richman & Marley Franco,2021-07-13 05:09:23+00:00,8502,120,5,Unknown,2025-12-01
Kitesurfing,UCIy1clT6nZ6zZRuU-zEEbRw,North Kiteboarding,-YAmfj2GlOY,North Carve 2022,2021-10-20 06:49:07+00:00,8392,65,9,Unknown,2025-12-01
Mountain Biking,UCu8YylsPiu9XfaQC74Hr_Gw,Seth's Bike Hacks,ru0Qv_lRoj0,Status Update on the Dolomite Fat Bike,2016-06-18 02:35:20+00:00,15340916,58489,1198,Unknown,2025-12-01
Mountain Biking,UCu8YylsPiu9XfaQC74Hr_Gw,Seth's Bike Hacks,8AwXIOJJQzI,10 Hacks for Mountain Biking and Beyond,2017-09-07 15:00:03+00:00,13403690,132471,2802,Unknown,2025-12-01
Mountain Biking,UCu8YylsPiu9XfaQC74Hr_Gw,Seth's Bike Hacks,RE19vL1ZVm0,10 Ridiculously Cheap Mountain Bike Upgrades,2016-12-08 00:29:21+00:00,10134751,152329,3461,Unknown,2025-12-01
Mountain Biking,UCu8YylsPiu9XfaQC74Hr_Gw,Seth's Bike Hacks,AB7pBrudFbg,This Rare Futuristic eBike is a Total Nightmare,2025-01-19 13:00:09+00:00,9468857,159282,13060,Unknown,2025-12-01
Mountain Biking,UCu8YylsPiu9XfaQC74Hr_Gw,Seth's Bike Hacks,bVxTfsA6OvM,"10 More Bike Hacks for MTB, BMX, and Road",2016-12-16 02:45:35+00:00,9114924,94780,1681,Unknown,2025-12-01
Mountain Biking,UCu8YylsPiu9XfaQC74Hr_Gw,Seth's Bike Hacks,f5gYuDgXWJY,Why is Whistler Bike Park such a big freaking deal?,2019-06-27 19:04:19+00:00,7551644,114802,3802,Unknown,2025-12-01
Mountain Biking,UCu8YylsPiu9XfaQC74Hr_Gw,Seth's Bike Hacks,TjAJ64DJgEI,The White Line trail is Sketchy and Deadly 💀,2019-03-07 15:44:47+00:00,7343801,114003,6057,Unknown,2025-12-01
Mountain Biking,UCu8YylsPiu9XfaQC74Hr_Gw,Seth's Bike Hacks,drBghc6GSWQ,10 Bike Hacks for Mountain Bikers and Beyond,2018-12-25 23:47:19+00:00,6654539,68620,2120,Unknown,2025-12-01
Mountain Biking,UCu8YylsPiu9XfaQC74Hr_Gw,Seth's Bike Hacks,lnEYVd03vhU,"Used Downhill Bike gets Fixed, Ridden, and Named",2019-06-07 16:00:16+00:00,6339790,86876,2453,Unknown,2025-12-01
Mountain Biking,UCu8YylsPiu9XfaQC74Hr_Gw,Seth's Bike Hacks,1jNOGxTNHhw,10 Hacks and tips for mountain bikers,2019-11-08 15:00:00+00:00,6075015,66507,1632,Unknown,2025-12-01
Mountain Biking,UCu8YylsPiu9XfaQC74Hr_Gw,Seth's Bike Hacks,1A6bKUCcDW0,$149 Mountain Bike vs mountain - The Walmart Enduro,2017-08-07 03:30:00+00:00,5731829,84578,7526,Unknown,2025-12-01
Mountain Biking,UCu8YylsPiu9XfaQC74Hr_Gw,Seth's Bike Hacks,0ufNmUyf2co,Bike Check - My freak bikes,2018-01-25 00:00:04+00:00,5572138,56825,2313,Unknown,2025-12-01
Mountain Biking,UCu8YylsPiu9XfaQC74Hr_Gw,Seth's Bike Hacks,n1-hqwaL4-I,10 MTB Tips & Hacks that will knock your socks off!,2019-04-10 17:00:06+00:00,5387819,91257,2347,Unknown,2025-12-01
Mountain Biking,UCu8YylsPiu9XfaQC74Hr_Gw,Seth's Bike Hacks,2S5xJ_csywk,10 Bike Hacks for MTB and Beyond,2017-04-24 22:29:59+00:00,5258893,55627,1823,Unknown,2025-12-01
Mountain Biking,UCu8YylsPiu9XfaQC74Hr_Gw,Seth's Bike Hacks,a0QXPoVzxmM,11 Super Cheap MTB Upgrades,2019-02-21 17:55:55+00:00,5225203,78637,2067,Unknown,2025-12-01
Mountain Biking,UCu8YylsPiu9XfaQC74Hr_Gw,Seth's Bike Hacks,K882pvG395w,What’s a good beginner bike? - Budget mountain bike,2017-12-21 23:56:21+00:00,5190287,82482,6981,Unknown,2025-12-01
Mountain Biking,UCu8YylsPiu9XfaQC74Hr_Gw,Seth's Bike Hacks,186QgaoUpYk,Building my Sync'r Carbon Hardtail from Parts,2018-06-20 14:00:00+00:00,4885247,64041,5178,Unknown,2025-12-01
Mountain Biking,UCu8YylsPiu9XfaQC74Hr_Gw,Seth's Bike Hacks,xGaHasB2xgs,"10 Bike Tips & Hacks for MTB, Road, and Beyond",2018-10-04 16:30:02+00:00,4835238,70139,1925,Unknown,2025-12-01
Mountain Biking,UCu8YylsPiu9XfaQC74Hr_Gw,Seth's Bike Hacks,jp0rXy8rjsg,10 Bike Products Ranging from Terrible to Great,2019-02-27 21:00:06+00:00,4754462,61511,2517,Unknown,2025-12-01
Mountain Biking,UCu8YylsPiu9XfaQC74Hr_Gw,Seth's Bike Hacks,UNn8Jq235Dg,Building a Camper Van for Alex to Live in,2018-04-13 14:52:10+00:00,4623996,67507,2317,Unknown,2025-12-01
Mountain Biking,UCu8YylsPiu9XfaQC74Hr_Gw,Seth's Bike Hacks,PIsHZOOVKmQ,Backyard MTB Drop with Steep Roll in! | Build & Ride,2018-06-07 18:00:01+00:00,4561249,40235,1889,Unknown,2025-12-01
Mountain Biking,UCu8YylsPiu9XfaQC74Hr_Gw,Seth's Bike Hacks,abtncpYOpKM,10 MTB Products I actually use,2019-05-08 16:58:14+00:00,4432484,60564,1292,Unknown,2025-12-01
Mountain Biking,UCu8YylsPiu9XfaQC74Hr_Gw,Seth's Bike Hacks,dHldx3Rg9_k,Fake customer wants INSANE upgrades on his $60 Bike,2022-07-20 19:00:14+00:00,4429566,85925,4138,Unknown,2025-12-01
Mountain Biking,UCu8YylsPiu9XfaQC74Hr_Gw,Seth's Bike Hacks,xrqtC964cHI,"10 Bike Hacks for MTB, BMX, and Beyond",2017-05-09 17:43:21+00:00,4393393,55409,1441,Unknown,2025-12-01
Mountain Biking,UCu8YylsPiu9XfaQC74Hr_Gw,Seth's Bike Hacks,PrtDD7VHe3g,10 Bike Hacks that will Blow Your Mind! 🚴🏼 Sorta,2017-03-18 02:30:01+00:00,4364146,49825,1904,Unknown,2025-12-01
Mountain Biking,UCu8YylsPiu9XfaQC74Hr_Gw,Seth's Bike Hacks,UD7LoacK_vg,"Back from Injury, Fat Bike ASMR, & Berm Creek",2019-02-06 16:01:13+00:00,4361956,54078,1935,Unknown,2025-12-01
Mountain Biking,UCu8YylsPiu9XfaQC74Hr_Gw,Seth's Bike Hacks,IY8r9Yz33H4,Flipping a $300 Facebook Hardtail - Flip Bike,2021-08-11 13:05:50+00:00,4193906,87667,3593,Unknown,2025-12-01
Mountain Biking,UCu8YylsPiu9XfaQC74Hr_Gw,Seth's Bike Hacks,SuHriPlFVy4,Old Budget Hardtail Gets Fixed Up and Sent Hard!,2020-08-21 13:00:16+00:00,4170569,84780,5290,Unknown,2025-12-01
Mountain Biking,UCu8YylsPiu9XfaQC74Hr_Gw,Seth's Bike Hacks,1EqiTzNbwiY,Here's to all the crashes we survived in 2019,2019-12-13 14:00:00+00:00,4130775,74420,3197,Unknown,2025-12-01
Mountain Biking,UCu8YylsPiu9XfaQC74Hr_Gw,Seth's Bike Hacks,pWX7bdKmVpY,10 Bike Hacks for MTB & Beyond,2016-09-11 22:00:01+00:00,4032397,59752,1010,Unknown,2025-12-01
Mountain Biking,UCu8YylsPiu9XfaQC74Hr_Gw,Seth's Bike Hacks,7Nm8NQjpgv8,Why Single-speed Mountain Bikes are Crazy Fun - Build & Ride,2017-12-29 14:08:50+00:00,3987597,58675,3391,Unknown,2025-12-01
Mountain Biking,UCu8YylsPiu9XfaQC74Hr_Gw,Seth's Bike Hacks,9wNSQb36meo,10 Bike 🚴Hacks for MTB & Beyond! 🛠,2019-01-23 12:32:05+00:00,3871531,57839,1866,Unknown,2025-12-01
Mountain Biking,UCu8YylsPiu9XfaQC74Hr_Gw,Seth's Bike Hacks,bp0nxWZftdI,Suspension fork settings - What they mean,2017-01-22 15:18:28+00:00,3814023,47830,1421,Unknown,2025-12-01
Mountain Biking,UCu8YylsPiu9XfaQC74Hr_Gw,Seth's Bike Hacks,JK6J8BTwTpk,5 MTB Tools that Live in your Bike,2018-03-09 04:32:06+00:00,3801500,56914,1380,Unknown,2025-12-01
Mountain Biking,UCu8YylsPiu9XfaQC74Hr_Gw,Seth's Bike Hacks,HmnbyIsXhmA,Epic First Ride on my Hardtail with Eric Porter,2018-06-28 13:00:27+00:00,3770742,48124,2355,Unknown,2025-12-01
Mountain Biking,UCu8YylsPiu9XfaQC74Hr_Gw,Seth's Bike Hacks,qVkaQhiiMP4,Behold! The Tallgoose Dolomite Tall Fat Bike,2016-09-16 16:00:04+00:00,3724713,26366,1059,Unknown,2025-12-01
Mountain Biking,UCu8YylsPiu9XfaQC74Hr_Gw,Seth's Bike Hacks,icneMN3G2-8,DIY Mountain Bike Wash Station,2018-05-17 18:00:02+00:00,3704653,40287,2068,Unknown,2025-12-01
Mountain Biking,UCu8YylsPiu9XfaQC74Hr_Gw,Seth's Bike Hacks,QIGp4HiZSGs,10 Bike Hacks,2018-03-16 12:30:01+00:00,3673869,49325,1774,Unknown,2025-12-01
Mountain Biking,UCu8YylsPiu9XfaQC74Hr_Gw,Seth's Bike Hacks,qiHFbKI1oOA,"10 Hacks for MTB, Road, and Outdoors",2018-02-17 12:05:17+00:00,3542244,48226,1921,Unknown,2025-12-01
Mountain Biking,UCu8YylsPiu9XfaQC74Hr_Gw,Seth's Bike Hacks,f5GRA2z87BA,FINE! I'll build a wall ride | Berm Creek's Final Feature,2019-05-02 14:02:44+00:00,3385637,59633,3206,Unknown,2025-12-01
Mountain Biking,UCu8YylsPiu9XfaQC74Hr_Gw,Seth's Bike Hacks,vq7fF0_AjW0,Is your MTB too heavy? Probably not,2016-05-22 05:00:04+00:00,3381802,33478,2478,Unknown,2025-12-01
Mountain Biking,UCu8YylsPiu9XfaQC74Hr_Gw,Seth's Bike Hacks,XZIBjIJv9oQ,Building a mountain bike jump over my driveway,2020-01-31 14:00:07+00:00,3305308,58242,1750,Unknown,2025-12-01
Mountain Biking,UCu8YylsPiu9XfaQC74Hr_Gw,Seth's Bike Hacks,ugoPNV8Ivzk,Compact Pickup Camper - Vanlife without a Van,2017-11-22 13:16:02+00:00,3201143,42888,1623,Unknown,2025-12-01
Mountain Biking,UCu8YylsPiu9XfaQC74Hr_Gw,Seth's Bike Hacks,63VIuPiX3CA,I filled my mountain bike brakes with baby oil for a year and here are the results!,2020-01-03 14:00:00+00:00,3176463,57009,3570,Unknown,2025-12-01
Mountain Biking,UCu8YylsPiu9XfaQC74Hr_Gw,Seth's Bike Hacks,9MJf99CVJxs,MTB Overhaul! Totally replacing everything on my bike for the cause,2020-07-26 13:01:06+00:00,3164418,75599,4257,Unknown,2025-12-01
Mountain Biking,UCu8YylsPiu9XfaQC74Hr_Gw,Seth's Bike Hacks,Kw0mywCfuB0,Epic E-Bike Unboxing & Test,2017-01-18 04:18:14+00:00,2966675,32874,2188,Unknown,2025-12-01
Mountain Biking,UCu8YylsPiu9XfaQC74Hr_Gw,Seth's Bike Hacks,5LWShRSoMiA,Riding Sketchy Lines with Phil at the Megacavern,2018-01-19 11:13:46+00:00,2925349,41435,1673,Unknown,2025-12-01
Mountain Biking,UCu8YylsPiu9XfaQC74Hr_Gw,Seth's Bike Hacks,Ky0ayEoq_Fc,Building and Riding the Backyard Whale Tail,2020-03-27 13:00:08+00:00,2914977,62648,2687,Unknown,2025-12-01
Mountain Biking,UCu8YylsPiu9XfaQC74Hr_Gw,Seth's Bike Hacks,yJC9s4XhiRE,I Tried to Jailbreak a 'Pay-To-Ride' Ebike — Total Nightmare,2025-05-18 12:01:41+00:00,2910965,61626,2848,Unknown,2025-12-01
Mountain Biking,UCu8YylsPiu9XfaQC74Hr_Gw,Seth's Bike Hacks,oVe7IBppdhw,10 MTB Product Reviews | for better or worse,2017-07-12 02:00:01+00:00,2890519,36046,1543,Unknown,2025-12-01
Mountain Biking,UCu8YylsPiu9XfaQC74Hr_Gw,Seth's Bike Hacks,Y3eUfZuo5Bg,Are Walmart mountain bikes safe?,2015-10-11 18:46:01+00:00,2817057,24738,1399,Unknown,2025-12-01
Mountain Biking,UCu8YylsPiu9XfaQC74Hr_Gw,Seth's Bike Hacks,MbkuofGrK7E,Porcupine Rim MTB trail in Moab,2016-10-12 18:01:57+00:00,2800084,29973,1993,Unknown,2025-12-01
Mountain Biking,UCu8YylsPiu9XfaQC74Hr_Gw,Seth's Bike Hacks,tMPPGQCT8mE,How to Bunnyhop a MTB - a tutorial,2017-05-31 23:00:02+00:00,2770752,61759,1698,Unknown,2025-12-01
Mountain Biking,UCu8YylsPiu9XfaQC74Hr_Gw,Seth's Bike Hacks,ZqeJLqdMjaU,Massive Bike Check & Dungeon Build!,2018-03-02 15:07:40+00:00,2718124,37250,2366,Unknown,2025-12-01
Mountain Biking,UCu8YylsPiu9XfaQC74Hr_Gw,Seth's Bike Hacks,t2qwOI3--QM,GoPro VS Reality - It always looks smaller on video,2017-01-05 03:46:35+00:00,2714142,33498,1290,Unknown,2025-12-01
Mountain Biking,UCu8YylsPiu9XfaQC74Hr_Gw,Seth's Bike Hacks,C9RSdsMLWRs,10 Bicycle Inner Tube Hacks,2017-05-23 18:57:06+00:00,2673128,48504,1064,Unknown,2025-12-01
Mountain Biking,UCu8YylsPiu9XfaQC74Hr_Gw,Seth's Bike Hacks,Orc_JordL0E,Mountain bike products you won't find in bike shops!,2020-12-25 14:31:13+00:00,2639653,50605,1669,Unknown,2025-12-01
Mountain Biking,UCu8YylsPiu9XfaQC74Hr_Gw,Seth's Bike Hacks,ws-EUQoFibw,10 Mountain Bike and Outdoor Products You May or May Not Need,2018-11-29 18:15:00+00:00,2620958,41635,1475,Unknown,2025-12-01
Mountain Biking,UCu8YylsPiu9XfaQC74Hr_Gw,Seth's Bike Hacks,UnvY8VaWoaQ,Assembling your new mountain bike with minimal tools,2019-01-11 11:43:37+00:00,2605953,43805,2200,Unknown,2025-12-01
Mountain Biking,UCu8YylsPiu9XfaQC74Hr_Gw,Seth's Bike Hacks,CQyXDd-kPMw,The Swing Bike,2016-02-01 17:42:30+00:00,2591180,25909,945,Unknown,2025-12-01
Mountain Biking,UCu8YylsPiu9XfaQC74Hr_Gw,Seth's Bike Hacks,JRFEtuXTtMc,"Cutting a Hole in Alex's Van | Solar, Fridge, Inverter & Roof Fan Install!",2018-05-25 20:00:00+00:00,2528365,37236,1816,Unknown,2025-12-01
Mountain Biking,UCu8YylsPiu9XfaQC74Hr_Gw,Seth's Bike Hacks,O3LUnrbhXlU,DIY Camper Van Build from Start to Finish | Tour and Recap,2018-08-30 18:00:01+00:00,2524569,51191,2182,Unknown,2025-12-01
Mountain Biking,UCu8YylsPiu9XfaQC74Hr_Gw,Seth's Bike Hacks,do_Gb0F93_I,Reviewing a Fresh Batch of Weird MTB Products,2020-09-18 14:22:07+00:00,2507962,70719,3130,Unknown,2025-12-01
Mountain Biking,UCu8YylsPiu9XfaQC74Hr_Gw,Seth's Bike Hacks,DQoGc_nhuOs,DIY Bike Workshop | Seth's Bike Shack!,2017-05-17 12:53:19+00:00,2505425,39907,3971,Unknown,2025-12-01
Mountain Biking,UCu8YylsPiu9XfaQC74Hr_Gw,Seth's Bike Hacks,HS9Q6D992M4,The Tragic End of The Hövding Airbag Helmet,2025-05-04 12:00:25+00:00,2459702,43516,5172,Unknown,2025-12-01
Mountain Biking,UCu8YylsPiu9XfaQC74Hr_Gw,Seth's Bike Hacks,SP5sLp6sDRQ,Riding over stuff on a MTB - Mountain Biking Explained EP4,2017-01-11 05:49:49+00:00,2439066,32605,2310,Unknown,2025-12-01
Mountain Biking,UCu8YylsPiu9XfaQC74Hr_Gw,Seth's Bike Hacks,1S7xQ72RjuM,"Building a Downhill MTB ""Endurbarrow"" for Trail Building",2018-05-31 18:00:00+00:00,2415233,38870,2446,Unknown,2025-12-01
Mountain Biking,UCu8YylsPiu9XfaQC74Hr_Gw,Seth's Bike Hacks,0dk3A2Agp1w,10 Product Reviews Loosely Related to Mountain Biking,2017-09-16 02:40:17+00:00,2390039,35549,762,Unknown,2025-12-01
Mountain Biking,UCu8YylsPiu9XfaQC74Hr_Gw,Seth's Bike Hacks,nzik-B9cQL8,Restoring a VERY Neglected 'Mystery' Full Squish - Flip Bike,2022-02-09 14:00:54+00:00,2384727,49812,2048,Unknown,2025-12-01
Mountain Biking,UCu8YylsPiu9XfaQC74Hr_Gw,Seth's Bike Hacks,RbKbRlbVFDY,Could You Stop? Our Brakes Were Useless At This Angle,2024-06-09 12:00:22+00:00,2355757,27959,1187,Unknown,2025-12-01
Mountain Biking,UCu8YylsPiu9XfaQC74Hr_Gw,Seth's Bike Hacks,ESoonwiyqmo,10 Road Trip Hacks for Mountain Bikers,2017-11-02 14:15:03+00:00,2347837,43464,1504,Unknown,2025-12-01
Mountain Biking,UCu8YylsPiu9XfaQC74Hr_Gw,Seth's Bike Hacks,A2ymXuOvTcc,"Backyard MTB Trails with ""Sicknic Table"" - Berm Creek Upgrades",2018-04-06 12:49:38+00:00,2333786,29345,1364,Unknown,2025-12-01
Mountain Biking,UCu8YylsPiu9XfaQC74Hr_Gw,Seth's Bike Hacks,RcyUsrPTjHA,What Berm Peak is doing about high lumber prices,2021-07-14 13:06:25+00:00,2332581,67477,2917,Unknown,2025-12-01
Mountain Biking,UCu8YylsPiu9XfaQC74Hr_Gw,Seth's Bike Hacks,buffJQfBxWA,10 Unique Bike Products Reviewed Brutally,2019-05-31 00:36:30+00:00,2308141,46815,1650,Unknown,2025-12-01
Mountain Biking,UCu8YylsPiu9XfaQC74Hr_Gw,Seth's Bike Hacks,7D6EudhttA0,100 Blinky Bike Lights on a Fat Tire BMX,2016-12-28 22:26:29+00:00,2264994,30428,1563,Unknown,2025-12-01
Mountain Biking,UCu8YylsPiu9XfaQC74Hr_Gw,Seth's Bike Hacks,Ur-f9l5-NAk,Epic Bike Check! - The whole squad and more,2016-09-25 21:04:19+00:00,2254884,26422,2044,Unknown,2025-12-01
Mountain Biking,UCu8YylsPiu9XfaQC74Hr_Gw,Seth's Bike Hacks,X6J5WwllX1k,How to choose a beginner mountain bike - Mountain Biking Explained EP2,2016-11-21 04:31:25+00:00,2243586,25810,1678,Unknown,2025-12-01
Mountain Biking,UCu8YylsPiu9XfaQC74Hr_Gw,Seth's Bike Hacks,2ukSTBkd1ss,My New MTB Has Weird Parts on it,2019-06-14 16:00:00+00:00,2240524,46434,2052,Unknown,2025-12-01
Mountain Biking,UCu8YylsPiu9XfaQC74Hr_Gw,Seth's Bike Hacks,FEyJFeGf6t4,"New Bike Day - Diamondback Release Carbon ""Seth's Bike Hacks"" Build",2017-10-27 23:32:34+00:00,2206705,29523,1830,Unknown,2025-12-01
Mountain Biking,UCu8YylsPiu9XfaQC74Hr_Gw,Seth's Bike Hacks,smHe56GJf-s,Lifelong BMX Rider tries mountain bike at Whistler,2018-08-15 05:00:04+00:00,2185876,50312,2181,Unknown,2025-12-01
Mountain Biking,UCu8YylsPiu9XfaQC74Hr_Gw,Seth's Bike Hacks,b-sy8Kth6ZM,Win Seth's Bike - Finalists,2017-03-23 19:00:05+00:00,2183333,27252,2947,Unknown,2025-12-01
Mountain Biking,UCu8YylsPiu9XfaQC74Hr_Gw,Seth's Bike Hacks,k4z4SnHDCpo,Clutterless MTB Cockpit with Wireless Shifting and Dropper! | Barspin Ready,2018-09-20 17:00:05+00:00,2181872,32123,1401,Unknown,2025-12-01
Mountain Biking,UCu8YylsPiu9XfaQC74Hr_Gw,Seth's Bike Hacks,ZWnjC99PvZg,MTB Lights for Night Riding - $300 vs $18,2016-12-15 05:47:45+00:00,2175142,23968,2085,Unknown,2025-12-01
Mountain Biking,UCu8YylsPiu9XfaQC74Hr_Gw,Seth's Bike Hacks,Lap5EYw_W9c,10 GoPro Hacks for MTB and Beyond,2017-06-18 02:39:49+00:00,2172909,36760,1028,Unknown,2025-12-01
Mountain Biking,UCu8YylsPiu9XfaQC74Hr_Gw,Seth's Bike Hacks,-gZsZQgvFG4,Your First MTB Trail Ride - Mountain Biking Explained EP3,2016-12-14 02:32:33+00:00,2161593,26401,1277,Unknown,2025-12-01
Mountain Biking,UCu8YylsPiu9XfaQC74Hr_Gw,Seth's Bike Hacks,SIM-Au5yO1o,10 MTB Product Reviews - Tailgate covers to torque wrenches,2017-08-03 04:30:00+00:00,2155440,26758,1260,Unknown,2025-12-01
Mountain Biking,UCu8YylsPiu9XfaQC74Hr_Gw,Seth's Bike Hacks,DkGCZk3F2HI,Making our backyard airbag jump twice as fun,2020-07-03 13:02:00+00:00,2149565,67319,3751,Unknown,2025-12-01
Mountain Biking,UCu8YylsPiu9XfaQC74Hr_Gw,Seth's Bike Hacks,gqs3Ub4ow84,The Garage Workshop of my Dreams,2019-08-02 15:15:00+00:00,2139675,53266,2823,Unknown,2025-12-01
Mountain Biking,UCu8YylsPiu9XfaQC74Hr_Gw,Seth's Bike Hacks,Kx3qcuvJxUs,Why your bike shifts like garbage,2016-11-16 23:23:46+00:00,2139253,30552,1214,Unknown,2025-12-01
Mountain Biking,UCu8YylsPiu9XfaQC74Hr_Gw,Seth's Bike Hacks,ue7EViZGwVY,10 Strange & Unique Mountain Bike Products,2019-12-06 17:00:18+00:00,2127942,42891,1313,Unknown,2025-12-01
Mountain Biking,UCu8YylsPiu9XfaQC74Hr_Gw,Seth's Bike Hacks,PDIxQipW5ZQ,Turning a dead oak tree into a mountain bike jump with a cheap mill,2020-02-07 14:00:07+00:00,2127289,51786,2134,Unknown,2025-12-01
Mountain Biking,UCu8YylsPiu9XfaQC74Hr_Gw,Seth's Bike Hacks,kZsDdRM3DD4,Building a skinny “snake tongue” bridge for mountain bikes,2020-04-03 13:00:19+00:00,2119004,58585,3711,Unknown,2025-12-01
Mountain Biking,UCu8YylsPiu9XfaQC74Hr_Gw,Seth's Bike Hacks,31IGdeIY3PQ,Hurricane Helene As it Happened - We're Fine. Others are Not.,2024-09-30 19:00:02+00:00,2098262,58140,3684,Unknown,2025-12-01
Mountain Biking,UCu8YylsPiu9XfaQC74Hr_Gw,Seth's Bike Hacks,JyBsEpdywTI,Building & Riding the Backyard Drama Drop 2.0!,2020-06-19 13:00:10+00:00,2089984,69379,4344,Unknown,2025-12-01
Mountain Biking,UCu8YylsPiu9XfaQC74Hr_Gw,Seth's Bike Hacks,9Hg7vjmlCuA,Fat Biking the wake of a cruise ship,2016-06-12 23:37:41+00:00,2079018,16252,764,Unknown,2025-12-01
Mountain Biking,UCu8YylsPiu9XfaQC74Hr_Gw,Seth's Bike Hacks,iE0KcDb1oks,Learning to backflip my MTB,2018-09-06 11:57:57+00:00,2034893,34287,1341,Unknown,2025-12-01
Mountain Biking,UCu8YylsPiu9XfaQC74Hr_Gw,Seth's Bike Hacks,YtpuvKt932c,How to Descend Stupid Fast on your MTB - featuring Skills with Phil,2017-11-30 13:08:01+00:00,2031312,37642,1392,Unknown,2025-12-01
Mountain Biking,UCu8YylsPiu9XfaQC74Hr_Gw,Seth's Bike Hacks,oZf9UCnXPEc,Building a Family Bike & Skate Ramp,2017-09-20 22:30:00+00:00,2026831,25462,1235,Unknown,2025-12-01
Mountain Biking,UCu8YylsPiu9XfaQC74Hr_Gw,Seth's Bike Hacks,Ao03QKqyfsE,Playing Foot Down on my Battle Bike | Build and Ride,2019-01-17 15:00:01+00:00,2008608,30381,1825,Unknown,2025-12-01
Mountain Biking,UCu8YylsPiu9XfaQC74Hr_Gw,Seth's Bike Hacks,6Kr9REM0JYQ,Reviewing a Strange Array of Bike and Outdoor Products,2019-09-27 13:14:35+00:00,1995700,45584,1608,Unknown,2025-12-01
Mountain Biking,UC_A--fhX5gea0i4UtpD99Gg,GMBN,L_A1R2rSNmI,Should We All Be Using These?,2025-11-27 17:46:22+00:00,21000,510,134,Unknown,2025-11-30
Mountain Biking,UC_A--fhX5gea0i4UtpD99Gg,GMBN,HA7aS7BaPyI,"Is This Downhill's Last Rockstar? | Bernard Kerr, Living the Dream",2025-11-30 10:00:35+00:00,20284,717,62,Unknown,2025-11-30
Mountain Biking,UC_A--fhX5gea0i4UtpD99Gg,GMBN,L2LiIu7C7ng,Is The Bike Industry Trying To Cancel 29” Wheels? | Dirt Shed Show 559,2025-11-25 17:20:57+00:00,18930,627,154,Unknown,2025-11-30
Mountain Biking,UC_A--fhX5gea0i4UtpD99Gg,GMBN,pCeyKYdkJ9k,"""The best of both worlds"" 🌍",2025-11-29 06:00:58+00:00,13417,340,5,Unknown,2025-11-30
Mountain Biking,UC_A--fhX5gea0i4UtpD99Gg,GMBN,D1rxEFTt8mo,The Secret Of Foot Position You NEED To Know This!,2025-11-29 10:00:31+00:00,13096,433,23,Unknown,2025-11-30
Mountain Biking,UC_A--fhX5gea0i4UtpD99Gg,GMBN,ig75TLFzm8g,FAILS Of The Week,2025-11-29 18:00:50+00:00,12481,305,6,Unknown,2025-11-30
Mountain Biking,UC_A--fhX5gea0i4UtpD99Gg,GMBN,sTnsEONr2Ek,How good do these trails look? 👀,2025-11-28 06:00:55+00:00,9918,302,3,Unknown,2025-11-30
Mountain Biking,UC_A--fhX5gea0i4UtpD99Gg,GMBN,ICZn1XB6WLk,How to boost your Garmin Grit & Flow score 💯,2025-11-30 06:00:15+00:00,6395,283,1,Unknown,2025-11-30
Mountain Biking,UC_A--fhX5gea0i4UtpD99Gg,GMBN,D-TAz2VEt-M,SENDS Of The Week,2025-11-30 18:00:28+00:00,5921,265,2,Unknown,2025-11-30
Paragliding,UCEXbbmFPL2pPWVsWwBXGflQ,Flybubble Paragliding,RHIj3TaTW2g,I caught a cloud on my paraglider ... and took it home!,2018-07-06 14:00:05+00:00,11252582,373586,19852,Unknown,2025-11-30
Paragliding,UCEXbbmFPL2pPWVsWwBXGflQ,Flybubble Paragliding,v4dZn9melQQ,Control The Wind: Managing Your Paraglider On Windy Launch Sites,2017-09-25 15:47:01+00:00,418414,4091,186,Unknown,2025-11-30
Paragliding,UCEXbbmFPL2pPWVsWwBXGflQ,Flybubble Paragliding,o52Ldul4JLQ,Paragliding Skills: Improve Your Ground Handling,2018-01-08 20:32:11+00:00,267858,3778,99,Unknown,2025-11-30
Paragliding,UCEXbbmFPL2pPWVsWwBXGflQ,Flybubble Paragliding,quG1iBo8Gc8,How To Fly Cross Country (On A Paraglider),2016-08-05 17:42:07+00:00,259811,3140,190,Unknown,2025-11-30
Paragliding,UCEXbbmFPL2pPWVsWwBXGflQ,Flybubble Paragliding,DyP4jQcCXNA,Paraglider Control: Strong Wind Launching (Simple Depower),2013-07-31 23:25:42+00:00,258327,1598,88,Unknown,2025-11-30
Paragliding,UCEXbbmFPL2pPWVsWwBXGflQ,Flybubble Paragliding,1PujyTA1FWE,How to Paraglide Safely in the Mountains,2019-06-07 13:47:44+00:00,242967,3513,190,Unknown,2025-11-30
Paragliding,UCEXbbmFPL2pPWVsWwBXGflQ,Flybubble Paragliding,4SAZJGLzAnY,Paraglider Control: How To Improve Your Active Flying,2013-11-20 23:08:00+00:00,195825,1573,42,Unknown,2025-11-30
Paragliding,UCEXbbmFPL2pPWVsWwBXGflQ,Flybubble Paragliding,RBfEgPniof8,Paragliding XC Secrets: How to reach cloudbase on a paraglider,2013-04-03 18:17:54+00:00,188570,709,33,Unknown,2025-11-30
Paragliding,UCEXbbmFPL2pPWVsWwBXGflQ,Flybubble Paragliding,4NSBbG3Zx-U,Paragliding XC Secrets: How To Find The First Thermal,2014-05-23 13:59:19+00:00,178250,1289,60,Unknown,2025-11-30
Paragliding,UCEXbbmFPL2pPWVsWwBXGflQ,Flybubble Paragliding,SArARhm47-M,How to Choose the Right Paraglider (Part One: Which Class?),2015-02-14 09:46:52+00:00,177050,2064,69,Unknown,2025-11-30
Paragliding,UCEXbbmFPL2pPWVsWwBXGflQ,Flybubble Paragliding,2lKCKAXre04,Paraglider Control: Finding Your Stall Point,2013-09-03 20:59:21+00:00,171947,2475,54,Unknown,2025-11-30
Paragliding,UCEXbbmFPL2pPWVsWwBXGflQ,Flybubble Paragliding,rmGPIKOx6nk,"Paraglider Control: Stall, Spin, Collapse!",2017-03-08 13:02:11+00:00,161528,1886,52,Unknown,2025-11-30
Paragliding,UCEXbbmFPL2pPWVsWwBXGflQ,Flybubble Paragliding,cdFqaFAfbpw,Paragliding Safety: How to Avoid the Rotor (Mount Caburn),2013-12-13 21:04:24+00:00,158619,1551,59,Unknown,2025-11-30
Paragliding,UCEXbbmFPL2pPWVsWwBXGflQ,Flybubble Paragliding,gWviKf6sFsE,XPYRIENCE: A paragliding adventure in the Pyrenees,2015-08-05 15:43:36+00:00,155983,1775,174,Unknown,2025-11-30
Paragliding,UCEXbbmFPL2pPWVsWwBXGflQ,Flybubble Paragliding,RQ7YE9kxtNo,Why People Fly — original version,2021-02-19 13:55:08+00:00,153509,3964,181,Unknown,2025-11-30
Paragliding,UCEXbbmFPL2pPWVsWwBXGflQ,Flybubble Paragliding,NMliNfmrDYg,Paragliding Safety: the ins and outs of BIG EARS,2019-10-15 11:33:15+00:00,145793,2706,148,Unknown,2025-11-30
Paragliding,UCEXbbmFPL2pPWVsWwBXGflQ,Flybubble Paragliding,Wyn-sEb-iBg,Paraglider Control: How to launch in a crosswind,2013-10-31 10:13:53+00:00,144598,1808,39,Unknown,2025-11-30
Paragliding,UCEXbbmFPL2pPWVsWwBXGflQ,Flybubble Paragliding,8KTM32D7nMg,KILLSWITCH: Kill your paraglider when landing in strong wind,2019-01-20 11:52:04+00:00,138789,2053,123,Unknown,2025-11-30
Paragliding,UCEXbbmFPL2pPWVsWwBXGflQ,Flybubble Paragliding,kEDSKQL4NXM,Paraglider Control: How to use Speedbar,2019-10-25 15:07:26+00:00,136790,2256,89,Unknown,2025-11-30
Paragliding,UCEXbbmFPL2pPWVsWwBXGflQ,Flybubble Paragliding,r0DLPE4slX0,Paragliding Skills: How To Cobra Launch,2017-10-27 09:29:32+00:00,131070,1403,40,Unknown,2025-11-30
Paragliding,UCEXbbmFPL2pPWVsWwBXGflQ,Flybubble Paragliding,_wPvxD_SHj4,Paragliding XC Secrets: Getting away from a small hill on a paraglider,2013-06-14 20:25:06+00:00,129018,1224,36,Unknown,2025-11-30
Paragliding,UCEXbbmFPL2pPWVsWwBXGflQ,Flybubble Paragliding,uEufpbIgqv0,Paragliding Control: Strong Wind Preparation & Take Off (Basic Tips),2022-03-26 16:56:44+00:00,121054,1269,75,Unknown,2025-11-30
Paragliding,UCEXbbmFPL2pPWVsWwBXGflQ,Flybubble Paragliding,Z_47QvWCCsk,Landing Safely on a Paraglider (no windsock!),2019-05-17 09:02:55+00:00,111148,2493,109,Unknown,2025-11-30
Paragliding,UCEXbbmFPL2pPWVsWwBXGflQ,Flybubble Paragliding,EwlUDKl7E5w,Strong Wind Depower: Rear Riser Control,2017-11-09 21:01:49+00:00,108598,1353,79,Unknown,2025-11-30
Paragliding,UCEXbbmFPL2pPWVsWwBXGflQ,Flybubble Paragliding,fVS_ktJ9kvI,Improve Your Paragliding With Our Free Flying Videos,2013-12-03 21:14:46+00:00,103205,91,7,Unknown,2025-11-30
Paragliding,UCEXbbmFPL2pPWVsWwBXGflQ,Flybubble Paragliding,Yfe4619cPoU,Compression Packing: Keeping Your Paraglider Flat,2017-09-26 10:07:02+00:00,102198,829,28,Unknown,2025-11-30
Paragliding,UCEXbbmFPL2pPWVsWwBXGflQ,Flybubble Paragliding,KOcRZR-JV5s,Paragliding Safety: Dust Devils,2017-09-10 19:57:12+00:00,100880,896,72,Unknown,2025-11-30
Paragliding,UCEXbbmFPL2pPWVsWwBXGflQ,Flybubble Paragliding,TW3lTRkas9w,Paragliding Skills: Toplanding in light winds,2020-01-17 15:56:59+00:00,98932,1622,49,Unknown,2025-11-30
Paragliding,UCEXbbmFPL2pPWVsWwBXGflQ,Flybubble Paragliding,tikpz6UY2bk,Paraglider Control: Fix that Cravatte!,2018-08-24 14:47:59+00:00,98378,2517,97,Unknown,2025-11-30
Paragliding,UCEXbbmFPL2pPWVsWwBXGflQ,Flybubble Paragliding,dvBNumdHS70,Paraglider Control: Catching Thermals With Both Hands,2014-01-01 16:36:02+00:00,95904,976,23,Unknown,2025-11-30
Paragliding,UCEXbbmFPL2pPWVsWwBXGflQ,Flybubble Paragliding,Buw5b3GjQXI,How to Choose the Right Paraglider (Part Two: Performance?),2015-05-15 14:11:41+00:00,94792,765,20,Unknown,2025-11-30
Paragliding,UCEXbbmFPL2pPWVsWwBXGflQ,Flybubble Paragliding,4QEhbxsTwPM,KEEP UP: How to get higher when paragliding in light lift,2019-02-01 15:09:33+00:00,93272,1393,64,Unknown,2025-11-30
Paragliding,UCEXbbmFPL2pPWVsWwBXGflQ,Flybubble Paragliding,D8anA6vp-bE,BLOWN AWAY: Paragliding safely in strong wind,2019-09-06 14:25:48+00:00,92343,1254,81,Unknown,2025-11-30
Paragliding,UCEXbbmFPL2pPWVsWwBXGflQ,Flybubble Paragliding,B-5gwjaCpcw,Which PARAGLIDING HARNESS is BEST? Effects of different harnesses on the same paraglider.,2019-04-18 20:03:38+00:00,89168,750,47,Unknown,2025-11-30
Paragliding,UCEXbbmFPL2pPWVsWwBXGflQ,Flybubble Paragliding,-Up2xwmdqWI,BEST Paragliding Competition Harness? - GIN GENIE RACE 5 with Phil Clark,2024-08-09 15:00:00+00:00,87184,338,77,Unknown,2025-11-30
Paragliding,UCEXbbmFPL2pPWVsWwBXGflQ,Flybubble Paragliding,wqccT7DdUro,Thermal Hunting: Finding thermal sources and trigger points,2020-04-03 13:47:04+00:00,84422,1780,72,Unknown,2025-11-30
Paragliding,UCEXbbmFPL2pPWVsWwBXGflQ,Flybubble Paragliding,UBDra1wh91c,Altered Gravity: What Learning Acro Paragliding Feels Like,2015-01-15 10:41:36+00:00,83859,563,31,Unknown,2025-11-30
Paragliding,UCEXbbmFPL2pPWVsWwBXGflQ,Flybubble Paragliding,aqIuRbVXTCw,Paragliding On The Rocks: How To Become An Early Riser,2020-02-28 15:02:00+00:00,83516,1975,124,Unknown,2025-11-30
Paragliding,UCEXbbmFPL2pPWVsWwBXGflQ,Flybubble Paragliding,UxhXxyUcBPE,Paraglider Control: Big Ears or B3? (Gin Carrera),2013-12-20 21:16:39+00:00,72413,289,29,Unknown,2025-11-30
Paragliding,UCEXbbmFPL2pPWVsWwBXGflQ,Flybubble Paragliding,YAn2bnF-mks,What Is THE FUTURE Of Paragliding?,2025-02-14 16:00:38+00:00,70196,972,122,Unknown,2025-11-30
Paragliding,UCEXbbmFPL2pPWVsWwBXGflQ,Flybubble Paragliding,Ejhi9aQxzsw,Filming in Flight (Paragliding with a video camera),2018-10-28 11:51:10+00:00,69268,1089,132,Unknown,2025-11-30
Paragliding,UCEXbbmFPL2pPWVsWwBXGflQ,Flybubble Paragliding,0AMsAmtitm0,The Joy Of Swooping: Paragliding in Strong Wind,2015-02-06 11:43:33+00:00,67429,422,21,Unknown,2025-11-30
Paragliding,UCEXbbmFPL2pPWVsWwBXGflQ,Flybubble Paragliding,q2GnWX-pF2g,Paragliding - ART OF COLLAPSES I FULL Paragliding Film,2023-11-26 18:00:09+00:00,67234,1266,148,Unknown,2025-11-30
Paragliding,UCEXbbmFPL2pPWVsWwBXGflQ,Flybubble Paragliding,yeIrRKmiEz4,How to Choose the Right Paraglider (Part Six: Test Flights - Skywalk CAYENNE5),2015-10-23 13:17:34+00:00,66953,508,24,Unknown,2025-11-30
Paragliding,UCEXbbmFPL2pPWVsWwBXGflQ,Flybubble Paragliding,JNp_uS9K9II,This Is Paragliding,2023-12-29 16:01:47+00:00,66669,399,43,Unknown,2025-11-30
Paragliding,UCEXbbmFPL2pPWVsWwBXGflQ,Flybubble Paragliding,v9xiSWFNFRk,Thermaling Tips for Paraglider Pilots (Part 1 of 4),2019-03-08 12:40:13+00:00,65697,652,41,Unknown,2025-11-30
Paragliding,UCEXbbmFPL2pPWVsWwBXGflQ,Flybubble Paragliding,6eeOKEmidIs,"Paragliding Tips: Wind Speed, Air Speed And Ground Speed Explained!",2018-09-05 13:38:56+00:00,64580,1890,114,Unknown,2025-11-30
Paragliding,UCEXbbmFPL2pPWVsWwBXGflQ,Flybubble Paragliding,owHyHTgjvxY,The Flybubble Challenge: Maximise Your AIRTIME,2019-09-13 13:32:16+00:00,63986,1068,73,Unknown,2025-11-30
Paragliding,UCEXbbmFPL2pPWVsWwBXGflQ,Flybubble Paragliding,su0GMvamSJU,Advance Epsilon 7 Paraglider - First Flight Review,2013-04-24 07:25:31+00:00,63479,243,13,Unknown,2025-11-30
Paragliding,UCEXbbmFPL2pPWVsWwBXGflQ,Flybubble Paragliding,BpovRHLNw9k,WHAT THE HECK IS DLS?! I Advance IOTA DLS Paraglider Review,2022-10-20 16:49:04+00:00,62365,883,68,Unknown,2025-11-30
Paragliding,UCEXbbmFPL2pPWVsWwBXGflQ,Flybubble Paragliding,Fwvl3uPwOms,Paraglider Control: Grab that brake!,2019-02-11 21:39:35+00:00,59842,918,23,Unknown,2025-11-30
Paragliding,UCEXbbmFPL2pPWVsWwBXGflQ,Flybubble Paragliding,LoNEjqzMVUU,Advance LIGHTNESS 3 (Paragliding Harness Review),2018-12-27 21:13:32+00:00,59489,320,34,Unknown,2025-11-30
Paragliding,UCEXbbmFPL2pPWVsWwBXGflQ,Flybubble Paragliding,QL0Bqj8mi60,Paraglider Control: How To Improve Your Active Flying (Part 2),2013-11-30 14:50:10+00:00,59375,426,24,Unknown,2025-11-30
Paragliding,UCEXbbmFPL2pPWVsWwBXGflQ,Flybubble Paragliding,k4R8fnOWtl8,How to Choose the Right Paraglider (Part Three: Weight Ranges),2015-07-22 11:32:51+00:00,59051,514,20,Unknown,2025-11-30
Paragliding,UCEXbbmFPL2pPWVsWwBXGflQ,Flybubble Paragliding,Te9LYO0ITQw,Starting XC with the Advance EPSILON 9 paraglider,2019-04-12 14:23:20+00:00,58709,584,69,Unknown,2025-11-30
Paragliding,UCEXbbmFPL2pPWVsWwBXGflQ,Flybubble Paragliding,KXqTCM0-zXQ,Paragliding XC Secrets: How to join a thermal,2013-10-01 12:25:59+00:00,58560,613,21,Unknown,2025-11-30
Paragliding,UCEXbbmFPL2pPWVsWwBXGflQ,Flybubble Paragliding,eDzdwJW-13k,Magic Wales (A Paragliding VOLBIV Adventure Guide),2018-07-28 23:16:23+00:00,55475,1063,124,Unknown,2025-11-30
Paragliding,UCEXbbmFPL2pPWVsWwBXGflQ,Flybubble Paragliding,JLc9dgXy2UM,Skywalk Tequila4 Paraglider Review,2014-03-25 12:57:56+00:00,54972,340,22,Unknown,2025-11-30
Paragliding,UCEXbbmFPL2pPWVsWwBXGflQ,Flybubble Paragliding,K1PYBKGfc1k,Alone in the ALPS: Episode 1 (bivi paragliding),2015-11-06 12:08:20+00:00,54597,713,26,Unknown,2025-11-30
Paragliding,UCEXbbmFPL2pPWVsWwBXGflQ,Flybubble Paragliding,DIwUx11sb-U,Paragliding across a deadly desert!,2020-03-06 15:22:46+00:00,53188,1673,253,Unknown,2025-11-30
Paragliding,UCEXbbmFPL2pPWVsWwBXGflQ,Flybubble Paragliding,arFrHRj_1Ps,Gin Carrera Paraglider: First Flight Review,2013-11-04 13:19:35+00:00,51781,141,9,Unknown,2025-11-30
Paragliding,UCEXbbmFPL2pPWVsWwBXGflQ,Flybubble Paragliding,MxEAQuIr_no,Paragliding BEGINNER vs PRO WING,2025-02-02 17:19:37+00:00,51588,433,30,Unknown,2025-11-30
Paragliding,UCEXbbmFPL2pPWVsWwBXGflQ,Flybubble Paragliding,xDVJxx7eZOY,Touched By Sunshine (The Beauty Of Paragliding),2019-02-08 15:05:54+00:00,50947,1186,80,Unknown,2025-11-30
Paragliding,UCEXbbmFPL2pPWVsWwBXGflQ,Flybubble Paragliding,1kH5kdNvZkk,Is the Skywalk TEQUILA 5 the perfect progression wing?,2018-05-29 12:51:06+00:00,50788,752,49,Unknown,2025-11-30
Paragliding,UCEXbbmFPL2pPWVsWwBXGflQ,Flybubble Paragliding,T3uXDya9oG0,Nova ION 4 (Paraglider Review),2016-03-09 16:26:56+00:00,50138,207,18,Unknown,2025-11-30
Paragliding,UCEXbbmFPL2pPWVsWwBXGflQ,Flybubble Paragliding,SL-spZmgvQA,How to use small broken thermals (XC Secrets),2018-04-17 14:55:33+00:00,49610,539,37,Unknown,2025-11-30
Paragliding,UCEXbbmFPL2pPWVsWwBXGflQ,Flybubble Paragliding,1yVVpSB4CD4,Phi SYMPHONIA (First Flight Paraglider Review),2017-11-14 20:18:24+00:00,49095,408,60,Unknown,2025-11-30
Paragliding,UCEXbbmFPL2pPWVsWwBXGflQ,Flybubble Paragliding,TlNfEunSiz4,XC Secrets: Thermal Drift,2017-02-07 15:06:09+00:00,48428,434,20,Unknown,2025-11-30
Paragliding,UCEXbbmFPL2pPWVsWwBXGflQ,Flybubble Paragliding,2PZduhnve1U,Advance ALPHA 6 (Paraglider Review),2016-03-04 11:25:33+00:00,48128,234,24,Unknown,2025-11-30
Paragliding,UCEXbbmFPL2pPWVsWwBXGflQ,Flybubble Paragliding,wnv8Rjv9dVo,Skywalk ARAK (Paraglider Review),2019-01-14 19:57:02+00:00,47312,343,31,Unknown,2025-11-30
Paragliding,UCEXbbmFPL2pPWVsWwBXGflQ,Flybubble Paragliding,cTV7v9m73Qk,Paraglider Landing Setup For XC Flying,2018-03-12 13:00:06+00:00,46613,793,68,Unknown,2025-11-30
Paragliding,UCEXbbmFPL2pPWVsWwBXGflQ,Flybubble Paragliding,EckcOi5D2rQ,X-LAKES 2019: Kites that overhead are sailing in the sky,2019-07-12 13:58:43+00:00,46238,1030,131,Unknown,2025-11-30
Paragliding,UCEXbbmFPL2pPWVsWwBXGflQ,Flybubble Paragliding,M8oVTffVAO4,Gin CONCERTINA COMPRESS BAG review,2018-02-21 21:20:59+00:00,46022,354,49,Unknown,2025-11-30
Paragliding,UCEXbbmFPL2pPWVsWwBXGflQ,Flybubble Paragliding,GRIKmoI09Rw,Advance IOTA 2: First Flight Review,2017-11-24 17:22:38+00:00,45933,305,10,Unknown,2025-11-30
Paragliding,UCEXbbmFPL2pPWVsWwBXGflQ,Flybubble Paragliding,o_JvHimVqgc,Phi MAESTRO paraglider review,2019-05-03 13:00:40+00:00,45276,351,55,Unknown,2025-11-30
Paragliding,UCEXbbmFPL2pPWVsWwBXGflQ,Flybubble Paragliding,WaaTZXAIkkg,Skywalk Chili3 Paraglider - First Flight Review,2013-03-19 14:46:50+00:00,45225,162,11,Unknown,2025-11-30
Paragliding,UCEXbbmFPL2pPWVsWwBXGflQ,Flybubble Paragliding,4PKk6e7livI,Advance Success 4 (Paraglider Harness Review),2016-11-29 19:16:04+00:00,44202,194,22,Unknown,2025-11-30
Paragliding,UCEXbbmFPL2pPWVsWwBXGflQ,Flybubble Paragliding,JJIkwCue6eM,Nova Mentor 3 Paraglider - First Flight Review,2013-03-07 16:57:35+00:00,43796,202,6,Unknown,2025-11-30
Paragliding,UCEXbbmFPL2pPWVsWwBXGflQ,Flybubble Paragliding,yHYqrCvqOjA,Gin Gliders Atlas Paraglider - First Flight Review,2013-03-18 13:42:55+00:00,43216,191,18,Unknown,2025-11-30
Paragliding,UCEXbbmFPL2pPWVsWwBXGflQ,Flybubble Paragliding,X6jgiD6EOpo,New ERA in the High B class?!? Phi MAESTRO 2 paraglider review,2022-09-01 15:59:33+00:00,42917,495,96,Unknown,2025-11-30
Paragliding,UCEXbbmFPL2pPWVsWwBXGflQ,Flybubble Paragliding,I9LnTZ8784c,Is the Advance XI paraglider too light?,2018-11-09 14:58:16+00:00,42863,311,31,Unknown,2025-11-30
Paragliding,UCEXbbmFPL2pPWVsWwBXGflQ,Flybubble Paragliding,aOcE-qpI1Ss,How To Choose The Right Paraglider (Part Five: Safety),2015-09-06 15:31:47+00:00,42542,404,12,Unknown,2025-11-30
Paragliding,UCEXbbmFPL2pPWVsWwBXGflQ,Flybubble Paragliding,ecW4j4R4Nek,Flymaster Live SD: Insights into the new paragliding flight instrument,2014-08-22 12:49:17+00:00,42359,96,8,Unknown,2025-11-30
Paragliding,UCEXbbmFPL2pPWVsWwBXGflQ,Flybubble Paragliding,Bm_wue0Cr8k,Skywalk CHILI 4 (Paraglider Review),2017-04-05 14:58:06+00:00,42167,260,17,Unknown,2025-11-30
Paragliding,UCEXbbmFPL2pPWVsWwBXGflQ,Flybubble Paragliding,qPoCaFsKq1s,"Paragliding Safety: Getting down with B3/C3 aka Tip Stalls, B Ears or Bunny Ears (descent technique)",2019-10-18 15:01:25+00:00,41590,572,47,Unknown,2025-11-30
Paragliding,UCEXbbmFPL2pPWVsWwBXGflQ,Flybubble Paragliding,vpQZPaShEB8,"""Hybrid 2.5 liner"" High B wing Nova Mentor 7 Light paraglider review",2022-08-15 16:00:07+00:00,41302,474,49,Unknown,2025-11-30
Paragliding,UCEXbbmFPL2pPWVsWwBXGflQ,Flybubble Paragliding,KZAmyB9k_yc,How to Choose the Right Paraglider (Part Four: Handling),2015-08-17 13:15:54+00:00,41273,429,17,Unknown,2025-11-30
Paragliding,UCEXbbmFPL2pPWVsWwBXGflQ,Flybubble Paragliding,s6fefCtA_aU,Does the Woody Valley GTO LIGHT get it right?,2018-09-14 13:05:21+00:00,40872,351,22,Unknown,2025-11-30
Paragliding,UCEXbbmFPL2pPWVsWwBXGflQ,Flybubble Paragliding,XAg-fG7-WuA,Angle of Attack: Test your Paraglider Control!,2020-02-23 13:11:37+00:00,40623,906,79,Unknown,2025-11-30
Paragliding,UCEXbbmFPL2pPWVsWwBXGflQ,Flybubble Paragliding,Ytnh2WfaIDw,Is the Supair DELIGHT 3 the right paragliding harness for me?,2018-09-18 11:32:30+00:00,40293,219,31,Unknown,2025-11-30
Paragliding,UCEXbbmFPL2pPWVsWwBXGflQ,Flybubble Paragliding,fa_3hu8HOe0,Flying cross country on a paraglider: narrated thermal search,2019-01-07 19:35:53+00:00,40218,668,67,Unknown,2025-11-30
Paragliding,UCEXbbmFPL2pPWVsWwBXGflQ,Flybubble Paragliding,vNs4j3bVL-g,Can I beat Chrigel on the Skywalk RANGE XALPS 2?,2018-05-23 19:10:13+00:00,39485,278,31,Unknown,2025-11-30
Paragliding,UCEXbbmFPL2pPWVsWwBXGflQ,Flybubble Paragliding,0pnpchjBBG0,Paragliding XC Secrets: Record-Breaking Tactics To Go Far,2013-06-28 15:49:45+00:00,39386,532,20,Unknown,2025-11-30
Paragliding,UCEXbbmFPL2pPWVsWwBXGflQ,Flybubble Paragliding,yDvGqYypHp0,FUTURE OF PARAGLIDING?? 🪂 Ozone Photon EN C 2-Liner 1st Review & Comparison Artik R Bonanza 3 Volt 4,2023-04-10 16:18:35+00:00,39155,436,140,Unknown,2025-11-30
Paragliding,UCEXbbmFPL2pPWVsWwBXGflQ,Flybubble Paragliding,PaggrqRprLg,Ultralight paragliding harness for hike-and-fly?,2019-06-28 15:57:57+00:00,38853,248,24,Unknown,2025-11-30
Paragliding,UCEXbbmFPL2pPWVsWwBXGflQ,Flybubble Paragliding,VwQ8lkZ2azg,Advance PI 2 (Paraglider Review),2016-03-08 13:56:23+00:00,38708,157,9,Unknown,2025-11-30
Paragliding,UCEXbbmFPL2pPWVsWwBXGflQ,Flybubble Paragliding,eE5QNKnRzNw,We turn the Advance EASINESS 3 inside out,2019-10-04 13:49:56+00:00,38639,223,34,Unknown,2025-11-30
Paragliding,UCEXbbmFPL2pPWVsWwBXGflQ,Flybubble Paragliding,5QCU6iQs7Yk,Advance EPSILON 8 (Paraglider Review),2016-08-05 11:01:45+00:00,38385,175,18,Unknown,2025-11-30
Paragliding,UCEXbbmFPL2pPWVsWwBXGflQ,Flybubble Paragliding,nfZd6I19Olo,How to Pack Your Paraglider (using FLAPP),2014-04-01 05:34:27+00:00,38363,394,44,Unknown,2025-11-30
Paragliding,UCEXbbmFPL2pPWVsWwBXGflQ,Flybubble Paragliding,Uvcp6ZGJbzA,Advance OMEGA XALPS 3 paraglider review,2019-08-03 07:20:59+00:00,38340,389,40,Unknown,2025-11-30
Paragliding,UC1ClwROK3Zlib5X1UBNv05Q,Ozone Paragliders,m0eRbjE9X3I,INSPIRED,2021-05-27 16:31:29+00:00,20942,398,13,Unknown,2025-12-01
Paragliding,UC1ClwROK3Zlib5X1UBNv05Q,Ozone Paragliders,EX6mq4LqzxM,Inside the Ozone Paragliders Factory,2025-07-09 21:07:30+00:00,15068,367,26,Unknown,2025-12-01
Paragliding,UC1ClwROK3Zlib5X1UBNv05Q,Ozone Paragliders,qdKY-dcr5Iw,How to Pack a Wing Into a Stuff Bag,2021-05-27 16:30:22+00:00,13229,181,9,Unknown,2025-12-01
Paragliding,UC1ClwROK3Zlib5X1UBNv05Q,Ozone Paragliders,jwXvRYYiqSs,OZONE R&D: A look inside,2022-01-26 21:46:54+00:00,12478,163,7,Unknown,2025-12-01
Paragliding,UC1ClwROK3Zlib5X1UBNv05Q,Ozone Paragliders,ooEKjr8w3UM,DELTA 4,2021-05-27 16:31:05+00:00,8551,76,2,Unknown,2025-12-01
Paragliding,UC1ClwROK3Zlib5X1UBNv05Q,Ozone Paragliders,ilMR0at1uZ8,Rush 6,2021-10-26 14:25:52+00:00,8089,70,9,Unknown,2025-12-01
Paragliding,UC1ClwROK3Zlib5X1UBNv05Q,Ozone Paragliders,nhbLDS8xPrI,THE ZEOLITE LINE,2021-05-27 16:30:36+00:00,6625,56,2,Unknown,2025-12-01
Paragliding,UC1ClwROK3Zlib5X1UBNv05Q,Ozone Paragliders,owMBSppN2rQ,"Seiko Fukuoka, Ozone Delta 4",2021-05-27 16:30:45+00:00,6172,58,2,Unknown,2025-12-01
Paragliding,UC1ClwROK3Zlib5X1UBNv05Q,Ozone Paragliders,XRmewb2Kx8A,OZONE MOJO PWR 2,2021-05-27 16:30:40+00:00,5385,73,7,Unknown,2025-12-01
Paragliding,UC1ClwROK3Zlib5X1UBNv05Q,Ozone Paragliders,ALF4vKAiZP8,OZONE ULTRALITE 4,2021-05-27 16:24:51+00:00,5321,26,2,Unknown,2025-12-01
Paragliding,UC1ClwROK3Zlib5X1UBNv05Q,Ozone Paragliders,rD0rmuBfFO4,SPEED WING RISER FLYING,2021-05-27 16:29:13+00:00,4972,110,5,Unknown,2025-12-01
Paragliding,UC1ClwROK3Zlib5X1UBNv05Q,Ozone Paragliders,BASl3Cvj6mM,Ozone MOJO 6,2021-05-27 16:31:09+00:00,4530,34,1,Unknown,2025-12-01
Paragliding,UC1ClwROK3Zlib5X1UBNv05Q,Ozone Paragliders,zJrSv6-l6ks,Speed Flying With The Ozone Team,2021-05-27 16:27:41+00:00,4452,75,7,Unknown,2025-12-01
Paragliding,UC1ClwROK3Zlib5X1UBNv05Q,Ozone Paragliders,eNx5X0Z4-zk,OZONE BUZZ Z6,2021-05-27 16:29:24+00:00,4042,15,0,Unknown,2025-12-01
Paragliding,UC1ClwROK3Zlib5X1UBNv05Q,Ozone Paragliders,XsnAEsOnBLk,The Ozone ZERO - Mini-wing,2021-05-27 16:26:55+00:00,3956,38,1,Unknown,2025-12-01
Paragliding,UC1ClwROK3Zlib5X1UBNv05Q,Ozone Paragliders,fHxCUETCv_8,"Frequent Flyers Project - Paragliding in New Zealand, Nepal, and Namibia - Combined Episodes",2021-05-27 16:31:24+00:00,3792,85,2,Unknown,2025-12-01
Paragliding,UC1ClwROK3Zlib5X1UBNv05Q,Ozone Paragliders,buo67xsOeWE,ALPINA 4,2021-05-27 16:31:02+00:00,3375,28,1,Unknown,2025-12-01
Paragliding,UC1ClwROK3Zlib5X1UBNv05Q,Ozone Paragliders,hZ0M43RLGVs,RAPIDO 3,2021-10-26 14:23:52+00:00,3371,51,5,Unknown,2025-12-01
Paragliding,UC1ClwROK3Zlib5X1UBNv05Q,Ozone Paragliders,A0QQL-Izw5k,OZONE R&D: A look inside,2022-04-21 15:46:29+00:00,2811,66,4,Unknown,2025-12-01
Paragliding,UC1ClwROK3Zlib5X1UBNv05Q,Ozone Paragliders,xADtmGBj21k,OZONE SIROCCO 3,2021-10-26 14:27:41+00:00,2788,25,1,Unknown,2025-12-01
Paragliding,UC1ClwROK3Zlib5X1UBNv05Q,Ozone Paragliders,eQixae6VfCg,OZONE SOLOS Harness,2021-05-27 16:29:36+00:00,2710,10,0,Unknown,2025-12-01
Paragliding,UC1ClwROK3Zlib5X1UBNv05Q,Ozone Paragliders,xAEfrXoj-7U,OZONE TRIOX 2,2022-04-21 15:45:01+00:00,2619,33,1,Unknown,2025-12-01
Paragliding,UC1ClwROK3Zlib5X1UBNv05Q,Ozone Paragliders,_iuDUxRwtnw,Ozone Roadrunner,2021-05-27 16:30:18+00:00,2467,20,2,Unknown,2025-12-01
Paragliding,UC1ClwROK3Zlib5X1UBNv05Q,Ozone Paragliders,QzEt0Qggb14,BUZZ Z6,2021-05-27 16:31:12+00:00,2431,15,1,Unknown,2025-12-01
Paragliding,UC1ClwROK3Zlib5X1UBNv05Q,Ozone Paragliders,vUaRNBKnWa0,Ozone Viper 5,2021-10-26 14:25:12+00:00,2238,20,3,Unknown,2025-12-01
Road Cycling,UCyrQSvn6_25rINepVZ6H0qQ,BikeRadar,W7I6qlSsGds,How to align disc brake rotors,2011-12-02 10:30:06+00:00,528372,1106,107,Unknown,2025-12-01
Road Cycling,UCuTaETsuCOkJ0H_GAztWt0Q,Global Cycling Network,X1oNnYC4Rhc,The Andes: Beyond Death Road,2025-11-22 10:00:07+00:00,196222,8161,974,Unknown,2025-11-30
Road Cycling,UCuTaETsuCOkJ0H_GAztWt0Q,Global Cycling Network,qzJDcKAqsws,Why Are There So Many Deaths In Road Racing?,2025-11-23 10:01:22+00:00,172272,6598,1422,Unknown,2025-11-30
Road Cycling,UCuTaETsuCOkJ0H_GAztWt0Q,Global Cycling Network,Bp71K7DKlaU,40km In 50 Minutes!? We Ride The World's Fastest Bike Course,2025-11-29 10:00:31+00:00,126857,5957,463,Unknown,2025-11-30
Road Cycling,UCyrQSvn6_25rINepVZ6H0qQ,BikeRadar,An3J3RdbjSs,Most Anticipated MTB Products - 2015,2014-12-30 14:00:09+00:00,102228,400,30,Unknown,2025-12-01
Road Cycling,UCyrQSvn6_25rINepVZ6H0qQ,BikeRadar,Y788AMMvY3k,NEW 2022 Canyon Torque | The Most Versatile All Mountain Bike?,2021-12-06 09:59:16+00:00,88269,1134,140,Unknown,2025-12-01
Road Cycling,UCuTaETsuCOkJ0H_GAztWt0Q,Global Cycling Network,GCXbWnAXDss,This Law Professor Says Cyclists Should Be Able To Run Red Lights | GCN Show Ep. 672,2025-11-25 15:09:09+00:00,62080,2735,934,Unknown,2025-11-30
Road Cycling,UCuTaETsuCOkJ0H_GAztWt0Q,Global Cycling Network,ISJ2PxOk4No,How It Feels When You Get Aero PowerUp 💪,2025-11-26 19:15:01+00:00,61981,441,10,Unknown,2025-11-30
Road Cycling,UCuTaETsuCOkJ0H_GAztWt0Q,Global Cycling Network,VUqgzGOuSE0,What Has 7 Months Of Cycling Done To My Body?,2025-11-30 10:01:00+00:00,60413,3122,249,Unknown,2025-11-30
Road Cycling,UCuTaETsuCOkJ0H_GAztWt0Q,Global Cycling Network,C_iZYEdt_E4,What We ACTUALLY Do On Zwift,2025-11-28 16:13:19+00:00,57609,2074,271,Unknown,2025-11-30
Road Cycling,UCyrQSvn6_25rINepVZ6H0qQ,BikeRadar,5Msuc6PQNaM,Are The Fastest Gravel Tyres Worth It?,2025-06-29 14:30:03+00:00,41058,646,86,Unknown,2025-12-01
Road Cycling,UCuTaETsuCOkJ0H_GAztWt0Q,Global Cycling Network,3IdnTlEmyUM,The Chacaltaya Mountain 5400M! Ride On ROUVY! ⚠️,2025-11-28 16:45:01+00:00,28092,441,6,Unknown,2025-11-30
Road Cycling,UCuTaETsuCOkJ0H_GAztWt0Q,Global Cycling Network,G3eyOskMHr4,DEATH ROAD! You'll Be Alright... ⚠️,2025-11-29 14:15:03+00:00,24874,627,19,Unknown,2025-11-30
Road Cycling,UCuTaETsuCOkJ0H_GAztWt0Q,Global Cycling Network,R4fPlIcFw5Q,What A Climb In Bolivia! ⛰,2025-11-27 16:15:02+00:00,21109,464,8,Unknown,2025-11-30
Road Cycling,UCyrQSvn6_25rINepVZ6H0qQ,BikeRadar,2BvxZexIvxE,Rigorously Reviewed: 3 Of The Best Budget Smart Trainers,2025-11-25 17:00:05+00:00,9849,256,26,Unknown,2025-12-01
Road Cycling,UCyrQSvn6_25rINepVZ6H0qQ,BikeRadar,-3ECINqePBA,What Is The Best Electric Pump in 2025?,2025-11-30 15:00:01+00:00,9752,340,59,Unknown,2025-12-01
Road Cycling,UCuTaETsuCOkJ0H_GAztWt0Q,Global Cycling Network,mpRncJiJMj0,Talking To The UCI About Deaths In Cycling 🚴,2025-11-30 14:30:45+00:00,9435,271,20,Unknown,2025-11-30
Rock Climbing,UChcmKGMMMemwb291yVEtXHA,Dave MacLeod,COoLEumAA0g,8b+ free solo,2023-10-01 17:00:08+00:00,989775,31567,572,Unknown,2025-12-01
Rock Climbing,UChcmKGMMMemwb291yVEtXHA,Dave MacLeod,8lUPmqxzmkE,8b free solo,2023-10-03 06:00:02+00:00,912920,29478,803,Unknown,2025-12-01
Rock Climbing,UChcmKGMMMemwb291yVEtXHA,Dave MacLeod,jMV2TYLN-_U,Is this the most common technical error in climbing?,2023-04-10 22:42:55+00:00,472669,12226,293,Unknown,2025-12-01
Rock Climbing,UChcmKGMMMemwb291yVEtXHA,Dave MacLeod,lkMWgP-b46Y,Nutritionist examines AG1 and its superior alternative,2024-05-28 10:27:12+00:00,394305,14276,1284,Unknown,2025-12-01
Rock Climbing,UChcmKGMMMemwb291yVEtXHA,Dave MacLeod,J6APsMJNXX4,How to train for bouldering,2019-08-08 15:27:57+00:00,357092,8067,282,Unknown,2025-12-01
Rock Climbing,UChcmKGMMMemwb291yVEtXHA,Dave MacLeod,72wy4bdcL0I,Don't fall off this one,2023-09-26 20:29:02+00:00,342639,9550,164,Unknown,2025-12-01
Rock Climbing,UChcmKGMMMemwb291yVEtXHA,Dave MacLeod,VeKE5VH5-qg,How to Hangboard,2017-12-05 08:12:36+00:00,317931,6093,166,Unknown,2025-12-01
Rock Climbing,UChcmKGMMMemwb291yVEtXHA,Dave MacLeod,Ey93GV-oKQY,I ate only McDonald's burgers for two months,2023-03-22 20:02:37+00:00,263243,8438,1257,Unknown,2025-12-01
Rock Climbing,UChcmKGMMMemwb291yVEtXHA,Dave MacLeod,fvJOCJh1vpY,8b+ Free Solo,2019-09-23 09:39:45+00:00,234325,4818,214,Unknown,2025-12-01
Rock Climbing,UChcmKGMMMemwb291yVEtXHA,Dave MacLeod,W46WVYywg6g,Free Solo on Ben Nevis (Left Hand Route),2023-06-30 13:40:51+00:00,220627,4565,310,Unknown,2025-12-01
Rock Climbing,UChcmKGMMMemwb291yVEtXHA,Dave MacLeod,kfV34SsQd38,AC joint separation grade 3 successful rehab protocol,2019-08-31 13:50:50+00:00,205190,3795,881,Unknown,2025-12-01
Rock Climbing,UChcmKGMMMemwb291yVEtXHA,Dave MacLeod,PebF3NyEGPc,Hangboard 30min follow along workout intermediate/beginner,2022-10-03 11:40:17+00:00,174443,4965,246,Unknown,2025-12-01
Rock Climbing,UChcmKGMMMemwb291yVEtXHA,Dave MacLeod,VPMtvUXBoGU,"What to do when you’re weak, unfit and overweight",2025-03-02 17:45:01+00:00,168062,6080,462,Unknown,2025-12-01
Rock Climbing,UChcmKGMMMemwb291yVEtXHA,Dave MacLeod,SGqEjkrHg6Y,Bad Life Choices E7 free solo,2023-11-01 14:05:18+00:00,160326,5244,174,Unknown,2025-12-01
Rock Climbing,UChcmKGMMMemwb291yVEtXHA,Dave MacLeod,pHpz7mP01yg,Supplements I don't take: collagen,2023-09-24 20:38:35+00:00,158867,3014,366,Unknown,2025-12-01
Rock Climbing,UChcmKGMMMemwb291yVEtXHA,Dave MacLeod,eew0SLeEYg0,Steve McClure's big whipper,2023-10-19 20:45:15+00:00,156141,4992,92,Unknown,2025-12-01
Rock Climbing,UChcmKGMMMemwb291yVEtXHA,Dave MacLeod,UPi41bSrFdI,20 years of depression resolved,2019-06-23 11:07:58+00:00,143135,4532,371,Unknown,2025-12-01
Rock Climbing,UChcmKGMMMemwb291yVEtXHA,Dave MacLeod,q4N2WGcABLo,How I self belay top rope with the Shunt,2022-10-07 19:33:29+00:00,141066,2659,191,Unknown,2025-12-01
Rock Climbing,UChcmKGMMMemwb291yVEtXHA,Dave MacLeod,XdSTJBe8Fd4,How to learn climbing technique,2022-09-08 09:47:20+00:00,136636,3547,140,Unknown,2025-12-01
Rock Climbing,UChcmKGMMMemwb291yVEtXHA,Dave MacLeod,V1JnHcEqKNc,You may not even know this is holding back your climbing,2023-04-30 12:20:52+00:00,135842,6268,154,Unknown,2025-12-01
Rock Climbing,UChcmKGMMMemwb291yVEtXHA,Dave MacLeod,KJWAzUOvDEI,Repeating Neil's E11 Lexicon,2022-06-14 16:23:53+00:00,130813,4199,271,Unknown,2025-12-01
Rock Climbing,UChcmKGMMMemwb291yVEtXHA,Dave MacLeod,_EY3XA7e-pw,Getting assessed at Lattice - Some surprises for me!,2022-07-14 09:30:12+00:00,127859,3260,168,Unknown,2025-12-01
Rock Climbing,UChcmKGMMMemwb291yVEtXHA,Dave MacLeod,-diYuavVqzE,"How to train early, or late, or when you only have 10 minutes",2018-09-11 21:48:54+00:00,123766,2991,90,Unknown,2025-12-01
Rock Climbing,UChcmKGMMMemwb291yVEtXHA,Dave MacLeod,KFAEoVOs5pA,Hardcore new routing in Scotland with Magnus Mitdbø,2024-04-21 17:25:35+00:00,122399,5422,195,Unknown,2025-12-01
Rock Climbing,UChcmKGMMMemwb291yVEtXHA,Dave MacLeod,L9dtfNZahKw,The ketogenic diet for sport performance - 6 years of experiments & scientific evidence,2021-11-10 17:12:50+00:00,121026,3662,401,Unknown,2025-12-01
Rock Climbing,UChcmKGMMMemwb291yVEtXHA,Dave MacLeod,Z5HZTN4MR-o,Hangboard for beginners,2020-04-03 16:46:46+00:00,118659,2642,205,Unknown,2025-12-01
Rock Climbing,UChcmKGMMMemwb291yVEtXHA,Dave MacLeod,3b6LVy9MgME,Free solo on the Cioch Nose,2023-06-15 14:49:59+00:00,111124,3006,206,Unknown,2025-12-01
Rock Climbing,UChcmKGMMMemwb291yVEtXHA,Dave MacLeod,KqoZQIbkWYs,How I learned to place trad gear I'd trust with my life,2022-10-14 15:03:32+00:00,110289,2474,99,Unknown,2025-12-01
Rock Climbing,UChcmKGMMMemwb291yVEtXHA,Dave MacLeod,d5qOFHoAlEY,How to optimise your home climbing wall,2018-09-20 11:18:09+00:00,107828,1934,57,Unknown,2025-12-01
Rock Climbing,UChcmKGMMMemwb291yVEtXHA,Dave MacLeod,s3kQZPtgzTA,Vlog #2 How to make wood holds and circuits,2018-09-16 10:20:45+00:00,104937,1917,89,Unknown,2025-12-01
Rock Climbing,UChcmKGMMMemwb291yVEtXHA,Dave MacLeod,9xgiNOa57C8,Advice I would change for 9 out of 10 climbers,2024-01-01 12:23:51+00:00,102946,2581,238,Unknown,2025-12-01
Rock Climbing,UChcmKGMMMemwb291yVEtXHA,Dave MacLeod,xB-3Q-rcTQs,How to climb trad #2 Gaining Confidence,2020-09-19 13:49:48+00:00,100646,4133,143,Unknown,2025-12-01
Rock Climbing,UChcmKGMMMemwb291yVEtXHA,Dave MacLeod,grtMHppLL34,Is plant based a 'Game Changer'?,2019-11-12 17:20:59+00:00,100210,2849,765,Unknown,2025-12-01
Rock Climbing,UChcmKGMMMemwb291yVEtXHA,Dave MacLeod,HuY6zWgZhYc,How to train mental skills for climbing,2018-10-07 20:49:52+00:00,98728,3756,113,Unknown,2025-12-01
Rock Climbing,UChcmKGMMMemwb291yVEtXHA,Dave MacLeod,I2wgXc_blao,Neil Gresham Interview,2018-10-31 08:12:15+00:00,96904,2731,204,Unknown,2025-12-01
Rock Climbing,UChcmKGMMMemwb291yVEtXHA,Dave MacLeod,hk0tOL7p8UQ,Should you hangboard twice a day?,2024-09-08 15:49:39+00:00,95800,3035,247,Unknown,2025-12-01
Rock Climbing,UChcmKGMMMemwb291yVEtXHA,Dave MacLeod,gCIyoS10s3g,How I went from 8b to 9a in 18 months,2020-07-18 18:04:43+00:00,91298,2795,137,Unknown,2025-12-01
Rock Climbing,UChcmKGMMMemwb291yVEtXHA,Dave MacLeod,Wz73lqhL8Ro,Hunger 9a: a fourteen year journey,2019-11-05 22:49:37+00:00,88239,3244,185,Unknown,2025-12-01
Rock Climbing,UChcmKGMMMemwb291yVEtXHA,Dave MacLeod,1PBynJo0qoA,Why I don't use the inside flag (& what I do instead),2023-05-23 18:24:12+00:00,87181,2951,137,Unknown,2025-12-01
Rock Climbing,UChcmKGMMMemwb291yVEtXHA,Dave MacLeod,wlWNvS5Q_Hk,I stay calm on dangerous routes using this method,2023-09-29 06:00:32+00:00,86608,2857,66,Unknown,2025-12-01
Rock Climbing,UChcmKGMMMemwb291yVEtXHA,Dave MacLeod,oAtayTcrXgY,To hell and Back E10,2023-10-02 16:18:34+00:00,83761,2719,36,Unknown,2025-12-01
Rock Climbing,UChcmKGMMMemwb291yVEtXHA,Dave MacLeod,XpmL0XrjE3o,Repeating Iain's Horror Show,2020-10-07 19:39:14+00:00,75434,1892,55,Unknown,2025-12-01
Rock Climbing,UChcmKGMMMemwb291yVEtXHA,Dave MacLeod,9_1p_OY_Isk,Vlog #7 Most scared I've ever been,2018-10-16 21:44:14+00:00,74561,1862,69,Unknown,2025-12-01
Rock Climbing,UChcmKGMMMemwb291yVEtXHA,Dave MacLeod,MIurTukUOpU,"Mnemosyne E9, first ascent, Ben Nevis north face",2021-09-13 17:40:08+00:00,73324,2346,134,Unknown,2025-12-01
Rock Climbing,UChcmKGMMMemwb291yVEtXHA,Dave MacLeod,oBJbWlo94iI,What should climbers eat?,2020-07-19 17:24:32+00:00,72098,1588,143,Unknown,2025-12-01
Rock Climbing,UChcmKGMMMemwb291yVEtXHA,Dave MacLeod,Sy8y4Oa3hz0,E10 crux,2023-10-04 06:00:08+00:00,70732,2644,36,Unknown,2025-12-01
Rock Climbing,UChcmKGMMMemwb291yVEtXHA,Dave MacLeod,dMqYWyGhofM,I've been worried about this trip for 17 years,2023-06-25 12:43:36+00:00,69765,1631,96,Unknown,2025-12-01
Rock Climbing,UChcmKGMMMemwb291yVEtXHA,Dave MacLeod,-Yiby2Lvpyo,Ardverikie Wall Free Solo,2020-09-22 18:33:00+00:00,67370,3720,206,Unknown,2025-12-01
Rock Climbing,UChcmKGMMMemwb291yVEtXHA,Dave MacLeod,vJlYAu0agKE,Why I free solo,2019-09-26 12:23:37+00:00,66707,1902,137,Unknown,2025-12-01
Rock Climbing,UChcmKGMMMemwb291yVEtXHA,Dave MacLeod,u8Mp9qqqQAE,Unclimbed mixed,2023-12-07 15:22:02+00:00,65938,2066,39,Unknown,2025-12-01
Rock Climbing,UChcmKGMMMemwb291yVEtXHA,Dave MacLeod,gIZaNluM2KM,Darwin Dixit 8c,2008-03-13 23:57:34+00:00,65793,165,7,Unknown,2025-12-01
Rock Climbing,UChcmKGMMMemwb291yVEtXHA,Dave MacLeod,Y0Ku-Meo8jU,How to climb trad: Helping Mike Boyd attempt his hardest trad lead,2024-04-17 12:46:49+00:00,64609,1830,63,Unknown,2025-12-01
Rock Climbing,UChcmKGMMMemwb291yVEtXHA,Dave MacLeod,VRHM8HOBEJM,Glen Nevis trad - boulder - free solo - DWS climbing,2019-08-23 11:21:35+00:00,64546,1333,60,Unknown,2025-12-01
Rock Climbing,UChcmKGMMMemwb291yVEtXHA,Dave MacLeod,B6gAC2YWXLU,How to climb trad #3: Resilience,2020-09-28 16:04:33+00:00,64427,2180,164,Unknown,2025-12-01
Rock Climbing,UChcmKGMMMemwb291yVEtXHA,Dave MacLeod,K1bj-cldkOs,Dave Macleod training at home,2009-11-15 16:03:16+00:00,64157,204,16,Unknown,2025-12-01
Rock Climbing,UChcmKGMMMemwb291yVEtXHA,Dave MacLeod,T84C5cpykhM,Structuring your boulder sessions,2020-05-12 12:10:55+00:00,63577,1383,77,Unknown,2025-12-01
Rock Climbing,UChcmKGMMMemwb291yVEtXHA,Dave MacLeod,tr6HEKzpHKc,How to start climbing outdoors,2019-10-31 17:49:45+00:00,63155,1724,80,Unknown,2025-12-01
Rock Climbing,UChcmKGMMMemwb291yVEtXHA,Dave MacLeod,be_k6K5cAI4,It started raining mid crux on a death E8,2023-07-16 13:29:42+00:00,60518,1836,115,Unknown,2025-12-01
Rock Climbing,UChcmKGMMMemwb291yVEtXHA,Dave MacLeod,P5Gcp8hXoPA,Soloing Orion Face Direct on Ben Nevis,2021-12-20 11:00:23+00:00,60125,2178,86,Unknown,2025-12-01
Rock Climbing,UChcmKGMMMemwb291yVEtXHA,Dave MacLeod,o3JuLbLZ3wc,How to build confidence as a trad leader,2023-05-09 15:11:09+00:00,59680,1471,46,Unknown,2025-12-01
Rock Climbing,UChcmKGMMMemwb291yVEtXHA,Dave MacLeod,jl12edu_SnY,Free Solo: Resurrection,2025-08-03 15:01:09+00:00,59611,2053,164,Unknown,2025-12-01
Rock Climbing,UChcmKGMMMemwb291yVEtXHA,Dave MacLeod,pQzcDcNMNgw,Free solo Agag's Groove with Kev,2022-09-04 10:45:28+00:00,59578,1837,116,Unknown,2025-12-01
Rock Climbing,UChcmKGMMMemwb291yVEtXHA,Dave MacLeod,B-48S7gLP_I,How I grade the hardest trad routes,2024-03-05 09:37:21+00:00,58483,1459,147,Unknown,2025-12-01
Rock Climbing,UChcmKGMMMemwb291yVEtXHA,Dave MacLeod,FVZSsP7SmeY,Dave MacLeod bouldering and dry tooling in Lochaber,2009-10-03 07:05:16+00:00,58020,141,5,Unknown,2025-12-01
Rock Climbing,UChcmKGMMMemwb291yVEtXHA,Dave MacLeod,xWwE0-3_YXQ,Andy Wightman - rewilding and why the Scottish mountains look the way they do,2021-12-13 11:30:24+00:00,57891,2196,179,Unknown,2025-12-01
Rock Climbing,UChcmKGMMMemwb291yVEtXHA,Dave MacLeod,DJdKYGYwLk4,Are carbs essential for high intensity training and performance?,2024-12-15 17:48:52+00:00,57651,1290,235,Unknown,2025-12-01
Rock Climbing,UChcmKGMMMemwb291yVEtXHA,Dave MacLeod,1IiPM3u9YTY,What Instagram can't teach you about breaking a plateau,2024-05-22 12:14:22+00:00,55961,1927,76,Unknown,2025-12-01
Rock Climbing,UChcmKGMMMemwb291yVEtXHA,Dave MacLeod,2BkD4auSKDo,How to warm up for climbing,2019-11-27 17:00:00+00:00,55289,1434,70,Unknown,2025-12-01
Rock Climbing,UChcmKGMMMemwb291yVEtXHA,Dave MacLeod,f4XyNWxjFp8,"Keystone E8 - The last Glen Nevis roof, in the last of the wee trees",2021-11-24 08:00:24+00:00,54009,2559,220,Unknown,2025-12-01
Rock Climbing,UChcmKGMMMemwb291yVEtXHA,Dave MacLeod,e9Xc_vMCqQ0,How to climb trad #1 Scramble #trainingforclimbing,2020-08-17 11:53:45+00:00,53825,1530,59,Unknown,2025-12-01
Rock Climbing,UChcmKGMMMemwb291yVEtXHA,Dave MacLeod,Ox7iU5DjQ9U,E10 Lead Day,2019-10-05 14:54:52+00:00,52824,2072,161,Unknown,2025-12-01
Rock Climbing,UChcmKGMMMemwb291yVEtXHA,Dave MacLeod,FPa8BUh0yQU,Clocking up moves isn't enough to improve at climbing - here's what does work,2024-11-17 15:02:10+00:00,52621,1704,91,Unknown,2025-12-01
Rock Climbing,UChcmKGMMMemwb291yVEtXHA,Dave MacLeod,05yk6leIoWw,How I use easy routes to build leading confidence in climbing,2023-10-31 07:00:00+00:00,52566,1651,30,Unknown,2025-12-01
Rock Climbing,UChcmKGMMMemwb291yVEtXHA,Dave MacLeod,jDxqyzXAF0w,Why I never get nervous attempting hard routes,2024-07-25 12:03:36+00:00,52136,1717,73,Unknown,2025-12-01
Rock Climbing,UChcmKGMMMemwb291yVEtXHA,Dave MacLeod,pfPlBrw2EWE,Training for mixed climbing: Fundamentals,2018-10-19 22:21:39+00:00,51243,865,41,Unknown,2025-12-01
Rock Climbing,UChcmKGMMMemwb291yVEtXHA,Dave MacLeod,PpfNTMQfapc,Hyperborea E7 7a,2023-10-05 06:00:08+00:00,50838,1940,30,Unknown,2025-12-01
Rock Climbing,UChcmKGMMMemwb291yVEtXHA,Dave MacLeod,X4Qn2pZkY_E,Why Mike Boyd will reach high grades in climbing,2025-08-10 17:15:03+00:00,49214,1577,72,Unknown,2025-12-01
Rock Climbing,UChcmKGMMMemwb291yVEtXHA,Dave MacLeod,yAh40hzqSAc,Falls and sends in Wales - Mission impossible E9 7a,2022-09-21 14:42:14+00:00,46937,1025,56,Unknown,2025-12-01
Rock Climbing,UChcmKGMMMemwb291yVEtXHA,Dave MacLeod,8CWjveLJJdM,Winter adventures part 2,2021-01-07 12:00:04+00:00,46674,1071,64,Unknown,2025-12-01
Rock Climbing,UChcmKGMMMemwb291yVEtXHA,Dave MacLeod,qy8pRW6Tx4g,Vlog #13 Hangboards - What to Measure?,2019-03-12 16:18:15+00:00,46639,792,67,Unknown,2025-12-01
Rock Climbing,UChcmKGMMMemwb291yVEtXHA,Dave MacLeod,lwK_vRmAuSw,You probably have all the motivation you need for hard training,2023-12-29 17:23:47+00:00,45495,1904,93,Unknown,2025-12-01
Rock Climbing,UChcmKGMMMemwb291yVEtXHA,Dave MacLeod,nSyLSxug1xI,You don't need self belief,2024-11-11 21:21:31+00:00,44186,2039,131,Unknown,2025-12-01
Rock Climbing,UChcmKGMMMemwb291yVEtXHA,Dave MacLeod,z7cSJ0g3kNo,Catalan Witness the Fitness 8B+ Dave MacLeod,2018-02-04 16:20:22+00:00,43440,717,28,Unknown,2025-12-01
Rock Climbing,UChcmKGMMMemwb291yVEtXHA,Dave MacLeod,q761y2inlZY,Losing my fear,2019-12-06 15:15:19+00:00,43103,1827,72,Unknown,2025-12-01
Rock Climbing,UChcmKGMMMemwb291yVEtXHA,Dave MacLeod,6prkoIpoC4k,My first big trip since I stopped flying - Stetind SW Face,2024-10-03 16:56:57+00:00,42748,1943,208,Unknown,2025-12-01
Rock Climbing,UChcmKGMMMemwb291yVEtXHA,Dave MacLeod,nzANLURHZoU,Rest days: How many do you need? What should they contain?,2024-02-08 11:00:45+00:00,42491,1513,83,Unknown,2025-12-01
Rock Climbing,UChcmKGMMMemwb291yVEtXHA,Dave MacLeod,iefYvlkq86U,Below zero 8B+,2022-02-03 11:28:22+00:00,41272,1989,86,Unknown,2025-12-01
Rock Climbing,UChcmKGMMMemwb291yVEtXHA,Dave MacLeod,VZ1Yb31UUU8,How to stay warm winter rock climbing,2022-01-10 12:06:09+00:00,40631,1401,89,Unknown,2025-12-01
Rock Climbing,UChcmKGMMMemwb291yVEtXHA,Dave MacLeod,s-nONaCptVU,The Settler 7C Duntelchaig #shorts #uncut,2021-10-29 08:16:33+00:00,40520,1705,28,Unknown,2025-12-01
Rock Climbing,UChcmKGMMMemwb291yVEtXHA,Dave MacLeod,YUUuDlAMyBY,The value of opening easy routes,2022-10-24 11:30:12+00:00,40355,1236,71,Unknown,2025-12-01
Rock Climbing,UChcmKGMMMemwb291yVEtXHA,Dave MacLeod,IZVFGxyCejo,Repeating Robbie's E10,2021-11-23 17:00:10+00:00,40248,1640,99,Unknown,2025-12-01
Rock Climbing,UChcmKGMMMemwb291yVEtXHA,Dave MacLeod,P1yk4Zg0uJA,Training to work around a finger pulley injury,2024-02-29 12:32:29+00:00,39038,947,69,Unknown,2025-12-01
Rock Climbing,UChcmKGMMMemwb291yVEtXHA,Dave MacLeod,VrwmsVlqhcc,Are there secrets to climbing training?,2019-11-25 14:19:47+00:00,38604,972,65,Unknown,2025-12-01
Rock Climbing,UChcmKGMMMemwb291yVEtXHA,Dave MacLeod,Fi7vESxjcmA,Three finger drag new personal best,2023-01-08 12:13:48+00:00,38453,1490,56,Unknown,2025-12-01
Rock Climbing,UChcmKGMMMemwb291yVEtXHA,Dave MacLeod,uxOA6LRGOV8,Injured - what now?,2020-02-14 17:35:21+00:00,38446,1130,91,Unknown,2025-12-01
Rock Climbing,UChcmKGMMMemwb291yVEtXHA,Dave MacLeod,AGaa7Q3Ok2w,Can you quantify climbing technique?,2022-08-30 14:27:26+00:00,37823,1607,118,Unknown,2025-12-01
Rock Climbing,UChcmKGMMMemwb291yVEtXHA,Dave MacLeod,LG2kH0jSSyg,Are you overthinking board climbing?,2025-04-04 11:00:25+00:00,37542,1096,69,Unknown,2025-12-01
Rock Climbing,UChcmKGMMMemwb291yVEtXHA,Dave MacLeod,KcIqvdeuDZw,Why I never worry about failing on projects,2023-04-16 15:44:00+00:00,37494,1489,86,Unknown,2025-12-01
Rock Climbing,UChcmKGMMMemwb291yVEtXHA,Dave MacLeod,YtciKwgZXmw,Vlog #11 Training/Injury Rehab Wreckers,2019-02-27 15:16:42+00:00,36570,713,48,Unknown,2025-12-01
Rock Climbing,UChcmKGMMMemwb291yVEtXHA,Dave MacLeod,NMsT3qyV8us,I have made a decision,2019-09-29 23:55:06+00:00,36356,1106,147,Unknown,2025-12-01
Rock Climbing,UCIRIbjrEHserQZ6O1Jd9wrg,EpicTV Climbing,NvijD3zt5Dg,Black Friday just got better ... 10% off STOREWIDE,2025-11-28 12:50:25+00:00,2816,44,1,Unknown,2025-11-30
Rock Climbing,UCIRIbjrEHserQZ6O1Jd9wrg,EpicTV Climbing,RD88UQJdncg,Best Shoe for Small Footholds? Unparallel Orbit | The Gear Show,2025-11-28 17:45:55+00:00,2706,31,8,Unknown,2025-11-30
Running,UCEBjuHm_Z6hz8Q6C_dm8bSg,James Dunne,sfF4f-QGRn8,5 Minute Warm Up You NEED before EVERY RUN (to Prevent Running Injuries),2020-07-13 07:15:01+00:00,2649129,55391,483,Unknown,2025-12-01
Running,UCEBjuHm_Z6hz8Q6C_dm8bSg,James Dunne,andAaS6Lyc8,PERFECT RUNNING FORM - 5 Tips ALL Runners Can Learn from Eliud Kipchoge,2019-10-21 18:12:48+00:00,2288049,30712,672,Unknown,2025-12-01
Running,UCjGZ6D8hJFvLur5K_p9vKAA,The Run Experience,s4WU4ghe7BY,The REAL Reason You're Out of Breath Running (Not What You Think!),2020-09-21 12:30:03+00:00,2269575,55520,3220,Unknown,2025-11-30
Running,UCEBjuHm_Z6hz8Q6C_dm8bSg,James Dunne,sIxAoC8P8zg,Why Do PRO Runners Kick Their Feet So High? - Perfect Running Form,2020-05-10 12:34:30+00:00,1838816,23298,399,Unknown,2025-12-01
Running,UCEBjuHm_Z6hz8Q6C_dm8bSg,James Dunne,wH1qSqXAm_Y,The Only 3 Exercises You NEED to Run Faster,2020-06-24 07:15:01+00:00,1425090,35694,297,Unknown,2025-12-01
Running,UCEBjuHm_Z6hz8Q6C_dm8bSg,James Dunne,VBWGAFInyjQ,Secret to running faster without getting so tired (NOT WHAT YOU THINK),2021-11-28 20:06:14+00:00,1341611,23004,303,Unknown,2025-12-01
Running,UCjGZ6D8hJFvLur5K_p9vKAA,The Run Experience,hpGWrSGUXD8,How to Run a Fast 5K: 3 Key Workouts You Need to Do,2019-02-22 21:00:05+00:00,1238016,20880,1108,Unknown,2025-11-30
Running,UCjGZ6D8hJFvLur5K_p9vKAA,The Run Experience,9EgUaU7gShw,Quick Way to Identify a Possible Case of Runner's Knee #shorts,2023-09-12 19:30:00+00:00,1138841,7206,93,Unknown,2025-11-30
Running,UCEBjuHm_Z6hz8Q6C_dm8bSg,James Dunne,lTFl-EVeq6w,Run Faster with LESS Effort by Fixing This Simple Mistake,2024-05-11 07:18:00+00:00,1102778,10269,228,Unknown,2025-12-01
Running,UCEBjuHm_Z6hz8Q6C_dm8bSg,James Dunne,pofBa80GAwg,PERFECT RUNNING FORM - Techniques PRO Runners use to Run Faster,2021-11-21 20:29:58+00:00,1038482,15769,187,Unknown,2025-12-01
Running,UCjGZ6D8hJFvLur5K_p9vKAA,The Run Experience,Kdgv6DPAZBU,7 Minute Follow Along Running Warm-Up,2018-04-30 21:00:01+00:00,1003823,16233,495,Unknown,2025-11-30
Running,UCEBjuHm_Z6hz8Q6C_dm8bSg,James Dunne,e5wgoTuJuF8,Secret to Running Fast with a Low Heart Rate,2023-02-18 03:49:27+00:00,954198,11033,310,Unknown,2025-12-01
Running,UCEBjuHm_Z6hz8Q6C_dm8bSg,James Dunne,GerCJ1gBbLw,5 Minute Cool Down You NEED after EVERY RUN (to Prevent Running Injuries),2020-06-01 07:15:01+00:00,788261,16784,194,Unknown,2025-12-01
Running,UCEBjuHm_Z6hz8Q6C_dm8bSg,James Dunne,sScNDZu2MWk,PERFECT RUNNING FORM - 5 Easy Tips for Running Faster Pain Free,2024-03-10 08:20:56+00:00,732076,11923,128,Unknown,2025-12-01
Running,UCEBjuHm_Z6hz8Q6C_dm8bSg,James Dunne,0CIwP5kHA74,Secret to Running Fast with a Low Heart Rate,2024-08-22 13:18:58+00:00,665789,9526,333,Unknown,2025-12-01
Running,UCEBjuHm_Z6hz8Q6C_dm8bSg,James Dunne,ULfMKcpVECU,The Worst Part of Running SLOW to Run Faster (NOT WHAT YOU THINK),2022-05-09 11:15:29+00:00,628355,9232,311,Unknown,2025-12-01
Running,UCEBjuHm_Z6hz8Q6C_dm8bSg,James Dunne,UL7fihvU4OI,The Secret to Running with a LOW HEART RATE (Not What You Think!),2021-04-27 12:18:56+00:00,617190,11047,445,Unknown,2025-12-01
Running,UCEBjuHm_Z6hz8Q6C_dm8bSg,James Dunne,swsGvRSkrR8,Runner’s Knee Exercises: 5 Minute Knee Strengthening Routine (TO RUN PAIN FREE),2016-03-03 20:21:23+00:00,598825,9366,139,Unknown,2025-12-01
Running,UCjGZ6D8hJFvLur5K_p9vKAA,The Run Experience,KxKJEIqS1HQ,20-Minute Interval Run Workout,2018-12-27 04:36:33+00:00,554820,12128,562,Unknown,2025-11-30
Running,UCEBjuHm_Z6hz8Q6C_dm8bSg,James Dunne,FaCWTC408ys,If your Achilles tendonitis isn't healing... WATCH THIS NOW,2020-05-31 07:15:00+00:00,490689,13244,885,Unknown,2025-12-01
Running,UCEBjuHm_Z6hz8Q6C_dm8bSg,James Dunne,cjvRKluBZqY,How to run longer without getting tired (THE EASY WAY),2020-12-20 11:03:16+00:00,477091,6915,153,Unknown,2025-12-01
Running,UCEBjuHm_Z6hz8Q6C_dm8bSg,James Dunne,yLz5Hjtpd1w,How PRO runners run SLOW with amazing technique,2024-07-23 09:11:40+00:00,477015,5213,134,Unknown,2025-12-01
Running,UCEBjuHm_Z6hz8Q6C_dm8bSg,James Dunne,PRkw6Hg4N2Y,PERFECT RUNNING FORM - How to Increase Your Stride Length,2019-12-07 13:25:24+00:00,469133,12201,226,Unknown,2025-12-01
Running,UCEBjuHm_Z6hz8Q6C_dm8bSg,James Dunne,g8-cClhEOXM,The BIG Problem with Running as You Get Older (NOT WHAT YOU THINK),2022-06-30 16:03:50+00:00,462806,5850,379,Unknown,2025-12-01
Running,UCEBjuHm_Z6hz8Q6C_dm8bSg,James Dunne,3VPKhhF3uoA,PERFECT RUNNING FORM - Joshua Cheptegei is Built Different,2024-05-25 07:18:00+00:00,442859,6395,111,Unknown,2025-12-01
Running,UCEBjuHm_Z6hz8Q6C_dm8bSg,James Dunne,Y9L9IgSEccg,RUNNING FASTER - 3 Powerful Ways PRO Athletes Run Faster for Longer,2022-04-06 08:15:01+00:00,428309,9398,167,Unknown,2025-12-01
Running,UCEBjuHm_Z6hz8Q6C_dm8bSg,James Dunne,uxf1gEkm_EE,Mo Farah's RUNNING TECHNIQUE - Improve YOUR Form & Run Faster,2017-02-28 21:44:25+00:00,408297,3073,106,Unknown,2025-12-01
Running,UCEBjuHm_Z6hz8Q6C_dm8bSg,James Dunne,28KR2wmGGh0,RUNNING FASTER - The ONLY 3 Ways to Build Endurance,2023-03-09 11:50:00+00:00,391813,5580,128,Unknown,2025-12-01
Running,UCEBjuHm_Z6hz8Q6C_dm8bSg,James Dunne,0Z-R7WRFznE,How to Fix Plantar Fasciitis in 5 Minutes (NO MORE HEEL PAIN),2017-03-08 14:01:18+00:00,380602,6528,163,Unknown,2025-12-01
Running,UCEBjuHm_Z6hz8Q6C_dm8bSg,James Dunne,uKuChNY5B2M,Pro runners use this simple technique to run faster (YOU CAN TOO),2020-06-29 07:15:03+00:00,370609,8081,170,Unknown,2025-12-01
Running,UCEBjuHm_Z6hz8Q6C_dm8bSg,James Dunne,0C9ACBt3Tqs,High Hamstring Tendinopathy Exercises [Ep37],2016-03-23 17:05:24+00:00,364095,6036,201,Unknown,2025-12-01
Running,UCEBjuHm_Z6hz8Q6C_dm8bSg,James Dunne,Us4Gfq6iKYc,20 Years of Running Knowledge in 27 Minutes,2024-08-16 07:25:06+00:00,342541,7642,391,Unknown,2025-12-01
Running,UCEBjuHm_Z6hz8Q6C_dm8bSg,James Dunne,vDc-bBO2DKo,PERFECT RUNNING FORM - 3 Easy Ways PRO Runners Run Faster,2024-01-28 07:18:15+00:00,336493,4609,68,Unknown,2025-12-01
Running,UCjGZ6D8hJFvLur5K_p9vKAA,The Run Experience,jHJ61XrqcCk,Runners! You've Been Tying Your Shoes All Wrong,2020-12-21 13:30:04+00:00,334235,6132,296,Unknown,2025-11-30
Running,UCEBjuHm_Z6hz8Q6C_dm8bSg,James Dunne,guCQpGF7nrg,"PERFECT RUNNING FORM - Footstrike, Simplified",2020-06-15 07:15:02+00:00,333570,5394,175,Unknown,2025-12-01
Running,UCEBjuHm_Z6hz8Q6C_dm8bSg,James Dunne,v7W4pWwEDkw,PERFECT RUNNING FORM - How Do PRO Runners Run Smooth at Every Speed?,2024-07-16 13:01:15+00:00,333539,4301,106,Unknown,2025-12-01
Running,UCjGZ6D8hJFvLur5K_p9vKAA,The Run Experience,5YQQHqwxYzs,10K Race Strategy | 5 Keys to Run Your Best,2017-10-03 00:00:00+00:00,325350,7064,283,Unknown,2025-11-30
Running,UCEBjuHm_Z6hz8Q6C_dm8bSg,James Dunne,fEbF7Qb5vgM,Best Calf Stretch to Relieve Tightness,2017-03-31 10:45:50+00:00,312986,3075,52,Unknown,2025-12-01
Running,UCEBjuHm_Z6hz8Q6C_dm8bSg,James Dunne,vi-F1Ga2X9Q,If You're SICK of Lower Back Pain - WATCH THIS...,2016-04-02 07:01:28+00:00,308493,3691,88,Unknown,2025-12-01
Running,UCjGZ6D8hJFvLur5K_p9vKAA,The Run Experience,Bwid3e3Gebo,Half Marathon Pacing Strategy,2017-04-24 14:31:48+00:00,302057,5254,159,Unknown,2025-11-30
Running,UCEBjuHm_Z6hz8Q6C_dm8bSg,James Dunne,mSvbS0S4rJw,Proper Running Technique - Which of These Runners do YOU Run Like?,2014-06-16 16:04:12+00:00,295421,2213,96,Unknown,2025-12-01
Running,UCEBjuHm_Z6hz8Q6C_dm8bSg,James Dunne,u_mTHREyepQ,The Big Problem with Running Slow to Run Faster (MAFFETONE METHOD),2021-04-13 09:21:01+00:00,292879,4616,497,Unknown,2025-12-01
Running,UCjGZ6D8hJFvLur5K_p9vKAA,The Run Experience,3_vFkvtWe5o,How To Improve Your Mile Time In 6 Weeks,2017-08-10 00:00:30+00:00,291705,7757,720,Unknown,2025-11-30
Running,UCEBjuHm_Z6hz8Q6C_dm8bSg,James Dunne,exkrqJQH51w,PERFECT RUNNING FORM - Powerful Tip to Waste Less Effort,2019-10-25 18:34:06+00:00,285626,6341,94,Unknown,2025-12-01
Running,UCEBjuHm_Z6hz8Q6C_dm8bSg,James Dunne,bFHbVbMkaOY,The ONLY 3 Exercises You NEED for Running as You Get Older,2022-09-18 08:44:23+00:00,283518,4912,75,Unknown,2025-12-01
Running,UCEBjuHm_Z6hz8Q6C_dm8bSg,James Dunne,d61koLeNd_U,PERFECT RUNNING FORM - World's Fastest Marathon Runner (Kelvin Kiptum),2024-04-20 07:18:10+00:00,283233,3141,110,Unknown,2025-12-01
Running,UCjGZ6D8hJFvLur5K_p9vKAA,The Run Experience,IbxzpmWpo9M,3 Boss Beginner Runner Pacing Tips,2017-06-29 00:00:00+00:00,281866,5608,158,Unknown,2025-11-30
Running,UCEBjuHm_Z6hz8Q6C_dm8bSg,James Dunne,ZxbZIvSWOZs,Perfect Running Form @ 10:00/mile (6:13/km),2023-05-07 15:59:22+00:00,271703,4930,171,Unknown,2025-12-01
Running,UCEBjuHm_Z6hz8Q6C_dm8bSg,James Dunne,zr3GauiQq4s,4 Powerful Ways PRO Athletes Recover Faster (YOU CAN TOO),2022-07-04 13:44:10+00:00,259770,4103,98,Unknown,2025-12-01
Running,UCEBjuHm_Z6hz8Q6C_dm8bSg,James Dunne,j-UIfv1sZU0,If you run with lower back pain... WATCH THIS,2019-10-14 16:57:45+00:00,246651,5008,126,Unknown,2025-12-01
Running,UCEBjuHm_Z6hz8Q6C_dm8bSg,James Dunne,516HWWHFacw,5 Simple Things PRO Runners Do To Run Faster (YOU CAN TOO),2022-03-30 08:09:24+00:00,245876,4700,77,Unknown,2025-12-01
Running,UCjGZ6D8hJFvLur5K_p9vKAA,The Run Experience,IycZvGlnzY8,How to Run a Mile Without Stopping | Track Progression!,2020-06-03 12:30:02+00:00,241342,5636,327,Unknown,2025-11-30
Running,UCEBjuHm_Z6hz8Q6C_dm8bSg,James Dunne,24ih4Df1KgU,Ankle Exercises for Injury Recovery & Prevention - 10 MINUTES - Ankle Strength Exercise Routine,2019-09-04 14:17:44+00:00,234582,6286,207,Unknown,2025-12-01
Running,UCEBjuHm_Z6hz8Q6C_dm8bSg,James Dunne,vwDZySFdseM,Soleus Strengthening Exercise for Runners,2015-06-08 18:55:26+00:00,232057,2847,116,Unknown,2025-12-01
Running,UCEBjuHm_Z6hz8Q6C_dm8bSg,James Dunne,fk0K3mYbPFc,If You Have a Metatarsal Stress Fracture... WATCH THIS,2016-03-11 14:30:35+00:00,230652,3023,92,Unknown,2025-12-01
Running,UCEBjuHm_Z6hz8Q6C_dm8bSg,James Dunne,Nv51vO2yS3I,You Want to Run a Marathon? WATCH THIS FIRST...,2015-10-27 21:30:07+00:00,229169,1835,82,Unknown,2025-12-01
Running,UCEBjuHm_Z6hz8Q6C_dm8bSg,James Dunne,rA8V4jRP0l4,Psoas March - Hip Flexor Strengthening Exercise,2015-01-19 18:47:40+00:00,228116,1562,58,Unknown,2025-12-01
Running,UCEBjuHm_Z6hz8Q6C_dm8bSg,James Dunne,lUjVK6a4Zmc,Improve Your Ankle Mobility INSTANTLY with This Simple Exercise,2019-10-07 15:23:12+00:00,219941,5111,152,Unknown,2025-12-01
Running,UCEBjuHm_Z6hz8Q6C_dm8bSg,James Dunne,mmZ7GJJsYE8,How to Use Your Glutes When Running - Glute Activation for Runners,2019-06-18 16:57:44+00:00,211989,4197,106,Unknown,2025-12-01
Running,UCEBjuHm_Z6hz8Q6C_dm8bSg,James Dunne,VaDL_zBnFlY,3 Best Adductor Strength Exercises for Groin Strain Recovery,2016-08-04 22:03:22+00:00,208914,2849,61,Unknown,2025-12-01
Running,UCEBjuHm_Z6hz8Q6C_dm8bSg,James Dunne,-Jw7ZM152q0,How to Plank for Longer:  Four Core Strength Exercise Tips [Ep63],2016-08-01 21:22:05+00:00,207590,2586,229,Unknown,2025-12-01
Running,UCEBjuHm_Z6hz8Q6C_dm8bSg,James Dunne,TwcJKZFTqJw,Soleus Muscle Foam Roller Technique for Tight Calves,2017-03-20 22:37:05+00:00,201227,1870,32,Unknown,2025-12-01
Running,UCEBjuHm_Z6hz8Q6C_dm8bSg,James Dunne,zJCA7pQ1o7g,Single Leg Squats to Strengthen the Glutes,2010-11-21 10:27:46+00:00,199727,787,39,Unknown,2025-12-01
Running,UCjGZ6D8hJFvLur5K_p9vKAA,The Run Experience,KmHdKti34D0,Learn to Run Properly:  Fix Your Head and Your Hips,2016-11-04 16:30:00+00:00,195250,2049,60,Unknown,2025-11-30
Running,UCEBjuHm_Z6hz8Q6C_dm8bSg,James Dunne,7Zs4hh4cp98,Dynamic Calf Warm-Up For Running,2012-11-25 09:02:26+00:00,193696,1387,15,Unknown,2025-12-01
Running,UCEBjuHm_Z6hz8Q6C_dm8bSg,James Dunne,bLdrCTponaE,12 Minute Strength Workout for Runners (INJURY PREVENTION),2020-07-19 07:15:10+00:00,181127,5117,102,Unknown,2025-12-01
Running,UCEBjuHm_Z6hz8Q6C_dm8bSg,James Dunne,GB1eGns0vKI,Are your GLUTES even working when you run? (HOW TO FIND OUT),2020-07-06 07:15:00+00:00,179032,4815,99,Unknown,2025-12-01
Running,UCEBjuHm_Z6hz8Q6C_dm8bSg,James Dunne,SnSQ83UH124,Basic Plyometric Drills for Runners [Ep72],2016-08-10 22:34:47+00:00,178639,2931,49,Unknown,2025-12-01
Running,UCEBjuHm_Z6hz8Q6C_dm8bSg,James Dunne,8EQebFOz2P4,The No.1 Rule for Running Faster (NOT WHAT YOU THINK),2022-05-02 12:25:38+00:00,175431,2939,169,Unknown,2025-12-01
Running,UCjGZ6D8hJFvLur5K_p9vKAA,The Run Experience,40AVEqGE3eE,"If You Hate Running, This is Probably Why",2020-12-31 13:30:00+00:00,174279,4854,432,Unknown,2025-11-30
Running,UCEBjuHm_Z6hz8Q6C_dm8bSg,James Dunne,_PQbJN6dzRY,Run PAIN FREE with this 10 minute IT band rehab routine,2019-08-21 17:15:01+00:00,166099,4416,78,Unknown,2025-12-01
Running,UCEBjuHm_Z6hz8Q6C_dm8bSg,James Dunne,iBrFklAXeSM,I Tried to Run 5K Every Day for 30 Days (IT CHANGED ME),2023-11-05 14:30:34+00:00,158091,1711,164,Unknown,2025-12-01
Running,UCEBjuHm_Z6hz8Q6C_dm8bSg,James Dunne,KE-jMpMujeA,The No.1 Way to Run Faster for Longer,2022-08-15 11:09:23+00:00,155472,2752,76,Unknown,2025-12-01
Running,UCEBjuHm_Z6hz8Q6C_dm8bSg,James Dunne,wJxUpyZhj40,Kenyan Running Warm-Up - Elite Track Drills,2012-07-11 16:08:44+00:00,152067,1656,14,Unknown,2025-12-01
Running,UCEBjuHm_Z6hz8Q6C_dm8bSg,James Dunne,kCaCxEkp4k0,Top 5 Reasons You're STILL Not Running Faster,2022-10-27 10:02:20+00:00,150567,2439,94,Unknown,2025-12-01
Running,UCEBjuHm_Z6hz8Q6C_dm8bSg,James Dunne,KLzj-LDgSNk,The No.1 Rule ALL Runners Over 40 MUST Follow,2022-08-22 10:44:36+00:00,150220,2138,184,Unknown,2025-12-01
Running,UCEBjuHm_Z6hz8Q6C_dm8bSg,James Dunne,lkNlB9TYqwo,Run Fast. Run Slow. Running Technique Analysis [Ep73],2016-08-12 00:04:05+00:00,150077,2029,80,Unknown,2025-12-01
Running,UCEBjuHm_Z6hz8Q6C_dm8bSg,James Dunne,R7TpxcNwkgQ,This will TRANSFORM your next long run (EASY RUNNING FORM),2020-06-26 07:15:01+00:00,149315,4433,100,Unknown,2025-12-01
Running,UCEBjuHm_Z6hz8Q6C_dm8bSg,James Dunne,d-TnbIfHOD0,Resistance Band Glute Exercises: Crab Walk [Ep49],2016-05-14 07:11:51+00:00,148280,842,19,Unknown,2025-12-01
Running,UCEBjuHm_Z6hz8Q6C_dm8bSg,James Dunne,7_D_IUv-t18,Tibialis Anterior Exercise for Runners [Ep52],2016-07-20 18:10:53+00:00,146564,1342,50,Unknown,2025-12-01
Running,UCEBjuHm_Z6hz8Q6C_dm8bSg,James Dunne,H3pfjvlk2hA,Running Analysis of Heel Strike vs Forefoot Strike Technique [Ep64],2016-08-02 20:44:40+00:00,146387,1352,112,Unknown,2025-12-01
Running,UCEBjuHm_Z6hz8Q6C_dm8bSg,James Dunne,Erd0uyu03go,Quick Tips for Running Technique Assessment [Ep56],2016-07-25 16:57:52+00:00,146060,1451,58,Unknown,2025-12-01
Running,UCEBjuHm_Z6hz8Q6C_dm8bSg,James Dunne,i_Yk6u23h_U,PERFECT RUNNING FORM - 5 Tips ALL Runners Can Learn from Kenenisa Bekele,2020-04-10 17:02:20+00:00,145683,2275,73,Unknown,2025-12-01
Running,UCEBjuHm_Z6hz8Q6C_dm8bSg,James Dunne,q0lkU9gIQVg,Unlock the hidden POWER in your hips to RUN FASTER,2020-06-09 07:49:29+00:00,145449,4679,73,Unknown,2025-12-01
Running,UCEBjuHm_Z6hz8Q6C_dm8bSg,James Dunne,Npz-kOxdy9I,Single Leg Squats: Two Tips for Better Knee Control,2017-03-22 23:45:44+00:00,144463,1688,50,Unknown,2025-12-01
Running,UCEBjuHm_Z6hz8Q6C_dm8bSg,James Dunne,LcHEM0LUako,"PERFECT RUNNING FORM: Running Cadence, Simplified",2023-07-21 05:41:05+00:00,141355,1593,37,Unknown,2025-12-01
Running,UCEBjuHm_Z6hz8Q6C_dm8bSg,James Dunne,08lmp5zQAmA,How to Increase Running Cadence (with a Metronome App),2014-12-25 18:46:00+00:00,140311,1183,43,Unknown,2025-12-01
Running,UCEBjuHm_Z6hz8Q6C_dm8bSg,James Dunne,GBG90AIPGdg,The Running Gait Cycle Made Simple - Running Video Analysis [Ep17],2015-10-19 09:15:33+00:00,138623,1055,47,Unknown,2025-12-01
Running,UCEBjuHm_Z6hz8Q6C_dm8bSg,James Dunne,hc-zPTqBT-k,I Tried Andrew Huberman's No.1 Running Tip,2023-10-15 17:51:46+00:00,133719,1375,138,Unknown,2025-12-01
Running,UCEBjuHm_Z6hz8Q6C_dm8bSg,James Dunne,kI79u0ym8yM,Running Your FIRST MARATHON? Don't make these BEGINNER mistakes...,2019-09-09 06:00:03+00:00,132130,2715,157,Unknown,2025-12-01
Running,UCEBjuHm_Z6hz8Q6C_dm8bSg,James Dunne,XCHap_Nfat4,How to Run Without STOPPING (Even When You Get Tired!),2016-06-11 12:11:50+00:00,128449,1743,119,Unknown,2025-12-01
Running,UCEBjuHm_Z6hz8Q6C_dm8bSg,James Dunne,JBpCxpZglqQ,RUNNING WITH RUNNER'S KNEE: A few things you NEED to know about knee pain,2020-11-14 12:15:01+00:00,127979,1876,134,Unknown,2025-12-01
Running,UCEBjuHm_Z6hz8Q6C_dm8bSg,James Dunne,PKn1AXse_fg,90% of Runners Must Fix This to Run Faster,2024-07-10 17:29:48+00:00,127515,1784,68,Unknown,2025-12-01
Running,UCEBjuHm_Z6hz8Q6C_dm8bSg,James Dunne,lXGnSJ63_vM,3 SIMPLE Ways to Foam Roll Your Glutes (and Ease Buttock Pain),2016-04-05 14:22:22+00:00,126141,1213,37,Unknown,2025-12-01
Running,UCEBjuHm_Z6hz8Q6C_dm8bSg,James Dunne,wV2Oihxwex0,Running with Asthma? WATCH THIS FIRST...,2020-11-03 07:15:01+00:00,124233,2751,198,Unknown,2025-12-01
Running,UCEBjuHm_Z6hz8Q6C_dm8bSg,James Dunne,gYajoeR_UF8,PERFECT RUNNING FORM - Explained,2022-01-26 15:29:53+00:00,123428,1648,34,Unknown,2025-12-01
Running,UCEBjuHm_Z6hz8Q6C_dm8bSg,James Dunne,T_RebqRBLXg,"Low Heart Rate Training, Simplified",2023-08-14 09:33:01+00:00,121339,2726,109,Unknown,2025-12-01
Running,UCEBjuHm_Z6hz8Q6C_dm8bSg,James Dunne,eELxVoey3-Q,Side Lying Straight Leg Raise - Glute Medius Strengthening Exercise,2018-07-22 18:10:39+00:00,120809,1275,66,Unknown,2025-12-01
Running,UCEBjuHm_Z6hz8Q6C_dm8bSg,James Dunne,GQS9ACO0wWQ,Kenenisa Bekele’s RUNNING FORM - 3 Simple Ways for YOU to Run Faster,2020-12-26 14:21:34+00:00,120554,2167,30,Unknown,2025-12-01
Running,UCEBjuHm_Z6hz8Q6C_dm8bSg,James Dunne,s2AWw9oJi_A,Shoulders feel TIGHT when you run? WATCH THIS...,2016-08-03 21:20:57+00:00,119647,3433,86,Unknown,2025-12-01
Running,UCjGZ6D8hJFvLur5K_p9vKAA,The Run Experience,hDNLomVdFtw,How To Run Properly Without Stopping,2018-01-10 21:00:02+00:00,119321,3964,123,Unknown,2025-11-30
Running,UCEBjuHm_Z6hz8Q6C_dm8bSg,James Dunne,7Qy90pMU3OI,Strength Imbalance: Training Your Weaker Side [Ep40],2016-03-29 19:15:41+00:00,119051,2384,74,Unknown,2025-12-01
Running,UCEBjuHm_Z6hz8Q6C_dm8bSg,James Dunne,yXyVEkrx-go,Run DOWNHILL without wrecking your knees,2015-08-31 09:45:23+00:00,117867,1106,34,Unknown,2025-12-01
Running,UCEBjuHm_Z6hz8Q6C_dm8bSg,James Dunne,SunfgpXTJeM,PERFECT RUNNING FORM... for this PRO Runner (2:05 Marathon),2022-04-26 16:18:33+00:00,117857,2008,122,Unknown,2025-12-01
Running,UCEBjuHm_Z6hz8Q6C_dm8bSg,James Dunne,UvQK5CsYXKc,RUNNING FASTER - Top 5 Reasons You’re Still Running Slow,2024-03-30 13:56:13+00:00,116896,1606,79,Unknown,2025-12-01
Running,UCEBjuHm_Z6hz8Q6C_dm8bSg,James Dunne,ORu8ja-OzBU,5 Simple Ways to Make Running Feel Easier (RUNNING FOR BEGINNERS),2020-07-17 07:15:00+00:00,116472,3303,71,Unknown,2025-12-01
Running,UCjGZ6D8hJFvLur5K_p9vKAA,The Run Experience,Ol37U0jpXfE,I Ran For 30 Minutes 30 Days in a Row. Fitter or Injured?,2020-11-16 13:30:01+00:00,116066,2004,199,Unknown,2025-11-30
Running,UCEBjuHm_Z6hz8Q6C_dm8bSg,James Dunne,AXp6Fp5y0vE,Mini Resistance Band Workout [Ep74],2016-08-12 22:22:29+00:00,115880,1030,23,Unknown,2025-12-01
Running,UCjGZ6D8hJFvLur5K_p9vKAA,The Run Experience,PV_dIraAWVM,5k Training | 3 Surprising Tips,2016-07-11 19:44:27+00:00,114648,2039,108,Unknown,2025-11-30
Running,UCEBjuHm_Z6hz8Q6C_dm8bSg,James Dunne,X-18hE06vJ8,3 Hip Mobility Exercises that will TRANSFORM Your Running,2020-07-20 17:43:03+00:00,110758,2857,38,Unknown,2025-12-01
Running,UCEBjuHm_Z6hz8Q6C_dm8bSg,James Dunne,55e7KaXrsEo,RUNNER'S KNEE: Avoid these HUGE mistakes for a FAST recovery,2020-11-06 12:15:00+00:00,110613,1749,53,Unknown,2025-12-01
Running,UCEBjuHm_Z6hz8Q6C_dm8bSg,James Dunne,LqZkcOy7LWE,Running GLUTE EXERCISES from BASIC to ADVANCED (step-by-step),2020-06-11 07:15:00+00:00,107572,3985,66,Unknown,2025-12-01
Running,UCEBjuHm_Z6hz8Q6C_dm8bSg,James Dunne,1Y89UJIbCGE,Power-Up Your Running Stride with this Primal Reflex (and RUN FASTER),2019-12-13 13:15:00+00:00,106797,2975,50,Unknown,2025-12-01
Running,UCEBjuHm_Z6hz8Q6C_dm8bSg,James Dunne,mdSE9FSsKdQ,How to Fix a Hip Drop when Running - 3 Exercises for Trendelenburg Gait - Running Technique,2020-05-16 07:28:40+00:00,101967,2900,41,Unknown,2025-12-01
Running,UCEBjuHm_Z6hz8Q6C_dm8bSg,James Dunne,3rkbQ82tlNs,Why Does My LEG FLICK OUT when I Run? - Running Technique,2019-09-18 14:52:34+00:00,99735,2125,112,Unknown,2025-12-01
Running,UCEBjuHm_Z6hz8Q6C_dm8bSg,James Dunne,au8eGDe465g,Mud on Your CALVES from Running - What Does it REALLY Mean?,2019-10-02 16:35:32+00:00,96380,1667,70,Unknown,2025-12-01
Running,UCjGZ6D8hJFvLur5K_p9vKAA,The Run Experience,RA64OMMTpZk,Beginners' Long Run Fueling Guide,2019-06-21 16:00:05+00:00,94692,2551,163,Unknown,2025-11-30
Running,UCjGZ6D8hJFvLur5K_p9vKAA,The Run Experience,4sRaEp6xND8,Foam Rolling Basics For Runners,2018-02-21 21:00:00+00:00,89089,1670,28,Unknown,2025-11-30
Running,UCjGZ6D8hJFvLur5K_p9vKAA,The Run Experience,Z8hOd1ZlpcE,How Long Can the Coaches Run Olympic Marathon Pace?,2021-08-16 12:30:12+00:00,81186,731,48,Unknown,2025-11-30
Running,UCjGZ6D8hJFvLur5K_p9vKAA,The Run Experience,Vdxyb8rd5YI,Cadence: The #1 Running Form Cue I wish I knew when I first started.,2021-02-25 13:30:04+00:00,75701,1571,102,Unknown,2025-11-30
Running,UCjGZ6D8hJFvLur5K_p9vKAA,The Run Experience,RGTjWVHARIg,How To Get Rid Of Side Stitches,2017-03-02 01:00:01+00:00,67700,1326,137,Unknown,2025-11-30
Running,UCjGZ6D8hJFvLur5K_p9vKAA,The Run Experience,F4XBshtRmyU,Running Technique Rules To Improve Footstrike,2017-02-07 01:00:00+00:00,66423,2126,48,Unknown,2025-11-30
Running,UCjGZ6D8hJFvLur5K_p9vKAA,The Run Experience,J3WbOvPd7v8,What Core Exercises Should Runners Do?,2014-05-19 23:56:53+00:00,61273,236,7,Unknown,2025-11-30
Running,UCjGZ6D8hJFvLur5K_p9vKAA,The Run Experience,5Y9_2VgmaoQ,5k Post Run Stretches: Our 4 Favorites!,2017-11-20 21:00:00+00:00,60878,1456,56,Unknown,2025-11-30
Running,UCjGZ6D8hJFvLur5K_p9vKAA,The Run Experience,7Ox-4cLS8Gk,Find Your Best Running Shoes | Avoid These Mistakes!,2014-05-02 20:04:48+00:00,59331,399,20,Unknown,2025-11-30
Running,UCjGZ6D8hJFvLur5K_p9vKAA,The Run Experience,UV4xQL57YRo,The 4 Things You Should Do to Make Every Run Great,2020-07-27 12:30:07+00:00,53255,1803,74,Unknown,2025-11-30
Running,UCjGZ6D8hJFvLur5K_p9vKAA,The Run Experience,f0imVulOZPw,Single Leg Strength Training for Marathon Runners!,2016-08-26 16:00:04+00:00,52672,1393,16,Unknown,2025-11-30
Running,UCjGZ6D8hJFvLur5K_p9vKAA,The Run Experience,WqN-e9PN1zg,Calling All Beginners! Follow Along Run With Coach Holly,2020-02-21 12:00:08+00:00,48901,2364,90,Unknown,2025-11-30
Running,UCjGZ6D8hJFvLur5K_p9vKAA,The Run Experience,htJueVbbS_Q,Hydration For Runners,2017-07-15 00:00:02+00:00,47956,1809,62,Unknown,2025-11-30
Running,UCjGZ6D8hJFvLur5K_p9vKAA,The Run Experience,DYFVyjp0J00,How To Run A Faster Marathon with Pro Runner Alexi Pappas,2019-02-18 22:30:00+00:00,47379,947,35,Unknown,2025-11-30
Running,UCjGZ6D8hJFvLur5K_p9vKAA,The Run Experience,KfXz5zkPOCM,Pre Workout Supplements For Runners,2019-06-14 17:00:02+00:00,46979,966,71,Unknown,2025-11-30
Running,UCjGZ6D8hJFvLur5K_p9vKAA,The Run Experience,3VWk_ud4i6E,How to Start Running | A Step by Step Guide,2020-06-15 12:30:00+00:00,46224,1411,57,Unknown,2025-11-30
Running,UCjGZ6D8hJFvLur5K_p9vKAA,The Run Experience,jtb3GHVeSIw,Nutrition For Marathon Runners,2017-03-09 01:00:02+00:00,45235,1316,53,Unknown,2025-11-30
Running,UCjGZ6D8hJFvLur5K_p9vKAA,The Run Experience,6zUy621AH5w,How To Prevent Running Injuries For Good,2017-03-07 01:00:00+00:00,45102,1734,58,Unknown,2025-11-30
Running,UCjGZ6D8hJFvLur5K_p9vKAA,The Run Experience,YiozPvk-gu8,How to Do Push-ups and Run Faster,2019-02-15 20:00:06+00:00,43656,1336,34,Unknown,2025-11-30
Running,UCjGZ6D8hJFvLur5K_p9vKAA,The Run Experience,AfoLRftUk2I,How Cycling Can Lead You To Run Stronger,2021-08-09 12:30:02+00:00,37961,1290,104,Unknown,2025-11-30
Running,UCjGZ6D8hJFvLur5K_p9vKAA,The Run Experience,WqgMNU8ge-c,Marathon Running Form: 3 Quick Tips to Run Your Best!,2016-12-12 18:23:58+00:00,35218,941,22,Unknown,2025-11-30
Running,UCjGZ6D8hJFvLur5K_p9vKAA,The Run Experience,dU4urU0HenQ,Should You Run Twice a Day?,2019-10-21 12:00:11+00:00,34498,890,101,Unknown,2025-11-30
Running,UCjGZ6D8hJFvLur5K_p9vKAA,The Run Experience,lw5cluM9ewg,The Difference Between Good Pain & Bad Pain Running,2019-09-06 12:29:33+00:00,33954,977,59,Unknown,2025-11-30
Running,UCjGZ6D8hJFvLur5K_p9vKAA,The Run Experience,lKdOvIApkh0,Uncommon Core Exercises: Pushups,2014-08-20 13:26:12+00:00,32556,81,5,Unknown,2025-11-30
Running,UCjGZ6D8hJFvLur5K_p9vKAA,The Run Experience,w6IoBWBlCXI,How Cold Is Too Cold to Run?,2023-02-20 05:00:20+00:00,32368,735,82,Unknown,2025-11-30
Running,UCjGZ6D8hJFvLur5K_p9vKAA,The Run Experience,3pk9AnphYak,How Runners Tie Their Shoes!!!,2021-07-10 17:00:02+00:00,31619,1360,0,Unknown,2025-11-30
Running,UCjGZ6D8hJFvLur5K_p9vKAA,The Run Experience,kIBeIs1UUOE,I Trained for a 100 Miler in 6 Weeks,2020-10-26 12:30:05+00:00,30381,963,137,Unknown,2025-11-30
Running,UCjGZ6D8hJFvLur5K_p9vKAA,The Run Experience,IZ9u2MvW0AQ,LIVE AT THE 2022 NYC MARATHON,2022-11-06 19:45:49+00:00,30361,500,19,Unknown,2025-11-30
Running,UCjGZ6D8hJFvLur5K_p9vKAA,The Run Experience,oKaz9mg8tzw,5 Strava Hacks to Sky Rocket Your Run Fitness!,2021-02-11 13:30:10+00:00,29674,506,57,Unknown,2025-11-30
Running,UCjGZ6D8hJFvLur5K_p9vKAA,The Run Experience,ZihNwsV983c,A Message From Coach Holly,2021-11-17 14:31:47+00:00,28902,1834,286,Unknown,2025-11-30
Running,UCjGZ6D8hJFvLur5K_p9vKAA,The Run Experience,jpqhPmQQONM,Why Every Runner Needs To Squat Part 2,2018-10-03 19:01:44+00:00,28703,1018,23,Unknown,2025-11-30
Running,UCjGZ6D8hJFvLur5K_p9vKAA,The Run Experience,TaRuKmotR08,Core Strength Training for Runners | 2 Killer Exercises,2016-09-26 19:00:00+00:00,28599,807,26,Unknown,2025-11-30
Running,UCjGZ6D8hJFvLur5K_p9vKAA,The Run Experience,m5ykm_gFCuQ,Heart Rate Zones EXPLAINED!,2021-05-05 12:30:08+00:00,28182,1108,78,Unknown,2025-11-30
Running,UCjGZ6D8hJFvLur5K_p9vKAA,The Run Experience,1JN2_hgtoQ0,Transitioning to a Zero Drop Shoe - Running Strength | Part 2,2018-11-14 20:30:00+00:00,28002,904,40,Unknown,2025-11-30
Running,UCjGZ6D8hJFvLur5K_p9vKAA,The Run Experience,WdDGsFJq9r8,Distance Running Weight Training Workout With A Kettlebell,2016-12-07 19:23:42+00:00,27914,722,19,Unknown,2025-11-30
Running,UCjGZ6D8hJFvLur5K_p9vKAA,The Run Experience,65gH5_HPmJQ,What Is a Burpee Mile?,2021-05-22 14:35:16+00:00,26721,795,54,Unknown,2025-11-30
Running,UCjGZ6D8hJFvLur5K_p9vKAA,The Run Experience,CTrhY6KvRjw,Running Form Flaws | with Mario Fraioli,2014-05-28 01:26:04+00:00,25804,112,1,Unknown,2025-11-30
Running,UCjGZ6D8hJFvLur5K_p9vKAA,The Run Experience,95ln74Ql_iw,Are Gels Good for Runners?,2019-08-30 12:00:02+00:00,25059,662,127,Unknown,2025-11-30
Running,UCjGZ6D8hJFvLur5K_p9vKAA,The Run Experience,DKYnVLhEcP4,How to Use RPE Rate of Perceived Effort for a Better Run,2020-03-16 11:00:04+00:00,24967,1007,31,Unknown,2025-11-30
Running,UCjGZ6D8hJFvLur5K_p9vKAA,The Run Experience,Kg1PJj8ukFw,5K Training for Beginners: Build Strength & Speed with this Workout,2016-07-20 16:00:02+00:00,24858,414,3,Unknown,2025-11-30
Running,UCjGZ6D8hJFvLur5K_p9vKAA,The Run Experience,0h78a38cX5A,Post-Race Recovery For Runners,2017-02-28 01:00:00+00:00,24516,531,13,Unknown,2025-11-30
Running,UCjGZ6D8hJFvLur5K_p9vKAA,The Run Experience,wJ5Ssq8a4ZA,How To Fix Your Stiff Ankles & Improve Your Stride,2021-06-18 12:30:10+00:00,24302,741,35,Unknown,2025-11-30
Running,UCjGZ6D8hJFvLur5K_p9vKAA,The Run Experience,PJU6ECqiWK4,Does Alcohol Affect Your Running?,2019-01-04 21:00:02+00:00,24273,679,80,Unknown,2025-11-30
Running,UCjGZ6D8hJFvLur5K_p9vKAA,The Run Experience,fA2zg-Y_0Fs,The QUICKEST Way To Get Faster at Running,2021-10-06 22:20:29+00:00,22980,1024,51,Unknown,2025-11-30
Running,UCjGZ6D8hJFvLur5K_p9vKAA,The Run Experience,4mN0JVxcJks,3 Steps To Fixing Plantar Fasciitis For Runners (Part 3): Stability Exercises,2017-10-07 00:00:01+00:00,22368,847,20,Unknown,2025-11-30
Running,UCjGZ6D8hJFvLur5K_p9vKAA,The Run Experience,AdC5Du0HgtY,Workout Wednesday | Plyometric Power for Runners,2019-04-17 17:00:00+00:00,21636,701,29,Unknown,2025-11-30
Running,UCjGZ6D8hJFvLur5K_p9vKAA,The Run Experience,c18QIcSE3xk,Mental Fatigue and Brain Fuel for Runners,2019-03-29 20:00:04+00:00,21168,917,73,Unknown,2025-11-30
Running,UCjGZ6D8hJFvLur5K_p9vKAA,The Run Experience,1BIp2WmZgQc,Transitioning to a Zero Drop Shoe - Injury Prevention | Part 3,2018-11-16 21:00:00+00:00,18423,539,17,Unknown,2025-11-30
Running,UCjGZ6D8hJFvLur5K_p9vKAA,The Run Experience,gCmR5RcAt9A,Anti-Rotational Core Work for Runners,2019-05-31 19:44:49+00:00,18412,561,19,Unknown,2025-11-30
Running,UCjGZ6D8hJFvLur5K_p9vKAA,The Run Experience,Qt12UpZHbuQ,Injury Prevention for Hamstrings & Glutes!,2016-09-02 17:10:39+00:00,17282,508,9,Unknown,2025-11-30
Running,UCjGZ6D8hJFvLur5K_p9vKAA,The Run Experience,yzBYt-YD8PM,Strength Training for a 5k | A Beginner's Story,2019-10-28 12:00:12+00:00,16393,383,41,Unknown,2025-11-30
Running,UCjGZ6D8hJFvLur5K_p9vKAA,The Run Experience,OYeWzlG5apM,Become a Runner in 3 Easy Steps!,2021-07-03 04:00:15+00:00,15843,460,7,Unknown,2025-11-30
Running,UCjGZ6D8hJFvLur5K_p9vKAA,The Run Experience,CYMoPdSpB3M,How To Get Back Into Running?,2022-05-30 14:16:48+00:00,14953,656,40,Unknown,2025-11-30
Running,UCjGZ6D8hJFvLur5K_p9vKAA,The Run Experience,bdnQoPHhDTI,Tempo vs Long vs Easy Runs???,2021-05-27 16:32:46+00:00,14738,256,24,Unknown,2025-11-30
Running,UCjGZ6D8hJFvLur5K_p9vKAA,The Run Experience,PSfMSfD9ZFs,Train the Mind! Killer 3-Minute Workout for Runners,2020-05-22 12:30:04+00:00,14702,595,32,Unknown,2025-11-30
Running,UCjGZ6D8hJFvLur5K_p9vKAA,The Run Experience,c7ZZrzOlci0,Couch To 5K Stretches | Our 3 Favorites!,2017-09-28 00:00:01+00:00,13285,303,10,Unknown,2025-11-30
Running,UCjGZ6D8hJFvLur5K_p9vKAA,The Run Experience,zIAFJJMAJbs,How To Sprint Faster With Better Form,2017-09-06 00:00:03+00:00,13042,288,16,Unknown,2025-11-30
Running,UCjGZ6D8hJFvLur5K_p9vKAA,The Run Experience,DqerGXlMw9o,Review | Reebok Harmony Road,2017-05-16 00:00:00+00:00,12858,142,17,Unknown,2025-11-30
Running,UCjGZ6D8hJFvLur5K_p9vKAA,The Run Experience,_CJe8ojpt-A,Cold Showers and Running | Why it Works!,2022-07-25 18:34:38+00:00,12829,357,32,Unknown,2025-11-30
SUP,UC3htxIhwMYw3b2pJNYZmjbQ,Starboard SUP,ZOcH1H2OOqQ,How to begin in waves - tips and techniques,2011-02-24 09:06:41+00:00,379358,335,17,Unknown,2025-12-01
SUP,UCiCUiIxc6CsWK75idM0eMLg,SUP Boarding Magazine,txHRdySWmsI,#PPG2018 Pro Men's Technical Final,2018-10-09 20:07:00+00:00,327463,2060,54,Unknown,2025-11-30
SUP,UC3htxIhwMYw3b2pJNYZmjbQ,Starboard SUP,x_aYH0kXrT0,How To Deflate and Pack Your Inflatable Paddle Board,2020-12-08 16:09:20+00:00,212999,746,33,Unknown,2025-12-01
SUP,UCiCUiIxc6CsWK75idM0eMLg,SUP Boarding Magazine,1UO0o1VZTIA,Top Tips from the Pros: Candice Appleby - SUP Magazine,2014-07-07 16:22:45+00:00,187591,853,21,Unknown,2025-11-30
SUP,UC3htxIhwMYw3b2pJNYZmjbQ,Starboard SUP,ejbEAtkyefc,Go Foil with Starboard,2016-05-20 02:05:51+00:00,153201,243,25,Unknown,2025-12-01
SUP,UCiCUiIxc6CsWK75idM0eMLg,SUP Boarding Magazine,62IXGBPFC7I,SUP Surfing the Kelly Slater Wave Pool,2017-11-03 19:11:31+00:00,140925,495,127,Unknown,2025-11-30
SUP,UC3htxIhwMYw3b2pJNYZmjbQ,Starboard SUP,B1vSWKbNOcQ,2019 SUP Windsurfing Inflatable Board,2018-09-19 06:23:25+00:00,130569,302,14,Unknown,2025-12-01
SUP,UC3htxIhwMYw3b2pJNYZmjbQ,Starboard SUP,SCFkG2tKAnE,Introduction to Basic Paddle Technique and Turning on Starboard SUP,2014-11-03 08:27:31+00:00,108833,575,11,Unknown,2025-12-01
SUP,UCiCUiIxc6CsWK75idM0eMLg,SUP Boarding Magazine,F_q2mEhvkss,SUP mag original: Spencer Lacy Pushes the Frontier of River SUP,2016-12-12 20:09:39+00:00,95388,1262,51,Unknown,2025-11-30
SUP,UC3htxIhwMYw3b2pJNYZmjbQ,Starboard SUP,0uPC2p1uVTA,How to hold your Starboard SUP Paddle,2014-11-03 08:27:33+00:00,90987,164,4,Unknown,2025-12-01
SUP,UCiCUiIxc6CsWK75idM0eMLg,SUP Boarding Magazine,zcB_xZhAGdA,SUP Surfing in Sumatra,2018-05-23 23:52:44+00:00,89669,590,28,Unknown,2025-11-30
SUP,UC3htxIhwMYw3b2pJNYZmjbQ,Starboard SUP,_rEhkt6-YQ4,Zane Schweitzer Takes on Mainland Mexico!,2012-10-27 10:16:42+00:00,81116,372,23,Unknown,2025-12-01
SUP,UC3htxIhwMYw3b2pJNYZmjbQ,Starboard SUP,zyFR76MQEQg,Starboard SUP Racing Techniques  with Titouan Puyo,2014-11-03 08:27:32+00:00,80543,374,5,Unknown,2025-12-01
SUP,UC3htxIhwMYw3b2pJNYZmjbQ,Starboard SUP,H2h8EiRr-eY,How to get back on your SUP inflatable board,2017-06-07 07:55:10+00:00,76667,245,10,Unknown,2025-12-01
SUP,UCiCUiIxc6CsWK75idM0eMLg,SUP Boarding Magazine,SM6m39GlfKk,#PPG2018 Pro Women's Technical Final,2018-10-09 22:05:39+00:00,74995,466,8,Unknown,2025-11-30
SUP,UCiCUiIxc6CsWK75idM0eMLg,SUP Boarding Magazine,qSHR-Vzpivw,Maui SUP Training With World Champ Connor Baxter,2017-03-22 16:27:26+00:00,72670,592,13,Unknown,2025-11-30
SUP,UCiCUiIxc6CsWK75idM0eMLg,SUP Boarding Magazine,YPRLVT3Nz6o,Conversessions Full Movie,2017-08-29 01:49:31+00:00,72181,570,35,Unknown,2025-11-30
SUP,UC3htxIhwMYw3b2pJNYZmjbQ,Starboard SUP,BK-O0q1dMfI,2016 Hypernut - Starboard SUP Innovation,2015-10-20 05:02:29+00:00,70018,110,7,Unknown,2025-12-01
SUP,UC3htxIhwMYw3b2pJNYZmjbQ,Starboard SUP,p8ItqI46a_4,How To Repair An Inflatable Paddle Board Puncture,2020-10-30 09:50:06+00:00,65567,324,38,Unknown,2025-12-01
SUP,UC3htxIhwMYw3b2pJNYZmjbQ,Starboard SUP,PKEycLF-q0o,2020 Starboard Sprint - New Fastest Race Paddleboard (SUP),2019-07-23 16:32:57+00:00,63589,297,4,Unknown,2025-12-01
SUP,UC3htxIhwMYw3b2pJNYZmjbQ,Starboard SUP,jqtb8zbwT9I,How to fix your AST or Carbon SUP,2014-06-16 03:54:05+00:00,61360,212,19,Unknown,2025-12-01
SUP,UC3htxIhwMYw3b2pJNYZmjbQ,Starboard SUP,f3uPH0Hr0wQ,Tiki Talks Ep. 3: Connor Baxter Trevor Tunnington on SUP Technique Facebook,2020-02-21 15:00:09+00:00,58900,825,21,Unknown,2025-12-01
SUP,UC3htxIhwMYw3b2pJNYZmjbQ,Starboard SUP,_92WHvhtJ0Q,2019 Starboard Foil Surf Board [New Shape],2019-01-31 10:57:47+00:00,53442,68,3,Unknown,2025-12-01
SUP,UC3htxIhwMYw3b2pJNYZmjbQ,Starboard SUP,R7GYJMkAYLU,2020 Starboard Hyper Foil - New Best SUP Foiling Board Design,2019-09-10 08:55:31+00:00,52025,176,5,Unknown,2025-12-01
SUP,UC3htxIhwMYw3b2pJNYZmjbQ,Starboard SUP,hkDz4HfiDhU,How to inflate and deflate our Starboard SUP,2017-06-07 07:57:05+00:00,51063,213,13,Unknown,2025-12-01
SUP,UCiCUiIxc6CsWK75idM0eMLg,SUP Boarding Magazine,n7LVuvg9KW0,Building Plywood SUPs From Scratch,2018-01-16 18:26:21+00:00,50306,388,23,Unknown,2025-11-30
SUP,UC3htxIhwMYw3b2pJNYZmjbQ,Starboard SUP,80FgPsMHKZE,2016 All Star - Starboard SUP Racing Revolution,2015-10-19 10:24:32+00:00,44765,70,1,Unknown,2025-12-01
SUP,UCiCUiIxc6CsWK75idM0eMLg,SUP Boarding Magazine,nHd44N7vc-Y,Learning to SUP Foil Part 1: Getting Up and Going,2018-01-02 22:46:33+00:00,42403,257,14,Unknown,2025-11-30
SUP,UC3htxIhwMYw3b2pJNYZmjbQ,Starboard SUP,_nRXMDP_BSk,2013 Maui to Moloka'i SUP Race - Zane Schweitzer (Starboard),2013-07-23 06:05:41+00:00,40093,73,3,Unknown,2025-12-01
SUP,UCiCUiIxc6CsWK75idM0eMLg,SUP Boarding Magazine,YPesl4FFuOQ,The Wild West - SUP Surfing in OZ,2018-11-04 23:17:47+00:00,38975,324,7,Unknown,2025-11-30
SUP,UC3htxIhwMYw3b2pJNYZmjbQ,Starboard SUP,v9YFiep_qfQ,"2016 7'4"" x 25.5"" PRO - Starboard SUP Reviewed by Sean Poynter",2015-10-02 10:07:37+00:00,35803,94,7,Unknown,2025-12-01
SUP,UCiCUiIxc6CsWK75idM0eMLg,SUP Boarding Magazine,WxrQkRmTR0w,Local X Pro: Standup Paddling at San Onofre,2017-10-31 00:13:56+00:00,35465,30,1,Unknown,2025-11-30
SUP,UCiCUiIxc6CsWK75idM0eMLg,SUP Boarding Magazine,tpgSvPa9XlM,#PPG2018 Men's Pro Junior Technical Final - FULL RACE,2018-10-11 01:44:53+00:00,34586,263,7,Unknown,2025-11-30
SUP,UC3htxIhwMYw3b2pJNYZmjbQ,Starboard SUP,V0SICRKPH_U,2018 Innovation Hypernut and Nut,2018-02-02 05:09:29+00:00,34489,54,1,Unknown,2025-12-01
SUP,UC3htxIhwMYw3b2pJNYZmjbQ,Starboard SUP,LwXspxntIl0,2023 Starboard All Star — The All-Water Race Machine Has Been Upgraded,2023-01-09 13:59:01+00:00,34352,331,13,Unknown,2025-12-01
SUP,UCiCUiIxc6CsWK75idM0eMLg,SUP Boarding Magazine,EsqTZDnnRRc,"Paddle More, Wear Less: The Swimsuit Shoot Part II",2014-08-20 23:38:42+00:00,33153,101,7,Unknown,2025-11-30
SUP,UCiCUiIxc6CsWK75idM0eMLg,SUP Boarding Magazine,ehN0kbVoC6M,Kai Lenny SUP Surfing Kelly Slater's Surf Ranch,2018-05-07 15:44:03+00:00,31956,191,11,Unknown,2025-11-30
SUP,UC3htxIhwMYw3b2pJNYZmjbQ,Starboard SUP,zqUqVPtqnFU,2014 Battle of the Paddle; Starboard,2014-10-06 12:41:04+00:00,31478,94,3,Unknown,2025-12-01
SUP,UC3htxIhwMYw3b2pJNYZmjbQ,Starboard SUP,XbkkAO6_jFY,"Starboard 10'0""x34"" Whopper",2015-03-11 02:52:37+00:00,30410,54,1,Unknown,2025-12-01
SUP,UC3htxIhwMYw3b2pJNYZmjbQ,Starboard SUP,i5tqDh6xcMY,2014 Starboard SUP Pocket Rocket,2014-02-20 09:51:08+00:00,29690,37,1,Unknown,2025-12-01
SUP,UC3htxIhwMYw3b2pJNYZmjbQ,Starboard SUP,jo7ur5tVqrE,2020 Starboard Pro - New Model High Performance Surf Paddleboard,2019-09-10 08:03:44+00:00,28791,158,11,Unknown,2025-12-01
SUP,UC3htxIhwMYw3b2pJNYZmjbQ,Starboard SUP,gpfjbUCKhCs,2022 Starboard Air Foil — NEW Inflatable Wing Foil Board,2022-06-02 06:50:31+00:00,28791,176,12,Unknown,2025-12-01
SUP,UCiCUiIxc6CsWK75idM0eMLg,SUP Boarding Magazine,TEIl_YOYs_s,"How to have the best paddle weekend ever in Big Pine Key, Florida",2019-04-07 21:13:19+00:00,28328,8,0,Unknown,2025-11-30
SUP,UCiCUiIxc6CsWK75idM0eMLg,SUP Boarding Magazine,MK8aRibTpOY,"How to have the best paddle weekend ever in Key Largo, Florida",2019-03-20 01:10:08+00:00,27867,18,0,Unknown,2025-11-30
SUP,UCiCUiIxc6CsWK75idM0eMLg,SUP Boarding Magazine,2lTvqhIlUs4,"How to have the best paddle weekend ever in Key West, Florida",2019-04-24 00:28:08+00:00,27741,21,0,Unknown,2025-11-30
SUP,UC3htxIhwMYw3b2pJNYZmjbQ,Starboard SUP,Zp6peesuw1U,2020 Starboard Waterline Stand Up Paddleboard,2019-11-27 06:36:56+00:00,27524,141,1,Unknown,2025-12-01
SUP,UC3htxIhwMYw3b2pJNYZmjbQ,Starboard SUP,UuxxOXZOUOM,Starboard Inflatable Woven Technology for Inflatable Paddleboards,2020-01-20 02:08:45+00:00,27477,137,5,Unknown,2025-12-01
SUP,UCiCUiIxc6CsWK75idM0eMLg,SUP Boarding Magazine,TE8TD8AkTYc,2018 Rottnest Classic,2018-06-01 22:53:21+00:00,26126,145,1,Unknown,2025-11-30
SUP,UC3htxIhwMYw3b2pJNYZmjbQ,Starboard SUP,I3t6z4b9y2Q,"2016 Whopper 10'0"" and Whopper 9'5"" - Starboard SUP Surf",2015-10-20 09:18:14+00:00,26037,29,2,Unknown,2025-12-01
SUP,UC3htxIhwMYw3b2pJNYZmjbQ,Starboard SUP,Sp653GaLwQc,2022 Starboard Take Off - The Ultimate Foil Board for Wingfoil/ Wingsurf/ Foil Surf,2021-11-17 09:14:01+00:00,25757,141,7,Unknown,2025-12-01
SUP,UC3htxIhwMYw3b2pJNYZmjbQ,Starboard SUP,ooqvfci3IpM,2021 Starboard All Star - New Dugout Design - Fastest All Water Race Paddle Board,2020-08-15 09:58:51+00:00,25178,213,15,Unknown,2025-12-01
SUP,UC3htxIhwMYw3b2pJNYZmjbQ,Starboard SUP,RJ5Ie6gsl1g,2019 Starboard Hyper Nut,2018-09-19 07:13:09+00:00,25037,70,6,Unknown,2025-12-01
SUP,UC3htxIhwMYw3b2pJNYZmjbQ,Starboard SUP,yhObyJH8ze8,2021 Hyper Nut and Foil 4-in-1 by Starboard - Innovative Surf SUP with Inverted Rails,2020-09-26 09:05:50+00:00,24361,87,2,Unknown,2025-12-01
SUP,UC3htxIhwMYw3b2pJNYZmjbQ,Starboard SUP,RcQXy8Vunh4,SUP Racing in the Beautiful French Riviera,2017-05-26 14:27:30+00:00,22162,105,7,Unknown,2025-12-01
SUP,UC3htxIhwMYw3b2pJNYZmjbQ,Starboard SUP,pDEu3x1pfGg,"2020 Starboard Generation ~ One Paddleboard for Surfing, Racing & Touring",2019-12-13 09:15:28+00:00,21751,102,4,Unknown,2025-12-01
SUP,UC3htxIhwMYw3b2pJNYZmjbQ,Starboard SUP,LR8_qIQuKmU,How to strap a paddleboard to your car roof rack – Quick & Easy,2025-06-19 06:35:58+00:00,21582,349,7,Unknown,2025-12-01
SUP,UC3htxIhwMYw3b2pJNYZmjbQ,Starboard SUP,RKUKX4hrWwc,Starboard SUP Surf Pro 2014,2014-02-18 06:19:44+00:00,21543,22,1,Unknown,2025-12-01
SUP,UC3htxIhwMYw3b2pJNYZmjbQ,Starboard SUP,2KvRfybFjso,The Starboard Inflatable SUPs,2014-11-03 08:27:32+00:00,21446,37,0,Unknown,2025-12-01
SUP,UC3htxIhwMYw3b2pJNYZmjbQ,Starboard SUP,yb4WI0F93aQ,2018 Starboard SPRINT,2017-08-04 06:26:08+00:00,21271,64,0,Unknown,2025-12-01
SUP,UC3htxIhwMYw3b2pJNYZmjbQ,Starboard SUP,v9azF7Xp_v0,2019 Starboard SUP Brand Video,2018-09-17 10:56:11+00:00,20947,90,2,Unknown,2025-12-01
SUP,UC3htxIhwMYw3b2pJNYZmjbQ,Starboard SUP,zi6GE1mUDVQ,"Starboard 8'10""x32"" Widepoint",2015-03-11 02:50:25+00:00,20802,29,7,Unknown,2025-12-01
SUP,UC3htxIhwMYw3b2pJNYZmjbQ,Starboard SUP,slZeqtBVHd0,"2021 Generation by Starboard - 3 in 1 Paddleboard for Surfing, Touring & Racing",2020-09-18 08:31:38+00:00,20465,110,5,Unknown,2025-12-01
SUP,UC3htxIhwMYw3b2pJNYZmjbQ,Starboard SUP,AmatKjZz2gI,Starboard SUP Thruster VS Quad,2014-11-03 08:27:32+00:00,20429,54,1,Unknown,2025-12-01
SUP,UC3htxIhwMYw3b2pJNYZmjbQ,Starboard SUP,rj1_mDRC9YM,2023 Spice Surf Paddle Board —  The New Quiver Killer by Starboard SUP,2022-09-26 12:00:10+00:00,20204,137,20,Unknown,2025-12-01
SUP,UC3htxIhwMYw3b2pJNYZmjbQ,Starboard SUP,k3-ffiURkLU,2017 Starboard All Star Boards,2016-10-13 06:36:54+00:00,19628,32,1,Unknown,2025-12-01
SUP,UC3htxIhwMYw3b2pJNYZmjbQ,Starboard SUP,S5T_r8u4GyA,2018 All Round,2017-10-24 08:04:24+00:00,19502,43,2,Unknown,2025-12-01
SUP,UC3htxIhwMYw3b2pJNYZmjbQ,Starboard SUP,FzIEPNxqocc,"10'5""x30"" Drive",2011-02-24 08:58:32+00:00,19229,13,1,Unknown,2025-12-01
SUP,UC3htxIhwMYw3b2pJNYZmjbQ,Starboard SUP,g2tC1FKjsg4,Benoit Crowned 2022 APP SUP Surf World Champion at Gran Canaria Pro-Am,2022-11-25 09:53:03+00:00,19151,723,43,Unknown,2025-12-01
SUP,UCiCUiIxc6CsWK75idM0eMLg,SUP Boarding Magazine,uqDqfk2MEdA,The Chronicles Of An Adventure Photographer: Laura Austin explores the Southern Sierra,2017-08-17 17:52:50+00:00,18977,4,0,Unknown,2025-11-30
SUP,UC3htxIhwMYw3b2pJNYZmjbQ,Starboard SUP,mVeM_ZjnlXg,2024 Starboard Ace Foil | Downwind SUP Foiling Board,2023-09-15 04:04:12+00:00,18844,100,6,Unknown,2025-12-01
SUP,UC3htxIhwMYw3b2pJNYZmjbQ,Starboard SUP,LH2iuMhm-S4,"2016 PRO 9'0"", 8'5"", 8'0"", 7'7"" - Starboard SUP PRO-Performance",2015-10-20 07:51:50+00:00,18635,20,0,Unknown,2025-12-01
SUP,UCiCUiIxc6CsWK75idM0eMLg,SUP Boarding Magazine,OLzMyLIkdF8,Austin Kalama's Alley-Oop on SUP Foil,2018-02-22 00:17:33+00:00,18498,169,5,Unknown,2025-11-30
SUP,UC3htxIhwMYw3b2pJNYZmjbQ,Starboard SUP,eRvz8QrZgvw,Caribbean Christmas with Starboard SUP,2012-12-11 18:45:09+00:00,17897,44,2,Unknown,2025-12-01
SUP,UC3htxIhwMYw3b2pJNYZmjbQ,Starboard SUP,vX2HnbQTzys,"2024 Starboard Spice | SUP Surf Master of Rail Carving,  Speed and Drive",2023-09-15 04:03:38+00:00,17782,104,4,Unknown,2025-12-01
SUP,UC3htxIhwMYw3b2pJNYZmjbQ,Starboard SUP,Kis93w1gJ0g,The All New 2023 Starboard Race range is finally here 🔥 online now 🔥,2023-01-11 14:29:34+00:00,17514,299,1,Unknown,2025-12-01
SUP,UC3htxIhwMYw3b2pJNYZmjbQ,Starboard SUP,RqpWPm7dEvg,2021 Longboard SUP by Starboard - the Evolution of the Classic Surf Shape - with Zane Schweitzer,2020-09-24 06:13:07+00:00,17400,96,2,Unknown,2025-12-01
SUP,UC3htxIhwMYw3b2pJNYZmjbQ,Starboard SUP,8rjZVFLZ63M,2014 Airborn,2013-11-22 09:56:58+00:00,17296,37,1,Unknown,2025-12-01
SUP,UCiCUiIxc6CsWK75idM0eMLg,SUP Boarding Magazine,GR2Ga5xxJIE,Sunrise SUP Sessions at Teahupo'o,2018-03-02 22:50:39+00:00,17181,154,8,Unknown,2025-11-30
SUP,UC3htxIhwMYw3b2pJNYZmjbQ,Starboard SUP,iGM-xY8RGrk,2018 Inflatable All Round,2017-10-24 08:03:46+00:00,17019,21,0,Unknown,2025-12-01
SUP,UC3htxIhwMYw3b2pJNYZmjbQ,Starboard SUP,wFjvMqbxLmE,2021 Starboard Sprint - New Fastest Flat Water Race Paddle Board Design,2020-08-17 09:43:42+00:00,16953,128,4,Unknown,2025-12-01
SUP,UCiCUiIxc6CsWK75idM0eMLg,SUP Boarding Magazine,jnZQJkzthCI,Spencer Lacy's Glacier SUP Toboggan Ride in Alaska,2018-05-31 18:25:59+00:00,16881,67,3,Unknown,2025-11-30
SUP,UC3htxIhwMYw3b2pJNYZmjbQ,Starboard SUP,nRXYZdPL1ow,How the Center Fin Position Changes the Performance of Starboard SUP.,2014-11-07 10:44:21+00:00,16866,30,1,Unknown,2025-12-01
SUP,UC3htxIhwMYw3b2pJNYZmjbQ,Starboard SUP,DaECx-9UKSc,2022/ 2023 Starboard Touring Inflatable Paddle Board — Fully Equipped Adventure iSUP,2022-04-06 08:15:28+00:00,16532,70,7,Unknown,2025-12-01
SUP,UC3htxIhwMYw3b2pJNYZmjbQ,Starboard SUP,kgAj_1ace6A,2022 Starboard Generation - The Paddle Board That Does It All,2021-11-17 09:13:45+00:00,16510,60,1,Unknown,2025-12-01
SUP,UC3htxIhwMYw3b2pJNYZmjbQ,Starboard SUP,ImrJBmRC23w,"Starboard 9'5""x32"" Widepoint",2015-03-11 02:51:11+00:00,16297,20,0,Unknown,2025-12-01
SUP,UCiCUiIxc6CsWK75idM0eMLg,SUP Boarding Magazine,ye28QUNpf5M,Techniques to Paddle Out Through Surf on Standup Paddleboard,2018-04-12 22:56:59+00:00,16118,184,14,Unknown,2025-11-30
SUP,UC3htxIhwMYw3b2pJNYZmjbQ,Starboard SUP,wuZdbe-6nss,Izzi Gomez 2014 Women's SUP World Champion!,2014-09-28 02:04:11+00:00,16101,59,2,Unknown,2025-12-01
SUP,UC3htxIhwMYw3b2pJNYZmjbQ,Starboard SUP,cSe5gPTWweg,2022 Starboard Sprint - Fastest Ever Flatwater Paddle Board,2021-11-17 05:15:09+00:00,16078,110,8,Unknown,2025-12-01
SUP,UC3htxIhwMYw3b2pJNYZmjbQ,Starboard SUP,liqzuF4G6w8,All-Round/ Surf Paddle Board Review: Whopper vs Avanti vs Wedge by SUSS,2020-11-06 09:38:35+00:00,15927,91,22,Unknown,2025-12-01
SUP,UC3htxIhwMYw3b2pJNYZmjbQ,Starboard SUP,kYwb4FJei44,Starboard Carbon Sandwich Technology,2015-12-18 05:49:45+00:00,15250,43,0,Unknown,2025-12-01
SUP,UC3htxIhwMYw3b2pJNYZmjbQ,Starboard SUP,ACP0vuDBr2Y,2016 Inflatable Touring – Starboard SUP,2015-10-20 06:30:11+00:00,15168,11,0,Unknown,2025-12-01
SUP,UC3htxIhwMYw3b2pJNYZmjbQ,Starboard SUP,Jv8mnYNP96Q,Starboard's Welded Rail Technology for Inflatable Paddle boards,2021-06-09 08:33:51+00:00,15013,45,1,Unknown,2025-12-01
SUP,UC3htxIhwMYw3b2pJNYZmjbQ,Starboard SUP,5Otx3vCNj6E,Starboard SUP Inflatable - How to Inflate,2014-11-03 08:25:12+00:00,14993,15,1,Unknown,2025-12-01
SUP,UC3htxIhwMYw3b2pJNYZmjbQ,Starboard SUP,X2Ksyr2-8TM,How to Get Started and Stand Up on your Starboard SUP,2014-11-03 08:27:32+00:00,14987,26,0,Unknown,2025-12-01
SUP,UC3htxIhwMYw3b2pJNYZmjbQ,Starboard SUP,KFvYDKeQ9t4,Zane Schweitzer takes the OverAll Win at the Abu Dhabi All Star Invitational!!,2013-04-09 10:12:44+00:00,14986,54,7,Unknown,2025-12-01
SUP,UC3htxIhwMYw3b2pJNYZmjbQ,Starboard SUP,G1a2E6QSY9o,Sean Poynter SUP Surfing Starboard Pro Model,2016-08-26 07:38:02+00:00,14952,71,7,Unknown,2025-12-01
SUP,UC3htxIhwMYw3b2pJNYZmjbQ,Starboard SUP,IXCs9Z77SOU,2018 Sean Poynter Pro 7'4,2018-02-02 05:09:53+00:00,14916,50,2,Unknown,2025-12-01
SUP,UC3htxIhwMYw3b2pJNYZmjbQ,Starboard SUP,bKnAgkOt4kM,2013 M2O Race with Zane Schweitzer & Connor Baxter,2013-08-18 18:01:53+00:00,14886,77,4,Unknown,2025-12-01
SUP,UC3htxIhwMYw3b2pJNYZmjbQ,Starboard SUP,5shdvXVHIdY,Starboard Team Training in New Zealand,2015-04-06 11:12:51+00:00,14642,55,4,Unknown,2025-12-01
SUP,UC3htxIhwMYw3b2pJNYZmjbQ,Starboard SUP,TeffvzkJP5Q,"Starboard Avanti 11'2"" x 36"" Reviewed by Zane Schweitzer",2015-10-06 04:16:34+00:00,14543,57,2,Unknown,2025-12-01
SUP,UC3htxIhwMYw3b2pJNYZmjbQ,Starboard SUP,jdKIzKSoSXU,Experience Copenhagen Canals by SUP with Trevor Tunnington,2017-11-23 08:28:48+00:00,14519,82,3,Unknown,2025-12-01
SUP,UC3htxIhwMYw3b2pJNYZmjbQ,Starboard SUP,8lwBBKOwoyo,"9'8""x30 Element",2011-02-24 09:03:14+00:00,14479,7,5,Unknown,2025-12-01
SUP,UC3htxIhwMYw3b2pJNYZmjbQ,Starboard SUP,q68KuLU6NUQ,2016 Wide Point Range - Starboard SUP Surf,2015-10-20 09:19:57+00:00,14447,10,1,Unknown,2025-12-01
SUP,UC3htxIhwMYw3b2pJNYZmjbQ,Starboard SUP,XV6FIuilPuc,2018 Pro Surf,2017-10-24 08:04:49+00:00,14436,27,1,Unknown,2025-12-01
SUP,UC3htxIhwMYw3b2pJNYZmjbQ,Starboard SUP,5hyCj6GspYg,2019 Starboard Lite Tech,2018-10-09 02:50:58+00:00,14432,45,0,Unknown,2025-12-01
SUP,UC3htxIhwMYw3b2pJNYZmjbQ,Starboard SUP,rrY7xav4H7g,2023 Starboard Sprint | The Fastest Got Even Faster | Optimised Flatwater Race SUP,2023-01-10 06:39:02+00:00,14399,235,14,Unknown,2025-12-01
SUP,UC3htxIhwMYw3b2pJNYZmjbQ,Starboard SUP,6504GQvUT9c,2021 Touring SUP by Starboard - the Ultimate Paddleboard for Exploring and Adventure,2020-10-02 08:10:28+00:00,14336,71,1,Unknown,2025-12-01
SUP,UC3htxIhwMYw3b2pJNYZmjbQ,Starboard SUP,2QCUYJP90SU,"Starboard 2014 7'7"" Pro SUP Surf",2014-03-13 10:23:45+00:00,14148,33,1,Unknown,2025-12-01
SUP,UC3htxIhwMYw3b2pJNYZmjbQ,Starboard SUP,35LQiETl1qg,2021 Waterline by Starboard - Ultimate Flatwater Touring Paddleboard,2020-09-20 09:18:26+00:00,13850,66,3,Unknown,2025-12-01
SUP,UC3htxIhwMYw3b2pJNYZmjbQ,Starboard SUP,uFRxEemehWQ,2014 Allstar Race Board,2013-11-26 06:01:21+00:00,13786,25,1,Unknown,2025-12-01
SUP,UC3htxIhwMYw3b2pJNYZmjbQ,Starboard SUP,9fbb0uN3YdI,Gen R vs All Star | Starboard Race Board Comparison by Fiona Wylde,2023-08-15 09:44:52+00:00,13736,119,8,Unknown,2025-12-01
SUP,UC3htxIhwMYw3b2pJNYZmjbQ,Starboard SUP,qteYFGBXrow,"2016 8'5"" x 30"" Pocket Rocket - Starboard SUP Surf",2015-10-20 07:11:58+00:00,13621,8,0,Unknown,2025-12-01
SUP,UC3htxIhwMYw3b2pJNYZmjbQ,Starboard SUP,037DiN-XKwA,Starboard's 2020 Brand Mission ~ Come Paddle with Us,2019-10-29 18:31:06+00:00,13393,158,12,Unknown,2025-12-01
SUP,UC3htxIhwMYw3b2pJNYZmjbQ,Starboard SUP,ggkfJyVwsKY,The Starboard R&D Story [2020 Race Board],2019-07-10 10:22:29+00:00,13207,124,4,Unknown,2025-12-01
SUP,UC3htxIhwMYw3b2pJNYZmjbQ,Starboard SUP,DjzHyY9ADV8,2018 Touring and Freeride,2018-02-02 05:07:53+00:00,13187,32,0,Unknown,2025-12-01
SUP,UC3htxIhwMYw3b2pJNYZmjbQ,Starboard SUP,P952wab0pI0,"2017 Starboard Pro Performance 8'0""",2016-10-11 04:01:22+00:00,13012,30,1,Unknown,2025-12-01
SUP,UC3htxIhwMYw3b2pJNYZmjbQ,Starboard SUP,Ean_N0BBc84,How to Attach a Leash to Starboard SUP Composite Board.,2014-11-03 08:27:33+00:00,13009,13,0,Unknown,2025-12-01
SUP,UCiCUiIxc6CsWK75idM0eMLg,SUP Boarding Magazine,-mHdEDfDEnA,SUP and Freediving With Orcas in Norway,2017-11-20 20:06:34+00:00,12888,31,2,Unknown,2025-11-30
SUP,UC3htxIhwMYw3b2pJNYZmjbQ,Starboard SUP,MQQNMJCROek,Captain Zane Schweitzer Wing Foiling Maui | Starboard x Airush FreeWing,2020-05-21 22:00:13+00:00,12879,120,5,Unknown,2025-12-01
SUP,UC3htxIhwMYw3b2pJNYZmjbQ,Starboard SUP,U_ulUJqV72k,2016 Starboard SUP Brand Video,2015-09-18 05:58:34+00:00,12635,33,0,Unknown,2025-12-01
SUP,UCiCUiIxc6CsWK75idM0eMLg,SUP Boarding Magazine,HaxD3jvRHOU,The River Life Road Trip: SUP Cross,2014-06-10 05:00:09+00:00,12633,44,2,Unknown,2025-11-30
SUP,UC3htxIhwMYw3b2pJNYZmjbQ,Starboard SUP,j6zUptF1ZBs,Pro vs Spice vs Wedge — Which Starboard Surf Model is Best for You?,2022-09-30 08:57:41+00:00,12527,92,6,Unknown,2025-12-01
SUP,UC3htxIhwMYw3b2pJNYZmjbQ,Starboard SUP,pntPdvq2f2I,2019 Starboard Inflatable Airline,2018-09-17 20:42:49+00:00,12398,39,2,Unknown,2025-12-01
SUP,UCiCUiIxc6CsWK75idM0eMLg,SUP Boarding Magazine,U6LbpTKGEU4,Slater Trout SUP Surfing in Indonesia,2017-07-14 21:56:37+00:00,12370,103,3,Unknown,2025-11-30
SUP,UC3htxIhwMYw3b2pJNYZmjbQ,Starboard SUP,OZ1QbJiINYk,2019 Starboard Pro,2018-09-17 09:45:31+00:00,12315,39,0,Unknown,2025-12-01
SUP,UC3htxIhwMYw3b2pJNYZmjbQ,Starboard SUP,iEYs6NQKkGM,Starboard Teammates Izzi Gomez & Iballa Moreno at Wadi Adventure Park,2014-05-28 06:32:11+00:00,12296,43,1,Unknown,2025-12-01
SUP,UC3htxIhwMYw3b2pJNYZmjbQ,Starboard SUP,Oz5xdKGtRQg,"2016 9'0""x30"" Converse - Starboard SUP Surf",2015-10-20 03:17:57+00:00,12260,14,1,Unknown,2025-12-01
SUP,UCiCUiIxc6CsWK75idM0eMLg,SUP Boarding Magazine,yqTLmUwDC7k,Build Your Own Board Rack,2018-02-21 23:58:55+00:00,11441,63,2,Unknown,2025-11-30
SUP,UCiCUiIxc6CsWK75idM0eMLg,SUP Boarding Magazine,ixS4jdetFGw,On Set at the SUP Magazine Swimsuit Issue,2014-08-19 17:04:58+00:00,10616,21,1,Unknown,2025-11-30
SUP,UCiCUiIxc6CsWK75idM0eMLg,SUP Boarding Magazine,CZYvfHDsfnU,Couple lives SUP Foil Surfing Dream on Maui | SUP The Mag,2017-04-07 20:54:38+00:00,10243,66,7,Unknown,2025-11-30
SUP,UCiCUiIxc6CsWK75idM0eMLg,SUP Boarding Magazine,VrhcuIg0PZU,Across the Channel presented by Seiko,2017-12-20 17:52:54+00:00,9393,11,1,Unknown,2025-11-30
SUP,UCiCUiIxc6CsWK75idM0eMLg,SUP Boarding Magazine,irzbK_FtD-g,Big-Wave SUP Surfing in Hawaii with Lucas Medeiros,2018-02-23 20:58:01+00:00,9186,58,1,Unknown,2025-11-30
SUP,UCiCUiIxc6CsWK75idM0eMLg,SUP Boarding Magazine,YOK1-RoyTEI,"Field Notes: Free Diving in Casa Cenote, Tulum, Mexico",2014-07-10 18:03:27+00:00,8663,29,4,Unknown,2025-11-30
SUP,UCiCUiIxc6CsWK75idM0eMLg,SUP Boarding Magazine,fVx66HvFogk,Learning to SUP Foil Part 2: Know Your Equipment,2018-01-02 23:53:05+00:00,8598,57,3,Unknown,2025-11-30
SUP,UCiCUiIxc6CsWK75idM0eMLg,SUP Boarding Magazine,ifYzhagKvuM,The Rides We Love: RYAN HELM,2014-02-05 18:12:39+00:00,8444,43,1,Unknown,2025-11-30
SUP,UCiCUiIxc6CsWK75idM0eMLg,SUP Boarding Magazine,HkAf9vk7ujQ,SUP Spearfishing and Surfing Adventure in Baja California,2018-05-20 22:18:11+00:00,7834,100,2,Unknown,2025-11-30
SUP,UCiCUiIxc6CsWK75idM0eMLg,SUP Boarding Magazine,qhyua2dc08s,Rubbing is Racing: Kai Lenny and Connor Baxter at the BOP 2014,2014-10-05 01:50:35+00:00,7786,8,0,Unknown,2025-11-30
SUP,UCiCUiIxc6CsWK75idM0eMLg,SUP Boarding Magazine,bzbXIXIz4jA,San-O Surf Session with Dave Boehne,2017-11-07 23:06:35+00:00,7664,52,2,Unknown,2025-11-30
SUP,UCiCUiIxc6CsWK75idM0eMLg,SUP Boarding Magazine,9jI2AbSWEWs,The Maliko Downwind Run -- SUP Magazine,2014-05-06 22:51:22+00:00,7306,9,5,Unknown,2025-11-30
SUP,UCiCUiIxc6CsWK75idM0eMLg,SUP Boarding Magazine,tMKARZMbSDs,Learning to SUP Foil Part 3: Lessons Learned,2018-01-03 18:24:29+00:00,6853,62,6,Unknown,2025-11-30
SUP,UCiCUiIxc6CsWK75idM0eMLg,SUP Boarding Magazine,G5AXZ23NrNo,The River Life Road Trip: River Surfing with Kai Lenny,2014-06-07 20:10:56+00:00,6845,18,0,Unknown,2025-11-30
SUP,UCiCUiIxc6CsWK75idM0eMLg,SUP Boarding Magazine,t0TZ7zR0cvU,Top Tips from the Pros: Anthony Vela - SUP Magazine,2014-07-07 19:17:19+00:00,6841,31,1,Unknown,2025-11-30
SUP,UCiCUiIxc6CsWK75idM0eMLg,SUP Boarding Magazine,EXUZu9LwXSc,La Traversée | SUP Expedition From US to Canada,2017-11-09 18:39:51+00:00,6304,102,4,Unknown,2025-11-30
SUP,UCiCUiIxc6CsWK75idM0eMLg,SUP Boarding Magazine,X6vviuo5GGM,Skills: Choosing the Right Fin,2014-10-16 16:55:12+00:00,6100,60,4,Unknown,2025-11-30
SUP,UCiCUiIxc6CsWK75idM0eMLg,SUP Boarding Magazine,FdURHfBEjTg,Safe SUP Choices: Wear a Leash and PFD,2017-05-18 23:27:30+00:00,5613,27,3,Unknown,2025-11-30
SUP,UCiCUiIxc6CsWK75idM0eMLg,SUP Boarding Magazine,KP6PXjaH2sM,Paddle More Wear Less: The Swimsuit Shoot Part III,2014-08-21 01:22:46+00:00,5590,17,0,Unknown,2025-11-30
SUP,UCiCUiIxc6CsWK75idM0eMLg,SUP Boarding Magazine,5mqRr52iqrg,SUP Surfing Finals Highlights from the 2018 ISA World Championships,2018-11-26 19:39:36+00:00,5560,59,2,Unknown,2025-11-30
SUP,UCiCUiIxc6CsWK75idM0eMLg,SUP Boarding Magazine,3ACXwBAi_-o,SUP Surfing in Indonesia with Kai Bates,2018-02-15 18:57:04+00:00,5128,45,0,Unknown,2025-11-30
SUP,UCiCUiIxc6CsWK75idM0eMLg,SUP Boarding Magazine,1MN6D6arMlg,Paddling Through Norway's Lofoten Archipelago,2018-02-08 01:07:22+00:00,5105,66,2,Unknown,2025-11-30
SUP,UCiCUiIxc6CsWK75idM0eMLg,SUP Boarding Magazine,8M6BphwbcaI,This Is: SUP Magazine,2018-01-30 01:30:59+00:00,5094,10,0,Unknown,2025-11-30
SUP,UCiCUiIxc6CsWK75idM0eMLg,SUP Boarding Magazine,HwjW9TDGxPU,Australia's Best SUP Surfers,2018-10-02 23:54:16+00:00,5092,46,2,Unknown,2025-11-30
SUP,UCiCUiIxc6CsWK75idM0eMLg,SUP Boarding Magazine,uZ745y7fwQg,2015 Carolina Cup Inside Scoop: Ching and Grant,2015-04-27 19:28:11+00:00,5033,6,1,Unknown,2025-11-30
SUP,UCiCUiIxc6CsWK75idM0eMLg,SUP Boarding Magazine,__gWWBidXBM,Top Tips from the Pros: Jamie Mitchell - SUP Magazine,2014-08-04 20:44:55+00:00,4960,15,0,Unknown,2025-11-30
SUP,UCiCUiIxc6CsWK75idM0eMLg,SUP Boarding Magazine,aPwvycQcHmo,Raw Oregon: Part One,2014-09-12 17:32:40+00:00,4728,22,0,Unknown,2025-11-30
SUP,UCiCUiIxc6CsWK75idM0eMLg,SUP Boarding Magazine,hDnH0riNOXQ,"Paddling Accidents Episode 1 - Drowning in Laguna Beach, CA",2018-06-13 20:21:26+00:00,4492,22,3,Unknown,2025-11-30
SUP,UCiCUiIxc6CsWK75idM0eMLg,SUP Boarding Magazine,0Kbm5eK9QI0,SUP Surfing the Canary Islands with Shakira and Iballa,2017-10-18 22:27:04+00:00,4440,39,3,Unknown,2025-11-30
SUP,UCiCUiIxc6CsWK75idM0eMLg,SUP Boarding Magazine,Bbq60LTdEfY,2015 Pacific Paddle Games - Day 2 Webcast,2016-03-11 21:58:50+00:00,4317,16,16,Unknown,2025-11-30
SUP,UCiCUiIxc6CsWK75idM0eMLg,SUP Boarding Magazine,G9n2lGQ6Il8,SUP Groms | Dave de Armas Rips in Panama,2018-07-31 21:22:47+00:00,4070,60,6,Unknown,2025-11-30
SUP,UCiCUiIxc6CsWK75idM0eMLg,SUP Boarding Magazine,GHGZ9gRrzWE,2013 SUP Awards Presented by Body Glove- The SUP Magazine Lifetime Achievement Award- Laird Hamilton,2013-09-28 17:46:57+00:00,4044,6,0,Unknown,2025-11-30
SUP,UCiCUiIxc6CsWK75idM0eMLg,SUP Boarding Magazine,m_yJ2phiJKg,"12'6"" SUPs vs. 20-Foot Waves",2017-11-08 22:13:15+00:00,4003,24,1,Unknown,2025-11-30
SUP,UCiCUiIxc6CsWK75idM0eMLg,SUP Boarding Magazine,DOHEMnztpX0,The Frontier of River SUP: Spencer Lacy Standup Paddles Chile,2017-10-12 00:13:21+00:00,3551,39,2,Unknown,2025-11-30
SUP,UCiCUiIxc6CsWK75idM0eMLg,SUP Boarding Magazine,tBi_AXTDr0A,Mo Freitas Ripping in Hawaii,2018-01-26 03:29:09+00:00,3269,21,4,Unknown,2025-11-30
SUP,UCiCUiIxc6CsWK75idM0eMLg,SUP Boarding Magazine,afqYi56WoPo,Delphine Macaire | France's New SUP Surfing Champion,2017-11-15 01:35:51+00:00,3257,33,0,Unknown,2025-11-30
SUP,UCiCUiIxc6CsWK75idM0eMLg,SUP Boarding Magazine,mXoxpXUujhw,Top Tips from the Pros: Travis Grant - SUP Magazine,2014-07-21 16:42:01+00:00,3177,14,0,Unknown,2025-11-30
SUP,UCiCUiIxc6CsWK75idM0eMLg,SUP Boarding Magazine,pvMJc_twTbg,A Family SUP Adventure in Europe,2017-10-05 00:08:51+00:00,3175,15,0,Unknown,2025-11-30
SUP,UCiCUiIxc6CsWK75idM0eMLg,SUP Boarding Magazine,riqZsSqgSF8,Highlights | Technical Race Finals from the 2018 ISA World Championship,2018-11-28 19:36:05+00:00,3029,28,0,Unknown,2025-11-30
SUP,UCiCUiIxc6CsWK75idM0eMLg,SUP Boarding Magazine,HA3mqnnaWAo,Go Pro Mountain Games SUP Cross Final,2013-06-11 19:49:19+00:00,2996,3,1,Unknown,2025-11-30
SUP,UCiCUiIxc6CsWK75idM0eMLg,SUP Boarding Magazine,403oL-KpdTE,Safe SUP Choices: Know Your Limits,2017-05-24 18:25:47+00:00,2888,15,0,Unknown,2025-11-30
SUP,UCiCUiIxc6CsWK75idM0eMLg,SUP Boarding Magazine,3aKa1rvIHYQ,Sophia Bartlow on her US SUP Tour win,2014-07-21 14:25:33+00:00,2881,16,1,Unknown,2025-11-30
SUP,UCiCUiIxc6CsWK75idM0eMLg,SUP Boarding Magazine,0kv-qV0Wzxs,"How to have the best paddle weekend ever in Islamorada, Florida",2019-03-04 20:42:05+00:00,2871,10,0,Unknown,2025-11-30
SUP,UCiCUiIxc6CsWK75idM0eMLg,SUP Boarding Magazine,4Dc1dlZfD54,2013 SUP Awards Presented by Body Glove - Male #1 - Kai Lenny,2013-09-28 17:44:00+00:00,2850,24,1,Unknown,2025-11-30
SUP,UCiCUiIxc6CsWK75idM0eMLg,SUP Boarding Magazine,JByvwc2w2pA,#PPG2018 Highlights,2018-10-18 23:15:40+00:00,2846,25,1,Unknown,2025-11-30
SUP,UCiCUiIxc6CsWK75idM0eMLg,SUP Boarding Magazine,Kb5YJF23Auo,Raw Oregon Full,2014-11-20 19:11:07+00:00,2828,33,4,Unknown,2025-11-30
SUP,UCiCUiIxc6CsWK75idM0eMLg,SUP Boarding Magazine,xURA1kXdEKE,2012 SUP Awards - Movie of the Year: H2IndO,2012-09-28 16:54:36+00:00,2808,34,27,Unknown,2025-11-30
SUP,UCiCUiIxc6CsWK75idM0eMLg,SUP Boarding Magazine,AToGtFekMuo,"The River Life: Dave Boehne, Slater Trout, Chuck Patterson",2013-12-06 00:38:25+00:00,2789,5,0,Unknown,2025-11-30
SUP,UCiCUiIxc6CsWK75idM0eMLg,SUP Boarding Magazine,p0HceHmI2zg,2013 SUP Awards Presented by Body Glove- Movie of the Year- STAND,2013-09-28 17:33:34+00:00,2667,4,0,Unknown,2025-11-30
SUP,UCiCUiIxc6CsWK75idM0eMLg,SUP Boarding Magazine,zk68jUVjGro,SUP Surfer Sebastian Gomez Scores in Peru,2018-06-13 19:23:16+00:00,2648,38,2,Unknown,2025-11-30
SUP,UCiCUiIxc6CsWK75idM0eMLg,SUP Boarding Magazine,5Kudqynj9mI,Pacific Paddle Games Day One Highlights,2017-10-01 19:18:08+00:00,2570,13,0,Unknown,2025-11-30
SUP,UCiCUiIxc6CsWK75idM0eMLg,SUP Boarding Magazine,R7xwdrWrMnA,"Field Notes: SUP Yoga in Tulum, Mexico",2014-07-21 18:23:48+00:00,2558,6,0,Unknown,2025-11-30
SUP,UCiCUiIxc6CsWK75idM0eMLg,SUP Boarding Magazine,DKijD4cFPz4,2017 Trump Wetsuit Japan Pro-Am,2017-05-16 23:12:54+00:00,2490,19,1,Unknown,2025-11-30
SUP,UCiCUiIxc6CsWK75idM0eMLg,SUP Boarding Magazine,ujoJCDJ5_Ds,2 Hours in Rhode Island --- SUP magazine,2014-04-28 21:32:43+00:00,2483,8,0,Unknown,2025-11-30
SUP,UCiCUiIxc6CsWK75idM0eMLg,SUP Boarding Magazine,wkEpBpWDizA,Tips for the Distance Race #PPG2018,2018-09-04 21:44:41+00:00,2475,28,0,Unknown,2025-11-30
SUP,UCiCUiIxc6CsWK75idM0eMLg,SUP Boarding Magazine,WOEJRKOiMqo,Wetsuit and Paddle Wear Guide: Zhik Superwarm,2014-12-01 17:12:57+00:00,2432,2,0,Unknown,2025-11-30
SUP,UCiCUiIxc6CsWK75idM0eMLg,SUP Boarding Magazine,4IxoRWwyIp0,Payette River Games SUP Cross -- Men's Chaos,2013-06-24 18:05:37+00:00,2376,0,0,Unknown,2025-11-30
SUP,UCiCUiIxc6CsWK75idM0eMLg,SUP Boarding Magazine,OEbkzfFTmxQ,Field Notes: Cancun Freedive,2014-07-30 22:10:52+00:00,2355,10,0,Unknown,2025-11-30
SUP,UCiCUiIxc6CsWK75idM0eMLg,SUP Boarding Magazine,XY0D51rRIm0,Behind the Spring 2014 Cover with Dave Boehne,2014-03-07 21:43:29+00:00,2199,2,0,Unknown,2025-11-30
SUP,UCiCUiIxc6CsWK75idM0eMLg,SUP Boarding Magazine,kUAxSyM8SO0,"How to Have the Best SUP Weekend Ever in Marathon, FL",2018-12-01 22:52:14+00:00,2181,19,0,Unknown,2025-11-30
SUP,UCiCUiIxc6CsWK75idM0eMLg,SUP Boarding Magazine,l9NMenFxk9M,2012 SUP Awards - #2 MALE: Kai Lenny,2012-09-28 15:49:53+00:00,2180,15,2,Unknown,2025-11-30
SUP,UCiCUiIxc6CsWK75idM0eMLg,SUP Boarding Magazine,pIGBgLxcKNc,The Rides We Love: David Peterson,2013-10-16 22:32:04+00:00,2152,4,1,Unknown,2025-11-30
SUP,UCiCUiIxc6CsWK75idM0eMLg,SUP Boarding Magazine,j__Y4C7m16E,SUP Racing Highlights: 2017 ChattaJack31,2017-11-28 22:27:06+00:00,2140,16,5,Unknown,2025-11-30
SUP,UCiCUiIxc6CsWK75idM0eMLg,SUP Boarding Magazine,RJobVNwPl8A,The Rides We Love: Best of Sunset Beach Pro — SUP magazine,2014-02-06 19:09:33+00:00,2120,2,0,Unknown,2025-11-30
SUP,UCiCUiIxc6CsWK75idM0eMLg,SUP Boarding Magazine,04r4Jh17i-I,Safe SUP Choices: Know Your Limits,2018-06-14 22:44:59+00:00,2019,20,0,Unknown,2025-11-30
SUP,UCiCUiIxc6CsWK75idM0eMLg,SUP Boarding Magazine,RsHCyqlgX4c,The Rides We Love: NOAH YAP,2014-03-05 18:13:43+00:00,1944,12,0,Unknown,2025-11-30
SUP,UCiCUiIxc6CsWK75idM0eMLg,SUP Boarding Magazine,72PxcPNzK3E,Making A Board with Shaper Studios,2014-09-09 23:11:07+00:00,1927,8,0,Unknown,2025-11-30
SUP,UCiCUiIxc6CsWK75idM0eMLg,SUP Boarding Magazine,6ZgQDyGG3xU,The River Life: Michael Tavares,2013-11-13 23:45:40+00:00,1924,4,0,Unknown,2025-11-30
SUP,UCiCUiIxc6CsWK75idM0eMLg,SUP Boarding Magazine,Gk6fOZuyANw,Safe SUP Choices: Wear a Leash and Life Jacket,2018-05-17 17:03:56+00:00,1895,24,0,Unknown,2025-11-30
SUP,UCiCUiIxc6CsWK75idM0eMLg,SUP Boarding Magazine,OQmIb6iqqaQ,Through My Eyes Official Trailer,2018-01-24 23:40:46+00:00,1889,13,0,Unknown,2025-11-30
SUP,UCiCUiIxc6CsWK75idM0eMLg,SUP Boarding Magazine,ywn0ha7UziA,Backstage 2013 SUP Awards Presented by Body Glove - Women's #2 - Nicole Pacelli,2013-10-03 20:48:29+00:00,1832,2,0,Unknown,2025-11-30
SUP,UCiCUiIxc6CsWK75idM0eMLg,SUP Boarding Magazine,-7WhbGGpXcQ,The River Life: Ken Hoeve,2013-12-27 18:46:39+00:00,1813,9,0,Unknown,2025-11-30
SUP,UCiCUiIxc6CsWK75idM0eMLg,SUP Boarding Magazine,bZTron0Bw7k,Winter SUP,2018-01-09 00:20:45+00:00,1813,15,1,Unknown,2025-11-30
Scuba Diving,UCdPKPmLGJRoyUB_0n-u-0Rg,Divers Ready,hilPPJEwq6I,The Death Mask,2019-06-03 10:30:01+00:00,1197698,23025,1612,Unknown,2025-12-01
Scuba Diving,UCdPKPmLGJRoyUB_0n-u-0Rg,Divers Ready,fkxxDScJDQM,DEMA SHOW 2019: The One New Scuba Gear Everyone Is Talking About!,2019-11-16 11:55:52+00:00,999606,12310,1062,Unknown,2025-12-01
Scuba Diving,UCdPKPmLGJRoyUB_0n-u-0Rg,Divers Ready,euN_5PgTzU0,First 5 Pieces Of Dive Gear For New Divers To Buy,2019-07-29 21:30:25+00:00,282206,7053,530,Unknown,2025-12-01
Scuba Diving,UCdPKPmLGJRoyUB_0n-u-0Rg,Divers Ready,9XqI8IW5xcc,5 Ways To Use Less Gas When Scuba Diving,2020-07-27 10:30:03+00:00,259222,10660,383,Unknown,2025-12-01
Scuba Diving,UCdPKPmLGJRoyUB_0n-u-0Rg,Divers Ready,iXrCIL224S4,The Real Future Of Diving? Introducing the Avelo System,2022-11-05 16:36:34+00:00,204437,3214,496,Unknown,2025-12-01
Scuba Diving,UCdPKPmLGJRoyUB_0n-u-0Rg,Divers Ready,0CgERZDd0EY,How To Prep A New Mask for Scuba Diving,2020-02-17 11:30:00+00:00,170164,2947,126,Unknown,2025-12-01
Scuba Diving,UCdPKPmLGJRoyUB_0n-u-0Rg,Divers Ready,-0s-qPErecA,"🧜‍♂️Scuba Diving Instructor Ranks Scuba Specialty Classes... the 👍, the 👎and the 💩‼️",2019-08-12 10:30:00+00:00,166603,4346,670,Unknown,2025-12-01
Scuba Diving,UCdPKPmLGJRoyUB_0n-u-0Rg,Divers Ready,H5FC_YbJgW4,Back Plate Wing (BPW) Vs Jacket-Style BCD: A Scuba Gear Showdown!,2019-11-04 11:30:01+00:00,155547,2863,241,Unknown,2025-12-01
Scuba Diving,UCdPKPmLGJRoyUB_0n-u-0Rg,Divers Ready,v2iJNvFEmmo,How To Mount Scuba Diving Accessories To A Backplate And Wing Set Up,2020-04-13 10:30:14+00:00,147772,3529,126,Unknown,2025-12-01
Scuba Diving,UCdPKPmLGJRoyUB_0n-u-0Rg,Divers Ready,yqlXpDsnvjo,I Got Bent. 5 Lessons From My Recent Decompression Sickness (D.C.S) Incident,2022-04-04 10:30:11+00:00,144398,5378,732,Unknown,2025-12-01
Scuba Diving,UCdPKPmLGJRoyUB_0n-u-0Rg,Divers Ready,Ms7T5VUdNRw,How To Mount Your GoPro For Scuba Diving,2020-08-27 10:30:03+00:00,137459,2974,111,Unknown,2025-12-01
Scuba Diving,UCdPKPmLGJRoyUB_0n-u-0Rg,Divers Ready,xV24cwYkcgc,14 Divers You Do Not Want To Be On A Scuba Diving Charter Boat!,2020-03-02 11:30:06+00:00,129576,3385,393,Unknown,2025-12-01
Scuba Diving,UCdPKPmLGJRoyUB_0n-u-0Rg,Divers Ready,SWYKXOGd9So,Quick Tips 5: Everything Bolt Snaps,2020-05-18 10:30:03+00:00,121683,3525,153,Unknown,2025-12-01
Scuba Diving,UCdPKPmLGJRoyUB_0n-u-0Rg,Divers Ready,dp75vVAzLQU,Avelo is here. This changes everything!,2023-05-29 10:30:09+00:00,115150,2917,418,Unknown,2025-12-01
Scuba Diving,UCdPKPmLGJRoyUB_0n-u-0Rg,Divers Ready,IvdeERe3t5w,What To Expect On Your Advanced Open Water Scuba Diver Course,2020-08-17 10:30:03+00:00,111241,2784,225,Unknown,2025-12-01
Scuba Diving,UCdPKPmLGJRoyUB_0n-u-0Rg,Divers Ready,6B6PhqwJMYA,Nitrox: 5 Situations For Every Scuba Diver To Use EANx,2019-09-23 19:58:56+00:00,107440,4428,256,Unknown,2025-12-01
Scuba Diving,UCdPKPmLGJRoyUB_0n-u-0Rg,Divers Ready,urF3mZ2W6KQ,What Is Technical Diving? A Good Introduction To The Discipline. Part 1 of 2,2019-10-07 10:30:05+00:00,105509,2595,182,Unknown,2025-12-01
Scuba Diving,UCdPKPmLGJRoyUB_0n-u-0Rg,Divers Ready,01vpDTekWGc,PADI Faces Liability for Linnea Mills Death: My Hopes For The Legacy Of The Lady In The Lake,2022-07-25 10:30:00+00:00,95666,3777,859,Unknown,2025-12-01
Scuba Diving,UCdPKPmLGJRoyUB_0n-u-0Rg,Divers Ready,_LDRHSqG-_Y,Which Scuba Diving Training Agency Should You Learn To Dive With?,2020-01-27 11:30:00+00:00,91855,2953,211,Unknown,2025-12-01
Scuba Diving,UCdPKPmLGJRoyUB_0n-u-0Rg,Divers Ready,hygZHiwaPiI,Does The Shearwater Peregrine Measure Up? 4 Dive Computers Under $500. Which should you choose?,2020-07-25 06:10:30+00:00,89790,2301,232,Unknown,2025-12-01
Scuba Diving,UCdPKPmLGJRoyUB_0n-u-0Rg,Divers Ready,JtuAwA_wV-0,Master Scuba Diver Vs Dive Master... Which Should You Choose?,2020-08-03 10:30:01+00:00,87832,2597,238,Unknown,2025-12-01
Scuba Diving,UCdPKPmLGJRoyUB_0n-u-0Rg,Divers Ready,FOpT8h2uGfQ,Good Surface Habits For Scuba Divers,2021-11-08 11:30:07+00:00,87086,3543,193,Unknown,2025-12-01
Scuba Diving,UCdPKPmLGJRoyUB_0n-u-0Rg,Divers Ready,IF-A0b0qbxg,How To Prep A New Reel/Spool for Scuba Diving,2020-03-23 10:30:00+00:00,86541,2138,113,Unknown,2025-12-01
Scuba Diving,UCdPKPmLGJRoyUB_0n-u-0Rg,Divers Ready,fc5Ul4Pf3jk,GoPro Hero 10: The Best Action Camera EVER for scuba divers? The Divers Ready Review,2021-10-04 10:30:05+00:00,85578,1549,201,Unknown,2025-12-01
Scuba Diving,UCdPKPmLGJRoyUB_0n-u-0Rg,Divers Ready,ESaImyOp_-U,Integrated Power Inflators Are A Terrible Idea!,2020-10-26 10:30:02+00:00,82345,1972,496,Unknown,2025-12-01
Scuba Diving,UCdPKPmLGJRoyUB_0n-u-0Rg,Divers Ready,T6PBHizgcas,Valet Diving Needs To DIE! The Most Dangerous Trend in Scuba Diving,2020-11-23 11:30:02+00:00,81020,2615,543,Unknown,2025-12-01
Scuba Diving,UCdPKPmLGJRoyUB_0n-u-0Rg,Divers Ready,uNWhcRTE4LY,The One Scuba Accessory I Never Dive Without...,2019-06-10 10:30:04+00:00,80912,3446,213,Unknown,2025-12-01
Scuba Diving,UCdPKPmLGJRoyUB_0n-u-0Rg,Divers Ready,LWTmwasCCUY,The PADI ⭐️⭐️⭐️⭐️⭐️ Scam ➕10 Ways A Good Dive Center is REALLY 5 Stars!,2019-08-26 10:30:01+00:00,80162,2424,324,Unknown,2025-12-01
Scuba Diving,UCdPKPmLGJRoyUB_0n-u-0Rg,Divers Ready,WZXrysYCTX4,PADI's latest Crazy Dive Industry Policy... Analyzed,2024-03-18 10:30:12+00:00,79920,1680,332,Unknown,2025-12-01
Scuba Diving,UCdPKPmLGJRoyUB_0n-u-0Rg,Divers Ready,nsN45I9p_eU,What Are The Best Fins For Scuba Diving?,2020-09-24 10:30:06+00:00,74639,1846,143,Unknown,2025-12-01
Scuba Diving,UCdPKPmLGJRoyUB_0n-u-0Rg,Divers Ready,vEgM8G9se8Y,Technical Scuba Diving: 5 Signs You're Good To Start. Part 2 of 2,2019-10-14 10:30:02+00:00,71752,2077,139,Unknown,2025-12-01
Scuba Diving,UCdPKPmLGJRoyUB_0n-u-0Rg,Divers Ready,m2bmrcmcXIU,The Best Regulator Set For Recreational Scuba Divers,2021-11-15 11:30:07+00:00,70030,1676,201,Unknown,2025-12-01
Scuba Diving,UCdPKPmLGJRoyUB_0n-u-0Rg,Divers Ready,XOHuuBinMZg,My Technical Diving Gear Set Up,2021-04-26 10:30:03+00:00,69296,1714,184,Unknown,2025-12-01
Scuba Diving,UCdPKPmLGJRoyUB_0n-u-0Rg,Divers Ready,ZpNq_mf0hRw,7 Factors When Buying A Scuba Mask,2019-04-25 17:38:42+00:00,68169,2298,122,Unknown,2025-12-01
Scuba Diving,UCdPKPmLGJRoyUB_0n-u-0Rg,Divers Ready,9uP7ms-saUA,Why Scuba Divers FAIL Technical Diver Training,2021-05-31 10:30:01+00:00,68168,2115,190,Unknown,2025-12-01
Scuba Diving,UCdPKPmLGJRoyUB_0n-u-0Rg,Divers Ready,0feFA-hgv_I,How to Build A Save-A-Dive Kit for Scuba Divers,2019-05-23 23:25:45+00:00,65734,1816,84,Unknown,2025-12-01
Scuba Diving,UCdPKPmLGJRoyUB_0n-u-0Rg,Divers Ready,J40vQP_PmlM,Did Garmin Mis-fire with the Descent G1 Solar? The Divers Ready Review,2022-08-01 10:30:07+00:00,64307,1091,204,Unknown,2025-12-01
Scuba Diving,UCdPKPmLGJRoyUB_0n-u-0Rg,Divers Ready,QWAbIcayeZg,How to Pack For A Dive Trip: Temperate Water Edition,2021-07-19 10:30:10+00:00,64194,1649,175,Unknown,2025-12-01
Scuba Diving,UCdPKPmLGJRoyUB_0n-u-0Rg,Divers Ready,D3Gm8wn7LLs,Trimix Basics For Scuba Divers,2021-09-27 10:30:02+00:00,59458,2128,147,Unknown,2025-12-01
Scuba Diving,UCdPKPmLGJRoyUB_0n-u-0Rg,Divers Ready,5J436L7wVU0,Transmitters and A.I: The Best Dive Computers,2021-03-04 11:30:01+00:00,59084,2199,229,Unknown,2025-12-01
Scuba Diving,UCdPKPmLGJRoyUB_0n-u-0Rg,Divers Ready,tc3zgLofXPg,Why Every Diver Should Be A Rescue Diver,2020-08-10 10:30:03+00:00,57034,2901,213,Unknown,2025-12-01
Scuba Diving,UCdPKPmLGJRoyUB_0n-u-0Rg,Divers Ready,_K_LWN0BPik,"Garmin Descent Mk2, Mk2i and T1 Transmitter Review",2020-12-07 11:30:06+00:00,54945,1632,1232,Unknown,2025-12-01
Scuba Diving,UCdPKPmLGJRoyUB_0n-u-0Rg,Divers Ready,J3KHrsB2KSQ,How good is the Garmin Descent Mk3i really? The Divers Ready Review,2024-06-10 10:30:05+00:00,53006,1119,142,Unknown,2025-12-01
Scuba Diving,UCdPKPmLGJRoyUB_0n-u-0Rg,Divers Ready,PApoQ2w6Gds,Shearwater Teric Vs Garmin Descent Mk2i: Which Should You Buy In 2022? The Divers Ready Review,2022-07-04 10:30:04+00:00,52544,1697,189,Unknown,2025-12-01
Scuba Diving,UCdPKPmLGJRoyUB_0n-u-0Rg,Divers Ready,VHt4J3sxktA,Scuba Diving Courses: The Diver Progression Explained,2019-10-21 10:30:00+00:00,51988,1407,144,Unknown,2025-12-01
Scuba Diving,UCdPKPmLGJRoyUB_0n-u-0Rg,Divers Ready,svDtA3Aoo5k,Money and Scuba: Diving Economics From Three Perspectives,2023-05-15 10:30:13+00:00,49339,1486,217,Unknown,2025-12-01
Scuba Diving,UCdPKPmLGJRoyUB_0n-u-0Rg,Divers Ready,piRJX4rO8OY,Shearwater Peregrine: The Best Dive Computer of 2020? - The Divers Ready Review,2020-09-21 10:30:07+00:00,48881,1460,305,Unknown,2025-12-01
Scuba Diving,UCdPKPmLGJRoyUB_0n-u-0Rg,Divers Ready,gKtMrb5ic3c,PADI Dive Master Internships = Slave Labor?!,2019-05-27 10:00:06+00:00,47850,1193,128,Unknown,2025-12-01
Scuba Diving,UCdPKPmLGJRoyUB_0n-u-0Rg,Divers Ready,JMalv0oWKbA,How To Choose An Underwater Light,2020-04-27 10:30:00+00:00,47687,1186,77,Unknown,2025-12-01
Scuba Diving,UCdPKPmLGJRoyUB_0n-u-0Rg,Divers Ready,fphxBzPj1OM,Shearwater Perdix 2 Review : Did The Best Dive Computer Just Get Better?!,2022-08-29 10:30:08+00:00,47581,1032,137,Unknown,2025-12-01
Scuba Diving,UCdPKPmLGJRoyUB_0n-u-0Rg,Divers Ready,PqxK8egOuTc,How To Set Up A New Backplate and Wing,2021-12-20 11:30:11+00:00,47092,1190,70,Unknown,2025-12-01
Scuba Diving,UCdPKPmLGJRoyUB_0n-u-0Rg,Divers Ready,_O8QGtHzjO0,7 Deadly Sins Of Bad Dive Instructors,2022-09-19 10:30:12+00:00,46215,1731,254,Unknown,2025-12-01
Scuba Diving,UCdPKPmLGJRoyUB_0n-u-0Rg,Divers Ready,1wfORllMJcE,Dive Rite TransPac Voyager XT BCD Review,2022-01-17 11:30:00+00:00,44181,1209,116,Unknown,2025-12-01
Scuba Diving,UCdPKPmLGJRoyUB_0n-u-0Rg,Divers Ready,LAakqA7YYTk,Is The Garmin Descent Mk2 The Best Technical Diving Computer?,2021-04-05 10:30:01+00:00,43970,938,133,Unknown,2025-12-01
Scuba Diving,UCdPKPmLGJRoyUB_0n-u-0Rg,Divers Ready,yWjjNeV1RMA,The Difference Between DIN Vs Yoke Regulators,2020-08-13 10:30:10+00:00,43903,1487,166,Unknown,2025-12-01
Scuba Diving,UCdPKPmLGJRoyUB_0n-u-0Rg,Divers Ready,AFMhVIeBzSo,Incredible WWI Wreck Diving In Malta!,2023-05-01 10:30:02+00:00,42222,749,54,Unknown,2025-12-01
Scuba Diving,UCdPKPmLGJRoyUB_0n-u-0Rg,Divers Ready,wq8Bz4bZGu4,How To Scuba Dive In The Ocean Part 1: Currents. Presented By Dive Rite,2021-08-30 10:30:15+00:00,40600,1892,90,Unknown,2025-12-01
Scuba Diving,UCdPKPmLGJRoyUB_0n-u-0Rg,Divers Ready,b4Sd1Kg-JM0,Decompression Procedures: The 1st REAL Technical Diver Course,2022-04-25 10:30:09+00:00,40576,1084,107,Unknown,2025-12-01
Scuba Diving,UCdPKPmLGJRoyUB_0n-u-0Rg,Divers Ready,uAql7aKGCi8,The Scuba Diving Regulator: First Stage Basics,2021-05-24 10:30:06+00:00,40396,1300,44,Unknown,2025-12-01
Scuba Diving,UCdPKPmLGJRoyUB_0n-u-0Rg,Divers Ready,zZRXNHDS4D4,Intro To Tech! Your Technical Diving Try-Dive,2022-02-07 11:30:10+00:00,39957,1385,226,Unknown,2025-12-01
Scuba Diving,UCdPKPmLGJRoyUB_0n-u-0Rg,Divers Ready,YYfxmMobtFo,Quarter Turn Back? An Exploded Scuba Cylinder Valve Explained,2022-03-21 10:30:11+00:00,39799,1800,158,Unknown,2025-12-01
Scuba Diving,UCdPKPmLGJRoyUB_0n-u-0Rg,Divers Ready,ALYQljPKWKQ,5 Tips For Beginner Open Water Scuba Divers,2019-08-05 10:30:00+00:00,39492,1489,136,Unknown,2025-12-01
Scuba Diving,UCdPKPmLGJRoyUB_0n-u-0Rg,Divers Ready,BCbNul73aPo,How Fast Do You Breathe? Track Your SAC Rate To Maximize Your Scuba Diving Pleasure!,2019-09-16 11:50:07+00:00,37076,1319,99,Unknown,2025-12-01
Scuba Diving,UCdPKPmLGJRoyUB_0n-u-0Rg,Divers Ready,fhwmFM9lEJo,GoPro Hero 11 Underwater Test Footage From Bonaire Tek 2022,2022-10-10 10:30:14+00:00,36837,662,82,Unknown,2025-12-01
Scuba Diving,UCdPKPmLGJRoyUB_0n-u-0Rg,Divers Ready,pFxPYk1Zrr8,How To Secure An Octo,2020-08-20 10:30:07+00:00,36757,1172,91,Unknown,2025-12-01
Scuba Diving,UCdPKPmLGJRoyUB_0n-u-0Rg,Divers Ready,_6vJQgD-idk,7 Tips For Shore Diving For Beginner Scuba Divers,2019-07-11 10:00:55+00:00,36553,1925,86,Unknown,2025-12-01
Scuba Diving,UCdPKPmLGJRoyUB_0n-u-0Rg,Divers Ready,AVn8wRLTovU,Nitrox Vs Air: Choosing The Best Gas For Your Scuba Diving,2021-02-22 15:21:02+00:00,35719,1319,101,Unknown,2025-12-01
Scuba Diving,UCdPKPmLGJRoyUB_0n-u-0Rg,Divers Ready,xv4bUfV2lZw,Dive Instructor! Is Your Paycheck 💩? Here's 4 Passive Income Ideas for Scuba Pros,2019-08-19 10:30:02+00:00,35356,896,48,Unknown,2025-12-01
Scuba Diving,UCdPKPmLGJRoyUB_0n-u-0Rg,Divers Ready,UpdkKf9OvIU,Pimp Your GoPro for AMAZING Underwater Video Colors,2020-10-08 10:30:03+00:00,35199,847,83,Unknown,2025-12-01
Scuba Diving,UCdPKPmLGJRoyUB_0n-u-0Rg,Divers Ready,M9TItxL9e4k,Dive Rite Hydro Lite: The Divers Ready Review,2020-02-24 11:30:00+00:00,35106,980,122,Unknown,2025-12-01
Scuba Diving,UCdPKPmLGJRoyUB_0n-u-0Rg,Divers Ready,KOEHWDe1h4E,Breaking the 2nd Rule Of Scuba Diving,2019-05-01 15:28:55+00:00,35005,1326,168,Unknown,2025-12-01
Scuba Diving,UCdPKPmLGJRoyUB_0n-u-0Rg,Divers Ready,X2m_1GbaqWc,"Why Some Scuba Divers LOVE PADI (No, Really!)",2019-12-23 11:30:01+00:00,33477,923,121,Unknown,2025-12-01
Scuba Diving,UCdPKPmLGJRoyUB_0n-u-0Rg,Divers Ready,Oesdyyo1fbk,Scuba Regulators: Piston V Diaphragm,2021-06-07 10:30:04+00:00,33269,1063,83,Unknown,2025-12-01
Scuba Diving,UCdPKPmLGJRoyUB_0n-u-0Rg,Divers Ready,JsrruzEa7-s,Best Cutting Tools For Scuba Divers,2020-11-12 11:30:01+00:00,32656,1000,115,Unknown,2025-12-01
Scuba Diving,UCdPKPmLGJRoyUB_0n-u-0Rg,Divers Ready,HF10CyoWtoI,Diving An Aircraft Carrier! 5 Tips For Tackling The Mighty Oriskany Wreck,2023-09-04 10:30:08+00:00,32600,602,70,Unknown,2025-12-01
Scuba Diving,UCdPKPmLGJRoyUB_0n-u-0Rg,Divers Ready,WAECRecKxJM,7 Scuba Hacks In 3 Minutes (Plus: Bonus Hack That Could Save You $400!),2020-07-20 10:30:07+00:00,31930,1155,61,Unknown,2025-12-01
Scuba Diving,UCdPKPmLGJRoyUB_0n-u-0Rg,Divers Ready,o82onyCac1E,Solo Diver Vs Insta-Buddy,2019-05-13 19:00:32+00:00,31770,1147,117,Unknown,2025-12-01
Scuba Diving,UCdPKPmLGJRoyUB_0n-u-0Rg,Divers Ready,kAsCv9gMP44,Framed Vs Frameless Masks,2022-11-28 11:30:12+00:00,31487,1023,67,Unknown,2025-12-01
Scuba Diving,UCdPKPmLGJRoyUB_0n-u-0Rg,Divers Ready,5XRJn_cef_k,My CCR Journey: Past Present & Future,2023-01-23 11:30:02+00:00,31006,822,74,Unknown,2025-12-01
Scuba Diving,UCdPKPmLGJRoyUB_0n-u-0Rg,Divers Ready,OjJJ9_nXUHM,Scuba Diving Is A Quiet Art... Sssshhh!,2019-06-24 15:57:01+00:00,30430,1498,127,Unknown,2025-12-01
Scuba Diving,UCdPKPmLGJRoyUB_0n-u-0Rg,Divers Ready,vH43G4HE3VA,Why Do I Need To Get Certified To Scuba Dive? - (When I Don't For Other 'Dangerous' Sports?!),2020-01-07 03:31:57+00:00,30269,931,154,Unknown,2025-12-01
Scuba Diving,UCdPKPmLGJRoyUB_0n-u-0Rg,Divers Ready,RMomaJ1Tdy8,Let's Try That Again! Q&A with James from Divers Ready! - Take II,2020-04-05 19:45:29+00:00,29895,389,47,Unknown,2025-12-01
Scuba Diving,UCdPKPmLGJRoyUB_0n-u-0Rg,Divers Ready,6KkH9vzPed0,8 Tips For Tackling Sea Sickness,2021-01-11 11:30:02+00:00,29839,1040,143,Unknown,2025-12-01
Scuba Diving,UCdPKPmLGJRoyUB_0n-u-0Rg,Divers Ready,G0oYJUpsQQ8,Chest Mounted Rebreather Dive! Choptima (O2ptima CM) Action!,2021-11-01 10:30:07+00:00,29495,690,144,Unknown,2025-12-01
Scuba Diving,UCdPKPmLGJRoyUB_0n-u-0Rg,Divers Ready,oirEX79Av10,Shearwater Teric Journeys Edition: The Divers Ready Review,2022-05-16 10:30:13+00:00,29398,896,122,Unknown,2025-12-01
Scuba Diving,UCdPKPmLGJRoyUB_0n-u-0Rg,Divers Ready,1BmxnwO2G-I,Cressi Travelight BCD : The Divers Ready Review,2019-10-28 10:00:01+00:00,29139,743,65,Unknown,2025-12-01
Scuba Diving,UCdPKPmLGJRoyUB_0n-u-0Rg,Divers Ready,jcjcCa0DaoU,Advanced Trimix... As Deep As It Gets!,2022-08-08 10:30:09+00:00,28992,829,87,Unknown,2025-12-01
Scuba Diving,UCdPKPmLGJRoyUB_0n-u-0Rg,Divers Ready,YmMrFNrz598,I Was Wrong About This Wetsuit! The Bare Reactive Review,2023-05-22 10:30:10+00:00,28008,630,69,Unknown,2025-12-01
Scuba Diving,UCdPKPmLGJRoyUB_0n-u-0Rg,Divers Ready,R7jG7uyD64Y,The Most Expensive 1-Cylinder Dive EVER... So Worth It!,2022-07-18 10:30:05+00:00,27866,1145,176,Unknown,2025-12-01
Scuba Diving,UCdPKPmLGJRoyUB_0n-u-0Rg,Divers Ready,eZEWKpGkeVg,Submersible Pressure Gauges (SPGs),2021-01-07 11:30:03+00:00,27450,969,105,Unknown,2025-12-01
Scuba Diving,UCdPKPmLGJRoyUB_0n-u-0Rg,Divers Ready,ywsgoCmghLA,3 Non-Agency Courses Every Diver Should Take,2022-10-17 10:30:11+00:00,26978,1151,75,Unknown,2025-12-01
Scuba Diving,UCdPKPmLGJRoyUB_0n-u-0Rg,Divers Ready,97FWNxdnIZc,ONE biggest mistake MOST New divers make... And How To Correct It!,2023-10-09 10:30:03+00:00,26883,1183,130,Unknown,2025-12-01
Scuba Diving,UCdPKPmLGJRoyUB_0n-u-0Rg,Divers Ready,Ho-gl1CGXIY,I Messed Up! Dive Rite XT Fins: The Divers Ready Review,2022-08-15 10:30:08+00:00,26801,704,50,Unknown,2025-12-01
Scuba Diving,UCdPKPmLGJRoyUB_0n-u-0Rg,Divers Ready,SW9iHSHBTlQ,Secrets To Choosing the BEST Rebreather for YOU!,2023-10-23 10:30:09+00:00,26264,761,80,Unknown,2025-12-01
Scuba Diving,UCdPKPmLGJRoyUB_0n-u-0Rg,Divers Ready,p3bpT8yx8Wk,Open Water Scuba Diver Course: How To Learn To Dive,2020-08-24 10:30:03+00:00,26131,840,168,Unknown,2025-12-01
Scuba Diving,UCdPKPmLGJRoyUB_0n-u-0Rg,Divers Ready,pVyvY_SWOAU,Scuba Cylinder Markings,2020-07-13 10:30:09+00:00,25558,826,59,Unknown,2025-12-01
Scuba Diving,UCdPKPmLGJRoyUB_0n-u-0Rg,Divers Ready,Rj7eGiP0Yu4,Scuba Regulator Second Stage Basics,2021-07-12 10:30:04+00:00,25383,1091,34,Unknown,2025-12-01
Scuba Diving,UCdPKPmLGJRoyUB_0n-u-0Rg,Divers Ready,wWNAXPZnczI,Advanced Nitrox: Take Your O2 Above 40%,2022-03-14 10:30:09+00:00,25205,825,56,Unknown,2025-12-01
Scuba Diving,UCdPKPmLGJRoyUB_0n-u-0Rg,Divers Ready,Ddx3NzOmjog,"How To Pack For A Dive trip Warm Water Edition, Sponsored by Awesome Maps",2022-06-27 10:30:20+00:00,25105,789,64,Unknown,2025-12-01
Scuba Diving,UCdPKPmLGJRoyUB_0n-u-0Rg,Divers Ready,z1E5kCxFeP4,5 Non Diving Items I Use Every Dive,2022-01-03 11:30:11+00:00,24874,1133,107,Unknown,2025-12-01
Skateboarding,UCVq1Crat76rKsgu6WosKwmA,The Berrics,OuhQzBIFXgU,Trevor Colden Presents: SANDRA,2025-11-24 16:00:07+00:00,81875,3075,344,Unknown,2025-12-01
Skateboarding,UCVq1Crat76rKsgu6WosKwmA,The Berrics,d5K_BrXRk7s,Shouting 🗣️ “DO A KICKFLIP!” at strangers with @ChrisJoslin ! #berrics #skateboarding #doakickflip,2025-11-29 01:02:18+00:00,47721,1688,34,Unknown,2025-12-01
Skateboarding,UC9PgszLOAWhQC6orYejcJlw,Braille Skateboarding,lnWh86pe8iA,The worst thing you can do in skateboarding. #skateboardvibes #skateboard #skate,2025-11-26 18:01:05+00:00,23226,1121,54,Unknown,2025-11-30
Skateboarding,UC9PgszLOAWhQC6orYejcJlw,Braille Skateboarding,yivGM_C4a38,the SECRET to the OLLIE!?  #skateboardvibes #skateboard #skate,2025-11-28 20:01:04+00:00,19688,1801,33,Unknown,2025-11-30
Skateboarding,UC9PgszLOAWhQC6orYejcJlw,Braille Skateboarding,Hj7WTil_C80,Worst thing you can do in Skateboarding!?  #skateboardvibes #skateboard #skate,2025-11-27 23:15:03+00:00,18189,1382,13,Unknown,2025-11-30
Skateboarding,UC9PgszLOAWhQC6orYejcJlw,Braille Skateboarding,w7B4O97JQCg,The most FRUSTRATING thing in skateboarding for beginners  #skateboardvibes #skateboard #skate,2025-11-29 21:01:06+00:00,16570,1014,22,Unknown,2025-11-30
Skateboarding,UCVq1Crat76rKsgu6WosKwmA,The Berrics,xj-QHZbKFQE,Raw Clips from #TrevorColden ‘s new part “SANDRA” now playing! #skateboarding #berrics,2025-11-28 21:27:26+00:00,10600,367,5,Unknown,2025-12-01
Skateboarding,UCVq1Crat76rKsgu6WosKwmA,The Berrics,DO9Z8aixicg,All Gas ⛽️ N🚫 Brakes! From Trevor Colden’s new part ‘SANDRA’. #skateboarding #berrics,2025-11-28 21:32:11+00:00,9032,287,2,Unknown,2025-12-01
Skateboarding,UC9PgszLOAWhQC6orYejcJlw,Braille Skateboarding,69l-9B9XRug,If you are not doing this your ollies will suck!,2025-11-23 21:00:12+00:00,3903,134,54,Unknown,2025-11-30
Skateboarding,UC9PgszLOAWhQC6orYejcJlw,Braille Skateboarding,zuMJozCvj_M,I am too old for this...,2025-11-14 18:01:26+00:00,3218,73,19,Unknown,2025-11-30
Skateboarding,UC9PgszLOAWhQC6orYejcJlw,Braille Skateboarding,3EqEM7kztfE,Why you CANNOT Kickflip!  #skateboardvibes #skateboard #skate,2025-11-30 21:00:03+00:00,2991,225,14,Unknown,2025-11-30
Skateboarding,UC9PgszLOAWhQC6orYejcJlw,Braille Skateboarding,WQp0quweeDA,9 tricks EVERY beginning skater should start with.,2025-11-16 18:00:39+00:00,2948,69,29,Unknown,2025-11-30
Skateboarding,UC9PgszLOAWhQC6orYejcJlw,Braille Skateboarding,pp0h_2GTXqE,How to TRE FLIP!,2025-11-28 18:00:56+00:00,1978,77,18,Unknown,2025-11-30
Skateboarding,UC9PgszLOAWhQC6orYejcJlw,Braille Skateboarding,RT76cFhtrEM,San Francisco Locals game of SKATE,2025-11-29 18:00:28+00:00,1862,36,21,Unknown,2025-11-30
Skateboarding,UC9PgszLOAWhQC6orYejcJlw,Braille Skateboarding,KfDLpcYIMIo,Anything Counts GAME OF SKATE!,2025-11-30 18:00:20+00:00,727,33,11,Unknown,2025-11-30
Skydiving,UCrMj4Qbt3wKweAgVI-DMoww,USPA,rqFkmKT93yw,"USPA Presents Ride to the Top: The Organizations - Part 4, Visions of the Open",2025-09-05 23:22:18+00:00,1131830,1392,2,Unknown,2025-12-01
Skydiving,UCD9rcDqlSp_6x3HcyRD0yTA,Axis Flight School,cFMGvjszu4s,Canopy Burn Skydiving Stunt - Raw Footage,2015-11-01 23:01:25+00:00,1023311,638,273,Unknown,2025-11-30
Skydiving,UCrMj4Qbt3wKweAgVI-DMoww,USPA,zORFS-lVT-0,Battle in the Arena: 2023 USPA Women's Arena Open,2023-12-11 21:17:21+00:00,135994,1298,0,Unknown,2025-12-01
Skydiving,UCrMj4Qbt3wKweAgVI-DMoww,USPA,uoFj1HlRP3s,"USPA Presents: U.S. Open Past, Present and Future",2024-04-05 17:58:12+00:00,116431,1046,1,Unknown,2025-12-01
Skydiving,UCD9rcDqlSp_6x3HcyRD0yTA,Axis Flight School,b2O1Dp8LI4s,RSL vs  SKYHOOK | Interview with Greg Rau,2020-12-10 18:34:17+00:00,91511,1153,63,Unknown,2025-11-30
Skydiving,UCD9rcDqlSp_6x3HcyRD0yTA,Axis Flight School,aq1oUZVgeYA,AXIS Foundations of Flight - Advanced Belly Neutral Position,2013-12-17 00:06:43+00:00,90097,799,14,Unknown,2025-11-30
Skydiving,UCrMj4Qbt3wKweAgVI-DMoww,USPA,0HIm6iDv1ho,The 🐐at Work! Feat. Adolfo Cambiaso,2025-01-08 21:41:26+00:00,87867,713,11,Unknown,2025-12-01
Skydiving,UCD9rcDqlSp_6x3HcyRD0yTA,Axis Flight School,uNgvf6GJgxw,AXIS Foundations Of Flight - Back-fly Neutral Position,2012-06-19 19:43:24+00:00,83557,620,11,Unknown,2025-11-30
Skydiving,UCD9rcDqlSp_6x3HcyRD0yTA,Axis Flight School,K3K2amZ7_aE,Todd Love Accelerated Freefall Training,2013-06-10 03:41:58+00:00,83100,1135,95,Unknown,2025-11-30
Skydiving,UCD9rcDqlSp_6x3HcyRD0yTA,Axis Flight School,ApIDgkPOGf4,AXIS Foundations of Flight - Diving Exit,2012-04-23 21:46:24+00:00,77829,490,8,Unknown,2025-11-30
Skydiving,UCrMj4Qbt3wKweAgVI-DMoww,USPA,-uzXgH7Yeck,USPA Presents Never Enough Hours: Life of a Polo Groom,2024-06-21 20:21:25+00:00,73802,4680,4,Unknown,2025-12-01
Skydiving,UCD9rcDqlSp_6x3HcyRD0yTA,Axis Flight School,6M-3f7C2x0o,AXIS Foundations of Flight - Head Down Basics,2013-02-26 04:26:27+00:00,72429,555,16,Unknown,2025-11-30
Skydiving,UCD9rcDqlSp_6x3HcyRD0yTA,Axis Flight School,GhAjhFoeQzw,AXIS Foundations of Flight - Advanced Belly Turns (Leg Turns),2013-12-17 00:22:46+00:00,69858,441,8,Unknown,2025-11-30
Skydiving,UCrMj4Qbt3wKweAgVI-DMoww,USPA,y_-AvR2M7kc,USPA Presents Following Instinct: Alejandro Caro,2024-07-15 14:28:18+00:00,67680,4128,4,Unknown,2025-12-01
Skydiving,UCD9rcDqlSp_6x3HcyRD0yTA,Axis Flight School,RlQLnMXmYAM,AXIS Foundations of Flight - Sitfly Exits,2012-03-21 20:01:01+00:00,67347,388,7,Unknown,2025-11-30
Skydiving,UCD9rcDqlSp_6x3HcyRD0yTA,Axis Flight School,nq_czOsWld0,AXIS Foundations of Flight - Back Tracking,2013-02-04 17:55:44+00:00,61540,426,6,Unknown,2025-11-30
Skydiving,UCD9rcDqlSp_6x3HcyRD0yTA,Axis Flight School,jzdphDnPFTE,AXIS Foundations of Flight - Backfly to Sitfly Transition,2013-05-28 15:39:26+00:00,55421,382,4,Unknown,2025-11-30
Skydiving,UCD9rcDqlSp_6x3HcyRD0yTA,Axis Flight School,XU-91bg2drk,Skydiving with a Bowling Ball,2011-12-13 00:00:19+00:00,48273,159,22,Unknown,2025-11-30
Skydiving,UCD9rcDqlSp_6x3HcyRD0yTA,Axis Flight School,vZns39hfJRs,AXIS Foundations of Flight - Head-Up Variations,2012-12-07 15:26:19+00:00,46097,444,7,Unknown,2025-11-30
Skydiving,UCD9rcDqlSp_6x3HcyRD0yTA,Axis Flight School,oEVdbngDs9c,AXIS Foundations of Flight - Over Unders (Verticals),2011-12-21 00:36:45+00:00,42229,224,3,Unknown,2025-11-30
Skydiving,UCD9rcDqlSp_6x3HcyRD0yTA,Axis Flight School,s3JDRoHMkWY,Foundations of Flight - Belly Floater Exit,2014-03-12 06:11:39+00:00,42184,311,11,Unknown,2025-11-30
Skydiving,UCrMj4Qbt3wKweAgVI-DMoww,USPA,-UvHboBBT6Q,2025 U.S. Open Polo Championship Final- La Dolfina/Tamera vs La Dolfina/Catamount,2025-04-20 22:42:22+00:00,39907,356,7,Unknown,2025-12-01
Skydiving,UCD9rcDqlSp_6x3HcyRD0yTA,Axis Flight School,lyZ6822a1xY,AXIS - Foundations of Flight  Front Riser Applications,2013-07-20 23:12:00+00:00,39857,331,3,Unknown,2025-11-30
Skydiving,UCrMj4Qbt3wKweAgVI-DMoww,USPA,AWP0L8FiUHs,Polo Fever: Learn to Play,2023-10-03 19:55:46+00:00,39421,20,1,Unknown,2025-12-01
Skydiving,UCD9rcDqlSp_6x3HcyRD0yTA,Axis Flight School,tx0l6N0APEA,Belly to Head-up,2023-06-12 15:21:52+00:00,38865,2066,39,Unknown,2025-11-30
Skydiving,UCrMj4Qbt3wKweAgVI-DMoww,USPA,Wti5hYu356M,2024 U.S. Open Polo Championship Final- La Dolfina vs Valiente,2024-04-21 23:07:51+00:00,38021,311,14,Unknown,2025-12-01
Skydiving,UCrMj4Qbt3wKweAgVI-DMoww,USPA,Z97-C-elBAw,The sport may be challenging but Poroto Cambiaso makes it look easy!🚀,2025-04-08 01:28:46+00:00,37019,572,10,Unknown,2025-12-01
Skydiving,UCD9rcDqlSp_6x3HcyRD0yTA,Axis Flight School,zS-NpRSUowA,AXIS Foundations Of Flight - The Rear Riser Stall,2012-10-18 00:43:29+00:00,36694,185,10,Unknown,2025-11-30
Skydiving,UCD9rcDqlSp_6x3HcyRD0yTA,Axis Flight School,_YN8qcJ0_rs,AXIS - Swoop and Slide,2011-12-12 23:47:55+00:00,36493,188,11,Unknown,2025-11-30
Skydiving,UCrMj4Qbt3wKweAgVI-DMoww,USPA,WOLF9lT7kOQ,The Sport of Horses: Episode 3 - Top Level Horses,2023-01-07 16:29:25+00:00,33207,156,6,Unknown,2025-12-01
Skydiving,UCD9rcDqlSp_6x3HcyRD0yTA,Axis Flight School,yGsufy3UIZk,AXIS Foundations of Flight - Head Up (Sit-fly) Neutral Position,2014-12-08 01:26:46+00:00,30595,176,2,Unknown,2025-11-30
Skydiving,UCD9rcDqlSp_6x3HcyRD0yTA,Axis Flight School,wNxtm_2vqQs,AXIS Foundations of Flight - Kiting,2012-01-17 21:55:10+00:00,27873,162,8,Unknown,2025-11-30
Skydiving,UCD9rcDqlSp_6x3HcyRD0yTA,Axis Flight School,5OHYTvdQdjk,AXIS Foundations of Flight - The Accuracy Trick,2014-02-05 05:00:04+00:00,26430,299,6,Unknown,2025-11-30
Skydiving,UCD9rcDqlSp_6x3HcyRD0yTA,Axis Flight School,HN_h3VbBH7U,AXIS Foundations of Flight - Sit-fly to Head-down backflip transition,2012-09-01 18:56:10+00:00,26001,165,2,Unknown,2025-11-30
Skydiving,UCD9rcDqlSp_6x3HcyRD0yTA,Axis Flight School,A9OppP0N6_c,AXIS Foundations of Flight - Head Down In-face Carving,2013-03-17 05:14:49+00:00,25306,169,2,Unknown,2025-11-30
Skydiving,UCrMj4Qbt3wKweAgVI-DMoww,USPA,qPYNlALQCd8,USPA Presents The Leitner Twins: Better Together,2024-02-01 18:54:58+00:00,25283,763,1,Unknown,2025-12-01
Skydiving,UCD9rcDqlSp_6x3HcyRD0yTA,Axis Flight School,mWduTsaUDfI,Todd Love: Wind-Tunnel Training,2013-03-28 23:53:41+00:00,24229,243,22,Unknown,2025-11-30
Skydiving,UCD9rcDqlSp_6x3HcyRD0yTA,Axis Flight School,yACmDeRDYe4,What is SPEED Skydiving?,2023-06-11 19:37:24+00:00,22965,876,32,Unknown,2025-11-30
Skydiving,UCrMj4Qbt3wKweAgVI-DMoww,USPA,kdab42NRTMo,David Paradice Feature,2023-05-08 21:01:12+00:00,22865,16,0,Unknown,2025-12-01
Skydiving,UCrMj4Qbt3wKweAgVI-DMoww,USPA,NDczuNj4cXs,USPA Presents: A Champion's Story - The 2024 U.S. Open Women's Polo Championship,2024-03-12 14:29:09+00:00,22587,22,2,Unknown,2025-12-01
Skydiving,UCrMj4Qbt3wKweAgVI-DMoww,USPA,oqe4QqbcIMo,Bill Ballhaus Feature,2023-04-17 17:59:14+00:00,21888,55,1,Unknown,2025-12-01
Skydiving,UCD9rcDqlSp_6x3HcyRD0yTA,Axis Flight School,P5UFi6RS4BA,AXIS Foundations of Flight - Sit-fly to Head-down Front Flip Transition,2014-01-27 23:57:05+00:00,20126,170,2,Unknown,2025-11-30
Skydiving,UCrMj4Qbt3wKweAgVI-DMoww,USPA,9IBqQoy00ho,2025 USPA Gold Cup Final- Coca-Cola vs Park Place,2025-03-23 21:53:59+00:00,18124,134,2,Unknown,2025-12-01
Skydiving,UCrMj4Qbt3wKweAgVI-DMoww,USPA,4l879oNe-QA,2023 C.V. Whitney Cup Final- Pilot (3-0) vs Valiente (3-0),2023-02-28 01:30:06+00:00,17964,80,1,Unknown,2025-12-01
Skydiving,UCD9rcDqlSp_6x3HcyRD0yTA,Axis Flight School,sGeTqaGS46Y,Foundations of Flight - Long Spot Navigation / Relative Glide,2014-06-24 23:09:13+00:00,17808,178,7,Unknown,2025-11-30
Skydiving,UCD9rcDqlSp_6x3HcyRD0yTA,Axis Flight School,N64Z4FuAdxU,AXIS Foundations Of Flight - Head Down Break-off,2012-05-25 21:31:46+00:00,17669,75,1,Unknown,2025-11-30
Skydiving,UCD9rcDqlSp_6x3HcyRD0yTA,Axis Flight School,YTTxsk5XDIE,Just another day at the office,2012-03-16 16:14:45+00:00,17527,158,9,Unknown,2025-11-30
Skydiving,UCD9rcDqlSp_6x3HcyRD0yTA,Axis Flight School,o_t49xNp01I,AXIS Foundations of Flight - Sit to Sit Front Flip,2012-12-29 03:27:35+00:00,16830,112,1,Unknown,2025-11-30
Skydiving,UCD9rcDqlSp_6x3HcyRD0yTA,Axis Flight School,Do4FXEs54NI,RSL v SKYHOOK,2022-01-21 03:22:41+00:00,16084,350,3,Unknown,2025-11-30
Skydiving,UCrMj4Qbt3wKweAgVI-DMoww,USPA,NjjurvYBXz0,2023 U.S. Open Polo Championship Final- Park Place (4-0) vs Valiente (5-0),2023-04-25 06:22:41+00:00,14864,85,8,Unknown,2025-12-01
Skydiving,UCrMj4Qbt3wKweAgVI-DMoww,USPA,pLLZH10GGh0,2024 U.S. Open Polo Championship- La Dolfina vs Park Place,2024-04-14 22:27:16+00:00,14627,99,4,Unknown,2025-12-01
Skydiving,UCD9rcDqlSp_6x3HcyRD0yTA,Axis Flight School,83Hb7P8Kun4,AXIS Flight School: A Case of the Mondays,2015-03-16 10:02:20+00:00,13225,94,4,Unknown,2025-11-30
Skydiving,UCD9rcDqlSp_6x3HcyRD0yTA,Axis Flight School,iH-Y8pv0zgA,AXIS Foundations of Flight - Belly Backslide,2013-05-18 23:11:47+00:00,13163,106,3,Unknown,2025-11-30
Skydiving,UCD9rcDqlSp_6x3HcyRD0yTA,Axis Flight School,iUR96m0IrKc,AXIS Foundations of Flight - Backfly Floater Exit,2015-02-24 23:30:35+00:00,12977,87,1,Unknown,2025-11-30
Skydiving,UCD9rcDqlSp_6x3HcyRD0yTA,Axis Flight School,VMDY5ntejHQ,Line twists remedy,2016-12-13 04:37:31+00:00,12869,123,5,Unknown,2025-11-30
Skydiving,UCrMj4Qbt3wKweAgVI-DMoww,USPA,yONLpQuMKlQ,2024 U.S. Open Polo Championship- La Dolfina vs Pilot,2024-04-04 16:54:17+00:00,12454,73,2,Unknown,2025-12-01
Skydiving,UCD9rcDqlSp_6x3HcyRD0yTA,Axis Flight School,s85LQqG6R64,AXIS Foundations of Flight - Head Down Turns,2013-07-20 23:12:19+00:00,12330,52,3,Unknown,2025-11-30
Skydiving,UCD9rcDqlSp_6x3HcyRD0yTA,Axis Flight School,DgADytvLvu4,AXIS Foundations of Flight - 2-way 360 Cat Spin,2012-07-23 18:28:13+00:00,11574,38,0,Unknown,2025-11-30
Skydiving,UCD9rcDqlSp_6x3HcyRD0yTA,Axis Flight School,AbVBnLOw1OY,AXIS Foundations of Flight - Head Down Outface Carving,2013-09-06 04:19:32+00:00,11441,59,0,Unknown,2025-11-30
Skydiving,UCrMj4Qbt3wKweAgVI-DMoww,USPA,PA5OZTA1XMk,2025 USPA Gold Cup Semifinal- La Dolfina/Catamount vs Park Place,2025-03-19 21:05:49+00:00,11341,84,1,Unknown,2025-12-01
Skydiving,UCrMj4Qbt3wKweAgVI-DMoww,USPA,m_C_CCkO1tY,2024 U.S. Open Polo Championship Semifinal- Coca-Cola vs La Dolfina,2024-04-17 17:04:35+00:00,11147,57,3,Unknown,2025-12-01
Skydiving,UCD9rcDqlSp_6x3HcyRD0yTA,Axis Flight School,C0dbe7oJ7a8,Acro Choppin',2017-01-02 17:04:48+00:00,10923,54,6,Unknown,2025-11-30
Skydiving,UCD9rcDqlSp_6x3HcyRD0yTA,Axis Flight School,CkjFA7ZY7f4,AXIS Foundations of Flight: Back-fly Turns,2016-03-28 09:43:22+00:00,10865,97,1,Unknown,2025-11-30
Skydiving,UCrMj4Qbt3wKweAgVI-DMoww,USPA,E3BWMKxmQdE,The Sport of Horses: Episode 2 - Hope,2022-12-29 21:13:52+00:00,10779,82,0,Unknown,2025-12-01
Skydiving,UCD9rcDqlSp_6x3HcyRD0yTA,Axis Flight School,H0kgLtFyKik,AXIS Foundations of Flight - Grip Taking Basics,2012-10-01 21:19:17+00:00,10746,42,0,Unknown,2025-11-30
Skydiving,UCD9rcDqlSp_6x3HcyRD0yTA,Axis Flight School,vXO4X8zmUec,Joseph Grabianowski - AFF Training,2014-05-07 00:15:35+00:00,10664,120,13,Unknown,2025-11-30
Skydiving,UCrMj4Qbt3wKweAgVI-DMoww,USPA,TKTYiA2ZH20,2025 U.S. Open Polo Championship Quarterfinal- Brookshire vs Coca-Cola,2025-04-12 21:58:43+00:00,10163,57,1,Unknown,2025-12-01
Skydiving,UCrMj4Qbt3wKweAgVI-DMoww,USPA,kTEkdK-E1_Q,2024 USPA Gold Cup Semifinal- La Dolfina vs Park Place,2024-03-20 21:53:06+00:00,10085,71,3,Unknown,2025-12-01
Skydiving,UCrMj4Qbt3wKweAgVI-DMoww,USPA,VwHi7sFBEN4,2025 U.S. Open Polo Championship- La Dolfina/Tamera vs La Dolfina/Catamount,2025-04-02 19:13:48+00:00,10028,79,1,Unknown,2025-12-01
Skydiving,UCD9rcDqlSp_6x3HcyRD0yTA,Axis Flight School,fb1nVCFrsc0,Jonathon AFF LVL 1 Landing,2022-03-03 17:26:18+00:00,10007,383,15,Unknown,2025-11-30
Skydiving,UCrMj4Qbt3wKweAgVI-DMoww,USPA,BtQ5KNxfP30,ON REPEAT 🔂 LBL’s Nachi Viana,2023-10-19 21:04:13+00:00,9811,433,5,Unknown,2025-12-01
Skydiving,UCD9rcDqlSp_6x3HcyRD0yTA,Axis Flight School,iaZAZWeOAlQ,AXIS Foundations of Flight - Sit to Sit Backloop,2014-10-25 02:09:21+00:00,9717,82,2,Unknown,2025-11-30
Skydiving,UCD9rcDqlSp_6x3HcyRD0yTA,Axis Flight School,WsAzmc34t1s,3-ring release in slow motion,2022-02-04 20:47:29+00:00,9372,306,2,Unknown,2025-11-30
Skydiving,UCrMj4Qbt3wKweAgVI-DMoww,USPA,40hdBfPppdg,2025 C.V. Whitney Cup Semifinal- Pilot vs La Dolfina/Tamera,2025-02-19 21:33:49+00:00,9351,67,2,Unknown,2025-12-01
Skydiving,UCD9rcDqlSp_6x3HcyRD0yTA,Axis Flight School,T_AGtZa_xMg,AXIS Water Training,2014-12-04 02:15:24+00:00,9274,83,2,Unknown,2025-11-30
Skydiving,UCrMj4Qbt3wKweAgVI-DMoww,USPA,YCNQ_qZ6TAc,2025 C.V. Whitney Cup- Coca-Cola vs La Dolfina/Tamera,2025-02-08 22:06:47+00:00,9190,75,1,Unknown,2025-12-01
Skydiving,UCD9rcDqlSp_6x3HcyRD0yTA,Axis Flight School,EVPKCLeB7pA,CYPRES Cutter Stress Test,2021-07-22 03:21:59+00:00,8966,207,12,Unknown,2025-11-30
Skydiving,UCrMj4Qbt3wKweAgVI-DMoww,USPA,0UhhDhZA_Cs,2025 U.S. Open Polo Championship- Globalport vs La Dolfina/Tamera,2025-03-26 17:18:24+00:00,8716,81,0,Unknown,2025-12-01
Skydiving,UCrMj4Qbt3wKweAgVI-DMoww,USPA,WUYY6i9sOok,2025 C.V. Whitney Cup Semifinal- Globalport vs Coca-Cola,2025-02-19 17:49:44+00:00,8306,53,2,Unknown,2025-12-01
Skydiving,UCrMj4Qbt3wKweAgVI-DMoww,USPA,v2fjohXqD0E,2024 C.V. Whitney Cup Semifinal- Coca-Cola vs La Dolfina,2024-02-22 22:47:30+00:00,8115,68,0,Unknown,2025-12-01
Skydiving,UCD9rcDqlSp_6x3HcyRD0yTA,Axis Flight School,g4aWCcybyXE,Bobby Henline AFF Training,2015-09-25 05:28:56+00:00,8112,63,8,Unknown,2025-11-30
Skydiving,UCrMj4Qbt3wKweAgVI-DMoww,USPA,RZmtIX1qOwg,2025 USPA Gold Cup Quarterfinal- Coca-Cola vs The Dutta Corp,2025-03-16 21:13:07+00:00,8075,47,1,Unknown,2025-12-01
Skydiving,UCrMj4Qbt3wKweAgVI-DMoww,USPA,1cyz8RuWA9A,2025 U.S. Open Polo Championship Quarterfinal- Park Place vs La Fe Eastern Hay,2025-04-12 16:57:30+00:00,7964,46,1,Unknown,2025-12-01
Skydiving,UCD9rcDqlSp_6x3HcyRD0yTA,Axis Flight School,c-PK0bvJcLE,AXIS Foundations of Flight - Spinning a 2-way Sidebody Piece,2013-04-04 23:23:05+00:00,7844,35,0,Unknown,2025-11-30
Skydiving,UCrMj4Qbt3wKweAgVI-DMoww,USPA,Z3lrTOm6Aqw,2025 USPA Gold Cup Quarterfinal- Park Place vs La Fe Eastern Hay,2025-03-16 21:01:41+00:00,7768,42,0,Unknown,2025-12-01
Skydiving,UCrMj4Qbt3wKweAgVI-DMoww,USPA,q7zZ7aN24-E,National Polo Center - Wellington Special Events,2023-10-03 21:17:26+00:00,7756,14,0,Unknown,2025-12-01
Skydiving,UCrMj4Qbt3wKweAgVI-DMoww,USPA,BWvuSBNbZEE,2025 C.V. Whitney Cup- Globalport vs Park Place,2025-02-09 18:11:46+00:00,7612,66,1,Unknown,2025-12-01
Skydiving,UCD9rcDqlSp_6x3HcyRD0yTA,Axis Flight School,ayx6wBW0fwY,2013 Women's Vertical World Record,2013-12-01 19:01:01+00:00,7595,56,2,Unknown,2025-11-30
Skydiving,UCrMj4Qbt3wKweAgVI-DMoww,USPA,7qmDlpuEdqc,2024 C.V. Whitney Cup Semifinal- Park Place vs Valiente,2024-02-22 19:43:32+00:00,7581,60,0,Unknown,2025-12-01
Skydiving,UCrMj4Qbt3wKweAgVI-DMoww,USPA,Z_SFwke_vFs,2024 USPA Gold Cup Semifinal- Coca-Cola vs Valiente,2024-03-20 17:30:50+00:00,7528,43,1,Unknown,2025-12-01
Skydiving,UCD9rcDqlSp_6x3HcyRD0yTA,Axis Flight School,4LzpTsiOFg0,AXIS Foundations of Flight - Exiting an Open Accordion (F),2013-07-20 23:11:41+00:00,7470,23,1,Unknown,2025-11-30
Skydiving,UCD9rcDqlSp_6x3HcyRD0yTA,Axis Flight School,E-ABczU47mI,Sit-fly stability drills,2012-03-22 20:35:20+00:00,7412,57,5,Unknown,2025-11-30
Skydiving,UCrMj4Qbt3wKweAgVI-DMoww,USPA,bzj19cO75xY,2025 C.V. Whitney Cup- Brookshire vs Coca-Cola,2025-02-13 22:24:30+00:00,7303,51,0,Unknown,2025-12-01
Skydiving,UCrMj4Qbt3wKweAgVI-DMoww,USPA,6R1Bs0g3no4,2024 USPA Gold Cup- Tamera vs La Dolfina,2024-03-01 18:02:16+00:00,7285,42,0,Unknown,2025-12-01
Skydiving,UCrMj4Qbt3wKweAgVI-DMoww,USPA,Pu6YDDT1Dsk,2022 FIP World Championship Final  USA vs Spain,2023-01-18 20:38:26+00:00,7283,70,0,Unknown,2025-12-01
Skydiving,UCrMj4Qbt3wKweAgVI-DMoww,USPA,BUi0CsCRh6I,National Polo Center - Wellington Sponsorship,2024-07-19 16:25:30+00:00,7234,297,0,Unknown,2025-12-01
Skydiving,UCrMj4Qbt3wKweAgVI-DMoww,USPA,Vb-F5yzAyno,2025 USPA Gold Cup- Brookshire vs The Dutta Corp,2025-03-06 21:50:05+00:00,7108,48,0,Unknown,2025-12-01
Skydiving,UCrMj4Qbt3wKweAgVI-DMoww,USPA,wnFjz1Of2mk,2025 U.S. Open Polo Championship- Clearwater vs La Dolfina/Tamera,2025-04-06 22:35:57+00:00,7013,55,0,Unknown,2025-12-01
Skydiving,UCD9rcDqlSp_6x3HcyRD0yTA,Axis Flight School,9d2VIwZREio,AXIS Flight School: Night XRW (Discovery Canada),2016-03-29 21:59:03+00:00,7007,45,1,Unknown,2025-11-30
Skydiving,UCrMj4Qbt3wKweAgVI-DMoww,USPA,uGY1G0GnZ-0,Wait for it..!💥,2025-05-22 19:39:37+00:00,6946,283,7,Unknown,2025-12-01
Skydiving,UCrMj4Qbt3wKweAgVI-DMoww,USPA,5qvrXcz0uAo,2025 USPA Gold Cup- Brookshire vs La Fe Eastern Hay,2025-03-03 02:52:41+00:00,6937,55,0,Unknown,2025-12-01
Skydiving,UCrMj4Qbt3wKweAgVI-DMoww,USPA,csCW5xh4Jdg,2025 U.S. Open Polo Championship- Coca-Cola vs Pilot,2025-04-06 17:17:53+00:00,6932,51,3,Unknown,2025-12-01
Skydiving,UCrMj4Qbt3wKweAgVI-DMoww,USPA,Rm_cPigYHuo,2025 USPA Gold Cup- Globalport vs Park Place,2025-03-03 22:54:07+00:00,6931,40,0,Unknown,2025-12-01
Skydiving,UCD9rcDqlSp_6x3HcyRD0yTA,Axis Flight School,KNGPSYC8hJQ,Ernie Torres World Record Board Breaking Jump (Nik's View),2013-05-24 04:14:36+00:00,6913,29,8,Unknown,2025-11-30
Skydiving,UCD9rcDqlSp_6x3HcyRD0yTA,Axis Flight School,9PM-b7RiyjQ,AXIS: Arizona X-FORCE VFS Randoms,2015-03-10 02:50:00+00:00,6910,33,1,Unknown,2025-11-30
Skydiving,UCrMj4Qbt3wKweAgVI-DMoww,USPA,rZoAw707wnw,2025 C.V. Whitney Cup- The Dutta Corp vs La Dolfina/Tamera,2025-02-13 17:46:56+00:00,6861,54,1,Unknown,2025-12-01
Skydiving,UCD9rcDqlSp_6x3HcyRD0yTA,Axis Flight School,F2EKEHsLFp4,Luke & Greg MFS,2016-05-06 21:18:25+00:00,6673,71,3,Unknown,2025-11-30
Skydiving,UCrMj4Qbt3wKweAgVI-DMoww,USPA,JiKlPTiC_tk,A play that definitely calls for a highlight reel! 🎞️ Tomas Panelo ➡️ Poroto Cambiaso,2023-07-05 20:57:23+00:00,6588,281,0,Unknown,2025-12-01
Skydiving,UCrMj4Qbt3wKweAgVI-DMoww,USPA,5kUGFeijHJo,2024 Division 1 Men's National Intercollegiate Championship Final,2024-04-14 19:01:22+00:00,6582,20,2,Unknown,2025-12-01
Skydiving,UCrMj4Qbt3wKweAgVI-DMoww,USPA,Tr_cmE6q59s,2024 U.S. Open Polo Championship- Coca-Cola vs Pilot,2024-03-27 22:35:20+00:00,6578,48,3,Unknown,2025-12-01
Skydiving,UCrMj4Qbt3wKweAgVI-DMoww,USPA,zeOdeYcSxYE,II FIP Arena World Polo Championship Final- Argentina vs USA,2025-10-12 21:18:10+00:00,6475,90,3,Unknown,2025-12-01
Skydiving,UCD9rcDqlSp_6x3HcyRD0yTA,Axis Flight School,R6GjfSG7Rec,0-60 MPH in 2.6 seconds,2023-10-31 01:39:39+00:00,6459,107,4,Unknown,2025-11-30
Skydiving,UCrMj4Qbt3wKweAgVI-DMoww,USPA,tWG6AKZOnVQ,2024 USPA Gold Cup- Pilot vs Park Place,2024-02-29 18:54:54+00:00,6423,50,1,Unknown,2025-12-01
Skydiving,UCrMj4Qbt3wKweAgVI-DMoww,USPA,TGeHEjI21bE,2025 U.S. Open Polo Championship- Pilot vs The Dutta Corp,2025-04-03 18:17:39+00:00,6370,35,0,Unknown,2025-12-01
Skydiving,UCrMj4Qbt3wKweAgVI-DMoww,USPA,8c3gt3P8jQc,2025 U.S. Open Polo Championship- Brookshire vs The Setai,2025-04-02 21:13:33+00:00,6364,53,0,Unknown,2025-12-01
Skydiving,UCD9rcDqlSp_6x3HcyRD0yTA,Axis Flight School,zzVlr4dNeJ8,Skydiving with RED EPIC DRAGON,2015-07-22 21:09:58+00:00,6328,24,4,Unknown,2025-11-30
Skydiving,UCrMj4Qbt3wKweAgVI-DMoww,USPA,YpKzM2xANvo,2023 Westchester Cup- England vs USA,2023-03-31 23:28:40+00:00,6310,44,1,Unknown,2025-12-01
Skydiving,UCD9rcDqlSp_6x3HcyRD0yTA,Axis Flight School,b4-CutJAAtY,AXIS Foundations of Flight: Double Spock Exit,2016-06-01 19:02:49+00:00,6292,32,0,Unknown,2025-11-30
Skydiving,UCrMj4Qbt3wKweAgVI-DMoww,USPA,vul8ensdgW0,Final - Las Monjitas (3-0) vs Pilot (3-0),2019-02-25 22:22:36+00:00,6260,23,0,Unknown,2025-12-01
Skydiving,UCrMj4Qbt3wKweAgVI-DMoww,USPA,qtrRnBhZT08,The Sport of Horses: XII Federation of International Polo World Championship Official Trailer,2022-12-19 19:06:19+00:00,6253,42,1,Unknown,2025-12-01
Skydiving,UCrMj4Qbt3wKweAgVI-DMoww,USPA,cLOq-2v1ZaA,Wait for the beat drop 🎶🔥,2023-10-21 23:09:12+00:00,6192,131,1,Unknown,2025-12-01
Skydiving,UCrMj4Qbt3wKweAgVI-DMoww,USPA,0RsR04_wsx0,2025 U.S. Open Polo Championship- Clearwater vs Park Place,2025-04-03 22:54:17+00:00,6069,40,1,Unknown,2025-12-01
Skydiving,UCD9rcDqlSp_6x3HcyRD0yTA,Axis Flight School,3PcgXPqqRFA,Where’d wHHOO GO?,2022-01-28 03:40:01+00:00,5991,137,4,Unknown,2025-11-30
Skydiving,UCrMj4Qbt3wKweAgVI-DMoww,USPA,ux6MXg8ymzg,C.V. Whitney Cup- La Dolfina vs Pilot,2024-02-14 22:39:24+00:00,5951,39,1,Unknown,2025-12-01
Skydiving,UCrMj4Qbt3wKweAgVI-DMoww,USPA,Xe8APRjez-s,2025 USPA Gold Cup- Clearwater vs La Fe Eastern Hay,2025-03-06 18:59:56+00:00,5944,37,0,Unknown,2025-12-01
Skydiving,UCrMj4Qbt3wKweAgVI-DMoww,USPA,JS4oJOlM88c,2025 U.S. Open Polo Championship- Brookshire vs The Dutta Corp,2025-04-07 21:14:56+00:00,5899,30,1,Unknown,2025-12-01
Skydiving,UCrMj4Qbt3wKweAgVI-DMoww,USPA,-GCg-FKzKjg,2025 C.V. Whitney Cup- BTA vs Pilot,2025-02-14 17:51:28+00:00,5898,33,1,Unknown,2025-12-01
Skydiving,UCrMj4Qbt3wKweAgVI-DMoww,USPA,77Mk30sy_Xs,2025 USPA Gold Cup- Clearwater vs The Dutta Corp,2025-03-03 00:40:24+00:00,5847,50,1,Unknown,2025-12-01
Skydiving,UCD9rcDqlSp_6x3HcyRD0yTA,Axis Flight School,7FNVbTBy1eE,The Huckleberry,2013-12-13 07:14:18+00:00,5764,53,6,Unknown,2025-11-30
Skydiving,UCD9rcDqlSp_6x3HcyRD0yTA,Axis Flight School,l441yz5AC0g,AXIS Foundations of Flight - Rock the Cradle,2013-08-28 01:13:45+00:00,5754,27,0,Unknown,2025-11-30
Skydiving,UCrMj4Qbt3wKweAgVI-DMoww,USPA,UlnNXR4HpZ8,USPA Gold Cup Quarterfinal- Pilot vs Valiente,2023-03-17 17:54:38+00:00,5605,40,1,Unknown,2025-12-01
Skydiving,UCrMj4Qbt3wKweAgVI-DMoww,USPA,cMUwVPnPhdQ,2025 C.V. Whitney Cup- BTA vs La Fe Eastern Hay,2025-02-10 22:17:48+00:00,5588,47,0,Unknown,2025-12-01
Skydiving,UCrMj4Qbt3wKweAgVI-DMoww,USPA,Yf3QNKW9AmE,2024 USPA Gold Cup- Coca-Cola vs Park Place,2024-03-05 22:02:30+00:00,5565,31,1,Unknown,2025-12-01
Skydiving,UCrMj4Qbt3wKweAgVI-DMoww,USPA,n1d9fW6HzNA,C.V. Whitney Cup- La Dolfina vs The Dutta Corp,2024-02-10 22:01:35+00:00,5544,34,2,Unknown,2025-12-01
Skydiving,UCrMj4Qbt3wKweAgVI-DMoww,USPA,SnKbcudNGMU,2025 U.S. Open Polo Championship- La Fe Eastern Hay vs The Setai,2025-04-07 17:19:32+00:00,5537,36,0,Unknown,2025-12-01
Skydiving,UCD9rcDqlSp_6x3HcyRD0yTA,Axis Flight School,_dAVzIqPfnY,AXIS Foundations of Flight - Belly Big Way Approaches,2014-11-21 00:06:26+00:00,5515,28,0,Unknown,2025-11-30
Skydiving,UCrMj4Qbt3wKweAgVI-DMoww,USPA,AaOWOiXw2hs,2024 U.S. Open Polo Championship- La Fe vs Tamera,2024-04-07 22:29:06+00:00,5463,36,1,Unknown,2025-12-01
Skydiving,UCD9rcDqlSp_6x3HcyRD0yTA,Axis Flight School,HQMPC1W6LOE,Cloud Clearance for Skydivers,2020-05-23 21:41:29+00:00,5431,112,8,Unknown,2025-11-30
Skydiving,UCrMj4Qbt3wKweAgVI-DMoww,USPA,qPkBDMOVdg8,2024 U.S. Open Polo Championship Highlight: Poroto Cambiaso sending a 💣 to goal!,2024-12-28 16:24:34+00:00,5317,129,1,Unknown,2025-12-01
Skydiving,UCrMj4Qbt3wKweAgVI-DMoww,USPA,-EIQ0BmVgmg,2024 U.S. Open Polo Championship- Tamera vs Valiente,2024-03-29 22:09:29+00:00,5195,32,0,Unknown,2025-12-01
Skydiving,UCrMj4Qbt3wKweAgVI-DMoww,USPA,JNRyRurywyo,2024 U.S. Open Polo Championship- Tamera vs Park Place,2024-04-02 22:59:05+00:00,5087,39,2,Unknown,2025-12-01
Skydiving,UCrMj4Qbt3wKweAgVI-DMoww,USPA,hNWgEd2IZdA,Cambiaso 👉 CambiasoName a better polo duo? We’ll wait.,2023-10-16 21:57:40+00:00,5081,156,5,Unknown,2025-12-01
Skydiving,UCrMj4Qbt3wKweAgVI-DMoww,USPA,fxlnEdSEbaY,CV Whitney Cup- Park Place vs Valiente,2023-02-22 18:09:17+00:00,4854,50,2,Unknown,2025-12-01
Skydiving,UCD9rcDqlSp_6x3HcyRD0yTA,Axis Flight School,QqqAVcbL7y4,Confined-space warm up exercises for skydivers,2020-06-22 16:00:12+00:00,4730,136,3,Unknown,2025-11-30
Skydiving,UCrMj4Qbt3wKweAgVI-DMoww,USPA,C0MPHlm5IHc,2024 USPA Gold Cup- La Fe vs Pilot,2024-03-12 16:45:20+00:00,4711,35,1,Unknown,2025-12-01
Skydiving,UCrMj4Qbt3wKweAgVI-DMoww,USPA,-kKzLXcX_ZQ,"Some play on the field, Nachi Viana plays in the air. 🛫",2024-11-17 17:06:40+00:00,4683,169,4,Unknown,2025-12-01
Skydiving,UCD9rcDqlSp_6x3HcyRD0yTA,Axis Flight School,C4A1kcBsQv4,Foundations of Flight - MFS Half Rebel Exit,2016-07-06 19:41:25+00:00,4668,20,0,Unknown,2025-11-30
Skydiving,UCrMj4Qbt3wKweAgVI-DMoww,USPA,Yb5JYCuSbys,2025 USPA Gold Cup- Clearwater vs The Dutta Corp,2025-03-12 16:09:12+00:00,4600,39,0,Unknown,2025-12-01
Skydiving,UCrMj4Qbt3wKweAgVI-DMoww,USPA,ad5nITSsamM,2025 Ylvisaker Cup Final- SD Farms vs Bientina,2025-02-16 22:39:50+00:00,4592,30,0,Unknown,2025-12-01
Skydiving,UCrMj4Qbt3wKweAgVI-DMoww,USPA,y1svUrWqEr4,2024 USPA Gold Cup- La Fe vs Valiente,2024-03-09 23:18:22+00:00,4573,30,1,Unknown,2025-12-01
Skydiving,UCD9rcDqlSp_6x3HcyRD0yTA,Axis Flight School,lZsF7hS7OiY,4wayFS 6,2018-03-30 22:08:08+00:00,4568,5,0,Unknown,2025-11-30
Skydiving,UCD9rcDqlSp_6x3HcyRD0yTA,Axis Flight School,XOMjGEeCvt8,FAST A$$ Video FOOTage,2023-10-30 00:25:21+00:00,4551,143,7,Unknown,2025-11-30
Skydiving,UCD9rcDqlSp_6x3HcyRD0yTA,Axis Flight School,cEqsqWmTXEA,Big Boy Express,2024-01-07 22:10:16+00:00,4490,154,2,Unknown,2025-11-30
Skydiving,UCrMj4Qbt3wKweAgVI-DMoww,USPA,H5NJlMC-wXc,C.V. Whitney Cup- Coca-Cola vs Valiente,2024-02-09 18:06:59+00:00,4488,32,0,Unknown,2025-12-01
Skydiving,UCrMj4Qbt3wKweAgVI-DMoww,USPA,uV7oAkAG7o0,2024 USPA Gold Cup- Coca-Cola vs Clearwater,2024-02-28 21:49:38+00:00,4443,31,1,Unknown,2025-12-01
Skydiving,UCrMj4Qbt3wKweAgVI-DMoww,USPA,1L2XgaFkdXc,U.S. Open Polo Championship- Tamera vs Valiente,2023-04-04 17:46:48+00:00,4407,22,0,Unknown,2025-12-01
Skydiving,UCD9rcDqlSp_6x3HcyRD0yTA,Axis Flight School,ezHhMcT9V0Y,4wayFS 2,2018-03-30 22:00:42+00:00,4363,3,0,Unknown,2025-11-30
Skydiving,UCD9rcDqlSp_6x3HcyRD0yTA,Axis Flight School,kAu2OzUGhAo,Swoop Du Jour: Accuracy,2022-06-04 17:13:45+00:00,4354,189,0,Unknown,2025-11-30
Skydiving,UCD9rcDqlSp_6x3HcyRD0yTA,Axis Flight School,QiHgkFsiYFo,4wayFS 1,2019-08-09 14:41:28+00:00,4348,10,0,Unknown,2025-11-30
Skydiving,UCD9rcDqlSp_6x3HcyRD0yTA,Axis Flight School,GuSzt29864o,"Ready, set, go.",2022-01-27 04:35:03+00:00,4310,47,0,Unknown,2025-11-30
Skydiving,UCrMj4Qbt3wKweAgVI-DMoww,USPA,QzuGJcGFvR0,2024 U.S. Open Polo Championship- Coca-Cola vs Clearwater,2024-04-05 16:49:04+00:00,4238,33,0,Unknown,2025-12-01
Skydiving,UCrMj4Qbt3wKweAgVI-DMoww,USPA,uMYefJX4iQ8,Segundo Saravi Theading the Needle 🪡🧵,2023-07-23 18:00:19+00:00,4181,83,0,Unknown,2025-12-01
Skydiving,UCrMj4Qbt3wKweAgVI-DMoww,USPA,69TlSdHcElg,C.V. Whitney Cup- Pilot vs Park Place,2024-02-10 18:18:15+00:00,4170,32,1,Unknown,2025-12-01
Skydiving,UCD9rcDqlSp_6x3HcyRD0yTA,Axis Flight School,frOQws-i5HA,4wayFS 5,2018-03-30 22:06:07+00:00,4165,2,0,Unknown,2025-11-30
Skydiving,UCD9rcDqlSp_6x3HcyRD0yTA,Axis Flight School,r-bLUl35M00,Foundations of Flight - 4-way VFS Block 8,2014-03-22 00:10:30+00:00,4141,21,0,Unknown,2025-11-30
Skydiving,UCD9rcDqlSp_6x3HcyRD0yTA,Axis Flight School,sMdNUFVqyc8,What is FS?,2022-11-28 17:14:41+00:00,4125,188,3,Unknown,2025-11-30
Skydiving,UCD9rcDqlSp_6x3HcyRD0yTA,Axis Flight School,NIxdzKBYvTY,How do you visualize your jump?,2024-01-19 17:41:07+00:00,4064,161,6,Unknown,2025-11-30
Skydiving,UCD9rcDqlSp_6x3HcyRD0yTA,Axis Flight School,-Ai0Mn7b_pU,AXIS on Daily Planet (Canada Discovery Channel),2015-05-23 03:19:47+00:00,4056,15,0,Unknown,2025-11-30
Skydiving,UCrMj4Qbt3wKweAgVI-DMoww,USPA,lgbm1oMBIZk,2024 U.S. Open Polo Championship- Clearwater vs The Dutta Corp,2024-03-31 22:25:57+00:00,4045,29,0,Unknown,2025-12-01
Skydiving,UCrMj4Qbt3wKweAgVI-DMoww,USPA,85KqX7PWkuE,𝘞𝘩𝘢𝘵 𝘢 𝘱𝘦𝘯𝘢𝘭𝘵𝘺🛑 𝘧𝘦𝘢𝘵𝘶𝘳𝘪𝘯𝘨 𝘔𝘢𝘳𝘤𝘰𝘴 𝘉𝘪𝘨𝘯𝘰𝘭𝘪 & 𝘑𝘶𝘢𝘯 𝘉𝘳𝘪𝘵𝘰𝘴,2024-05-15 15:02:41+00:00,4037,113,0,Unknown,2025-12-01
Skydiving,UCD9rcDqlSp_6x3HcyRD0yTA,Axis Flight School,OfM9Dt3G_lc,4wayFS 11,2018-03-30 22:21:32+00:00,4012,1,0,Unknown,2025-11-30
Skydiving,UCD9rcDqlSp_6x3HcyRD0yTA,Axis Flight School,CWwnqIY7aVE,Miracle and a half,2015-07-30 19:35:38+00:00,3990,27,2,Unknown,2025-11-30
Skydiving,UCrMj4Qbt3wKweAgVI-DMoww,USPA,2Ve78BWkzS4,Valiente (2-0) vs Flexjet (2-1) semifinal,2018-04-18 22:22:20+00:00,3946,19,0,Unknown,2025-12-01
Skydiving,UCD9rcDqlSp_6x3HcyRD0yTA,Axis Flight School,c9e0-5waFU4,4wayFS 4,2018-03-30 22:04:40+00:00,3903,5,0,Unknown,2025-11-30
Skydiving,UCrMj4Qbt3wKweAgVI-DMoww,USPA,fplzeOO4mm4,2023 C.V. Whitney Cup- Pilot (0-0) vs Scone (0-0),2023-02-17 22:54:16+00:00,3903,24,3,Unknown,2025-12-01
Skydiving,UCrMj4Qbt3wKweAgVI-DMoww,USPA,pxoukbjIZeU,C.V. Whitney Cup- Tamera vs Valiente,2024-02-13 21:58:04+00:00,3854,22,0,Unknown,2025-12-01
Skydiving,UCrMj4Qbt3wKweAgVI-DMoww,USPA,USN54wce2b0,2024 U.S. Open Polo Championship- Clearwater vs La Fe,2024-03-28 17:04:39+00:00,3839,23,0,Unknown,2025-12-01
Skydiving,UCrMj4Qbt3wKweAgVI-DMoww,USPA,5di7etkrK_g,2023 USPA Gold Cup- Scone (0-0) vs Tamera (0-0),2023-03-04 20:07:00+00:00,3801,18,0,Unknown,2025-12-01
Skydiving,UCrMj4Qbt3wKweAgVI-DMoww,USPA,1gm1NKYdzrw,2024 Netjets Pacific Coast Open Final- Antelope vs Carbenella Polo,2024-09-02 00:20:59+00:00,3800,43,1,Unknown,2025-12-01
Skydiving,UCrMj4Qbt3wKweAgVI-DMoww,USPA,dzW9LUgUagg,These ponies are in a league of their own!👋👋,2023-07-31 03:57:15+00:00,3747,187,1,Unknown,2025-12-01
Skydiving,UCD9rcDqlSp_6x3HcyRD0yTA,Axis Flight School,jre_bhZtwqQ,Stall it like a BOSS,2018-03-01 13:54:31+00:00,3721,0,0,Unknown,2025-11-30
Skydiving,UCD9rcDqlSp_6x3HcyRD0yTA,Axis Flight School,jeWvUH_ZBkw,4wayFS 19,2018-03-30 22:47:30+00:00,3708,5,0,Unknown,2025-11-30
Skydiving,UCD9rcDqlSp_6x3HcyRD0yTA,Axis Flight School,HEUXv9lz8sU,Jesse Murphree Accelerated Freefall Training,2014-11-17 21:37:27+00:00,3700,40,2,Unknown,2025-11-30
Skydiving,UCD9rcDqlSp_6x3HcyRD0yTA,Axis Flight School,WGaEwIUJbI0,4wayFS 10,2018-03-30 22:19:17+00:00,3687,3,0,Unknown,2025-11-30
Skydiving,UCD9rcDqlSp_6x3HcyRD0yTA,Axis Flight School,z0xC8kf6HDw,4wayFS 20 (archived),2018-03-30 22:47:30+00:00,3668,3,0,Unknown,2025-11-30
Skydiving,UCrMj4Qbt3wKweAgVI-DMoww,USPA,8jz3C13gjPM,2025 U.S. Open Women's Polo Championship Semifinal- La Fe Eastern Hay vs North Star,2025-02-06 21:46:50+00:00,3627,23,0,Unknown,2025-12-01
Skydiving,UCD9rcDqlSp_6x3HcyRD0yTA,Axis Flight School,l5WgjGbn5V4,4wayFS 18,2018-03-30 22:37:02+00:00,3579,3,0,Unknown,2025-11-30
Skydiving,UCD9rcDqlSp_6x3HcyRD0yTA,Axis Flight School,f684E1YJ_MY,4wayFS 1 (archived),2018-03-30 21:52:22+00:00,3573,5,0,Unknown,2025-11-30
Skydiving,UCD9rcDqlSp_6x3HcyRD0yTA,Axis Flight School,mQPmP2_MFEE,4wayFS 22,2018-03-30 22:46:45+00:00,3552,4,0,Unknown,2025-11-30
Skydiving,UCD9rcDqlSp_6x3HcyRD0yTA,Axis Flight School,_JBN-IpFdaU,4wayFS 8,2018-03-30 22:15:22+00:00,3532,3,0,Unknown,2025-11-30
Skydiving,UCrMj4Qbt3wKweAgVI-DMoww,USPA,NRrRKE7hjjw,2024 USPA Gold Cup- Clearwater vs Valiente,2024-03-13 21:47:47+00:00,3490,25,0,Unknown,2025-12-01
Skydiving,UCD9rcDqlSp_6x3HcyRD0yTA,Axis Flight School,LZQ9F-81atU,4wayFS 21,2018-03-30 22:44:14+00:00,3453,3,0,Unknown,2025-11-30
Skydiving,UCD9rcDqlSp_6x3HcyRD0yTA,Axis Flight School,s4SqpXP9u7U,4WayFS 17,2018-03-30 22:34:33+00:00,3317,3,0,Unknown,2025-11-30
Skydiving,UCD9rcDqlSp_6x3HcyRD0yTA,Axis Flight School,zGGqP-I9Jkk,4wayFS 7,2018-03-30 22:12:54+00:00,3299,3,0,Unknown,2025-11-30
Skydiving,UCD9rcDqlSp_6x3HcyRD0yTA,Axis Flight School,ydVPkDUET8M,AXIS Foundations of Flight - MFS Block 7,2016-08-05 23:58:23+00:00,3274,22,0,Unknown,2025-11-30
Skydiving,UCD9rcDqlSp_6x3HcyRD0yTA,Axis Flight School,JEIjH89CJwc,4wayFS 12,2018-03-30 22:23:59+00:00,3259,3,0,Unknown,2025-11-30
Skydiving,UCD9rcDqlSp_6x3HcyRD0yTA,Axis Flight School,g2wMD6SOxDM,4wayFS 9,2018-03-30 22:16:39+00:00,3210,3,0,Unknown,2025-11-30
Skydiving,UCD9rcDqlSp_6x3HcyRD0yTA,Axis Flight School,1vkPfszpSdY,Parachute on Fire,2011-07-12 19:38:29+00:00,3158,13,4,Unknown,2025-11-30
Skydiving,UCD9rcDqlSp_6x3HcyRD0yTA,Axis Flight School,APV3iwCwdi4,4wayFS 14,2018-03-30 22:28:28+00:00,3054,2,0,Unknown,2025-11-30
Skydiving,UCD9rcDqlSp_6x3HcyRD0yTA,Axis Flight School,1jH1Wl93RtQ,Challenging solo head-up exit,2018-05-13 23:31:31+00:00,3049,13,2,Unknown,2025-11-30
Slacklining,UCQvq-0fss4lNrmIz7gcPLtQ,How Not To Highline,dy6hE6Jzp-4,How KNOT to Slackline #knots,2023-08-04 15:22:37+00:00,18470482,487373,1310,Unknown,2025-12-01
Slacklining,UCQvq-0fss4lNrmIz7gcPLtQ,How Not To Highline,WRrfT3uupCU,This rope is from the accident,2023-09-23 14:42:27+00:00,4597350,239807,765,Unknown,2025-12-01
Slacklining,UCQvq-0fss4lNrmIz7gcPLtQ,How Not To Highline,WsKQnRXDbgA,The Manufacturer Couldn't Break This... #climbinggear #breaktest,2024-08-21 22:11:53+00:00,4570125,199453,743,Unknown,2025-12-01
Slacklining,UCQvq-0fss4lNrmIz7gcPLtQ,How Not To Highline,gGvnb3cN0ko,2 lobes? #breaktest #climbing,2023-08-12 04:08:20+00:00,4125918,119275,619,Unknown,2025-12-01
Slacklining,UCQvq-0fss4lNrmIz7gcPLtQ,How Not To Highline,Jl6HLvh5wDI,UIAA Rated Bolt Made in America #climbing #breaktest,2024-07-24 22:42:35+00:00,4071438,121985,843,Unknown,2025-12-01
Slacklining,UCQvq-0fss4lNrmIz7gcPLtQ,How Not To Highline,yTm35Z-BoO8,I thought it was going to slip? #climbinggear,2024-01-05 23:03:49+00:00,2944456,114080,384,Unknown,2025-12-01
Slacklining,UCQvq-0fss4lNrmIz7gcPLtQ,How Not To Highline,mmDghZFMC_M,Would you trust this leash? #climbinggear #climbing,2024-08-01 17:53:01+00:00,2917096,154148,262,Unknown,2025-12-01
Slacklining,UCQvq-0fss4lNrmIz7gcPLtQ,How Not To Highline,rFsFJSvfA3s,Which way is worse? #breaktest #climbinggear,2024-04-21 19:52:05+00:00,2156450,53073,152,Unknown,2025-12-01
Slacklining,UC_-N507qnw663Lu17YNrlQg,Slacktivity,ryPliGReqRE,The smoothest Combo ever on a Highline?,2025-02-13 17:01:07+00:00,1881666,43767,1107,Unknown,2025-11-30
Slacklining,UCQvq-0fss4lNrmIz7gcPLtQ,How Not To Highline,Oseu3-VipnQ,How Strong is a CMC Squid? #breaktest #rescue,2024-06-28 15:03:45+00:00,1597483,62047,551,Unknown,2025-12-01
Slacklining,UCQvq-0fss4lNrmIz7gcPLtQ,How Not To Highline,3OhRIx92ivA,What's Worse For an Industrial Sling? #climbinggear #breaktest,2024-06-20 17:03:58+00:00,1586094,39720,291,Unknown,2025-12-01
Slacklining,UCQvq-0fss4lNrmIz7gcPLtQ,How Not To Highline,gQblnEd50Qo,I destroyed the worlds most expensive camping mattress,2023-04-19 12:59:49+00:00,1491202,14663,1371,Unknown,2025-12-01
Slacklining,UCQvq-0fss4lNrmIz7gcPLtQ,How Not To Highline,L4hRuIxBdxs,They trusted this with their life... #climbing #climbinggear,2024-07-19 18:47:41+00:00,1271960,64985,205,Unknown,2025-12-01
Slacklining,UCQvq-0fss4lNrmIz7gcPLtQ,How Not To Highline,-yTWcVaCRlg,Climbing carabiners don't break like you think,2022-01-15 15:00:00+00:00,1206447,13155,655,Unknown,2025-12-01
Slacklining,UCQvq-0fss4lNrmIz7gcPLtQ,How Not To Highline,73aMK1dTCjY,Big Wall Climbing: How NOT to Poop on El Capitan,2021-04-28 13:30:01+00:00,1100257,11330,1600,Unknown,2025-12-01
Slacklining,UCQvq-0fss4lNrmIz7gcPLtQ,How Not To Highline,4VM7wYb45eE,Never saddle a dead horse,2024-12-25 18:56:14+00:00,1040714,9416,594,Unknown,2025-12-01
Slacklining,UCQvq-0fss4lNrmIz7gcPLtQ,How Not To Highline,y65e7Kwgp1U,Did someone say “but this won’t happen to my triple action carabiner”?,2022-02-14 17:52:37+00:00,1035345,13319,458,Unknown,2025-12-01
Slacklining,UCQvq-0fss4lNrmIz7gcPLtQ,How Not To Highline,X-6Cm5-LjnY,Strand by Strand,2025-09-04 14:08:19+00:00,977246,26667,120,Unknown,2025-12-01
Slacklining,UCQvq-0fss4lNrmIz7gcPLtQ,How Not To Highline,xd4T0uwZPgs,I probably shouldn't make this video,2023-02-15 14:00:01+00:00,837714,10206,1301,Unknown,2025-12-01
Slacklining,UCQvq-0fss4lNrmIz7gcPLtQ,How Not To Highline,sEKjvtV5DPg,This could change glue-in bolts forever #climbing #breaktest,2024-08-06 17:10:33+00:00,806674,31329,346,Unknown,2025-12-01
Slacklining,UCQvq-0fss4lNrmIz7gcPLtQ,How Not To Highline,i_U-4Kuc_PM,"""They say"" not to do this... #climbing #breaktest",2024-11-21 22:55:09+00:00,795235,20332,91,Unknown,2025-12-01
Slacklining,UCQvq-0fss4lNrmIz7gcPLtQ,How Not To Highline,iyuIv4eNg5E,Does a little gouge make a carabiner weaker? #breaktest #climbinggear,2024-02-15 23:44:39+00:00,778372,30402,154,Unknown,2025-12-01
Slacklining,UCQvq-0fss4lNrmIz7gcPLtQ,How Not To Highline,0N0j0dToULc,People are worried about this part,2025-07-09 14:14:25+00:00,676329,5563,366,Unknown,2025-12-01
Slacklining,UC_-N507qnw663Lu17YNrlQg,Slacktivity,CwLY7ojqKGA,"Epic DWS Slackline Fail in Engelberg, Switzerland",2025-08-16 08:53:21+00:00,640467,3183,36,Unknown,2025-11-30
Slacklining,UCQvq-0fss4lNrmIz7gcPLtQ,How Not To Highline,Ts5bK_luHl8,Guess which carabiner breaks last 👉 CARABINER SHOWDOWN,2022-02-05 20:16:23+00:00,635146,10520,980,Unknown,2025-12-01
Slacklining,UCQvq-0fss4lNrmIz7gcPLtQ,How Not To Highline,8tdaZthV7jY,I don't understand how this holds,2024-03-27 16:14:19+00:00,629731,6715,446,Unknown,2025-12-01
Slacklining,UCQvq-0fss4lNrmIz7gcPLtQ,How Not To Highline,g4CVFRE0pRg,How do you know yours is safe?,2024-07-31 16:12:23+00:00,611652,8483,724,Unknown,2025-12-01
Slacklining,UCQvq-0fss4lNrmIz7gcPLtQ,How Not To Highline,g8513pIsHxw,Is the Yosemite finish safe?,2024-10-16 23:07:31+00:00,548077,10057,172,Unknown,2025-12-01
Slacklining,UC_-N507qnw663Lu17YNrlQg,Slacktivity,yxa15t72pzA,Highline Freestyle Tricks in Seelisberg,2025-01-09 17:01:08+00:00,520860,9804,174,Unknown,2025-11-30
Slacklining,UCQvq-0fss4lNrmIz7gcPLtQ,How Not To Highline,lbCsN6V8DAw,How Not to Rope Jump - Extreme Rope Jumping off Highlines!,2017-10-11 16:01:34+00:00,506739,6354,603,Unknown,2025-12-01
Slacklining,UCQvq-0fss4lNrmIz7gcPLtQ,How Not To Highline,YMshvrOILWM,It still works when it dies,2024-03-14 01:13:00+00:00,491739,12837,100,Unknown,2025-12-01
Slacklining,UCQvq-0fss4lNrmIz7gcPLtQ,How Not To Highline,7CdVdC30oXc,It's NOT what you think,2023-06-28 16:38:39+00:00,470174,4818,162,Unknown,2025-12-01
Slacklining,UCQvq-0fss4lNrmIz7gcPLtQ,How Not To Highline,nxDpZPljhoc,Rusty chain,2024-12-24 00:52:13+00:00,424931,9971,84,Unknown,2025-12-01
Slacklining,UCQvq-0fss4lNrmIz7gcPLtQ,How Not To Highline,d3tb79ueHJQ,Climbers Break Down Vertical Limit,2023-04-12 12:59:47+00:00,411534,5107,425,Unknown,2025-12-01
Slacklining,UCQvq-0fss4lNrmIz7gcPLtQ,How Not To Highline,UOYGceFZMTY,Is 2000 rubs good or bad? #breaktest #climbinggear,2023-12-28 18:03:10+00:00,407518,10193,53,Unknown,2025-12-01
Slacklining,UCQvq-0fss4lNrmIz7gcPLtQ,How Not To Highline,IqLzWiKXk9g,Catastrophic failure tested,2024-04-28 18:19:01+00:00,403341,12344,194,Unknown,2025-12-01
Slacklining,UCQvq-0fss4lNrmIz7gcPLtQ,How Not To Highline,nUCR_W-xCqY,Is your figure 8 knot going to kill you?,2024-10-16 18:13:28+00:00,403010,7465,627,Unknown,2025-12-01
Slacklining,UCQvq-0fss4lNrmIz7gcPLtQ,How Not To Highline,RSXVhzG1REI,Twisted carabiner tested,2023-04-13 20:58:26+00:00,367196,7421,62,Unknown,2025-12-01
Slacklining,UCQvq-0fss4lNrmIz7gcPLtQ,How Not To Highline,TuqUlkAQvBI,Rappelling on 5mm?,2025-01-22 15:33:26+00:00,321872,3576,411,Unknown,2025-12-01
Slacklining,UCQvq-0fss4lNrmIz7gcPLtQ,How Not To Highline,-KzQoz7g5TU,Would you fall on these? #climbinggear #breaktest,2024-04-24 18:21:25+00:00,321602,5577,46,Unknown,2025-12-01
Slacklining,UCQvq-0fss4lNrmIz7gcPLtQ,How Not To Highline,tz_RmRCDhQ4,Rock Solid Gear? #climbinggear #breaktest,2024-04-14 17:19:50+00:00,320796,11552,44,Unknown,2025-12-01
Slacklining,UCQvq-0fss4lNrmIz7gcPLtQ,How Not To Highline,9bPDC7pg8UY,I spent 62 HOURS exploring a 400 foot water fall inside a cave! Topless Dome Part 2 of 3,2022-04-06 14:00:08+00:00,318479,4774,302,Unknown,2025-12-01
Slacklining,UCQvq-0fss4lNrmIz7gcPLtQ,How Not To Highline,9wdU2gIfA48,Climbing gym gear is bomber! See todays video why we posted all of these carabiner magic tricks,2022-02-21 15:58:05+00:00,295173,2768,160,Unknown,2025-12-01
Slacklining,UCQvq-0fss4lNrmIz7gcPLtQ,How Not To Highline,fYPrZXIGRFE,Not all climbing anchors are bomber,2023-03-22 13:56:48+00:00,293597,4877,283,Unknown,2025-12-01
Slacklining,UCQvq-0fss4lNrmIz7gcPLtQ,How Not To Highline,8EWSWgo100c,What shreds a climbing rope first?,2023-02-04 13:59:52+00:00,288412,3302,181,Unknown,2025-12-01
Slacklining,UCQvq-0fss4lNrmIz7gcPLtQ,How Not To Highline,SUrEqqMP9C8,They broke the rules and are getting away with it,2023-07-26 15:17:39+00:00,276799,2142,134,Unknown,2025-12-01
Slacklining,UCQvq-0fss4lNrmIz7gcPLtQ,How Not To Highline,W3fKReWSFgU,Why did the manufacturer paint over their ratings?,2023-10-04 13:20:06+00:00,276325,4195,335,Unknown,2025-12-01
Slacklining,UCQvq-0fss4lNrmIz7gcPLtQ,How Not To Highline,UFwGkZarufA,HMS Test gate side,2025-06-12 14:45:03+00:00,271015,3785,66,Unknown,2025-12-01
Slacklining,UCQvq-0fss4lNrmIz7gcPLtQ,How Not To Highline,5XecjU887Z4,We had to call the manufacturer!?,2024-01-31 15:39:49+00:00,270224,2872,185,Unknown,2025-12-01
Slacklining,UCQvq-0fss4lNrmIz7gcPLtQ,How Not To Highline,Hm6QnE9cCLY,Trad Dad Evolves! #climbinggear #climbing,2024-04-20 16:40:17+00:00,268253,4607,77,Unknown,2025-12-01
Slacklining,UCQvq-0fss4lNrmIz7gcPLtQ,How Not To Highline,H1cenvBcHMA,Could you survive this?,2023-02-22 13:59:52+00:00,263901,4695,289,Unknown,2025-12-01
Slacklining,UC_-N507qnw663Lu17YNrlQg,Slacktivity,1lTi6rF4qec,Slackline-Guide: Basics - Stehen und Gehen,2011-12-15 14:05:20+00:00,255971,802,43,Unknown,2025-11-30
Slacklining,UCQvq-0fss4lNrmIz7gcPLtQ,How Not To Highline,vMfu__xYVvY,Is it too thick?,2025-02-11 22:56:20+00:00,252685,3773,51,Unknown,2025-12-01
Slacklining,UCQvq-0fss4lNrmIz7gcPLtQ,How Not To Highline,vyi12mZw1kI,Aid Climbing - Hooking and Nutting,2022-10-12 12:59:51+00:00,248462,4794,111,Unknown,2025-12-01
Slacklining,UCQvq-0fss4lNrmIz7gcPLtQ,How Not To Highline,BRDFHiWc-gM,I had a stroke,2023-10-07 14:57:50+00:00,247788,8651,1447,Unknown,2025-12-01
Slacklining,UCQvq-0fss4lNrmIz7gcPLtQ,How Not To Highline,sy5UPIragx0,What fits?,2025-03-27 15:53:27+00:00,246146,2732,69,Unknown,2025-12-01
Slacklining,UC_-N507qnw663Lu17YNrlQg,Slacktivity,iZAmoZvZMqE,World’s longest highline in Switzerland destroyed by a lightning,2015-09-07 13:40:18+00:00,245802,2317,86,Unknown,2025-11-30
Slacklining,UCQvq-0fss4lNrmIz7gcPLtQ,How Not To Highline,PtxRc4yg8cY,This Is a Rare Rope #breaktest #innegra,2024-05-12 16:02:54+00:00,245295,5168,67,Unknown,2025-12-01
Slacklining,UCQvq-0fss4lNrmIz7gcPLtQ,How Not To Highline,h1E69_OuChQ,How to rappel with NOT enough rope,2023-10-11 12:59:00+00:00,238062,3253,407,Unknown,2025-12-01
Slacklining,UCQvq-0fss4lNrmIz7gcPLtQ,How Not To Highline,QA_iJ3oqoY0,Why are these marketed to rock climbers???,2023-01-04 13:59:50+00:00,234688,2439,185,Unknown,2025-12-01
Slacklining,UCQvq-0fss4lNrmIz7gcPLtQ,How Not To Highline,WrZ9yPVQhns,Anti-Crossload Belay Carabiner Comparison #climbinggear #climbing,2024-03-18 22:17:30+00:00,230366,4195,79,Unknown,2025-12-01
Slacklining,UCQvq-0fss4lNrmIz7gcPLtQ,How Not To Highline,RCCdB05UnxU,Tommy doesn’t use this the way it’s intended,2025-01-01 14:41:01+00:00,226403,4371,262,Unknown,2025-12-01
Slacklining,UCQvq-0fss4lNrmIz7gcPLtQ,How Not To Highline,3bd2I_DeMzk,Half Rings of Power #climbinggear #breaktest,2024-09-06 19:38:41+00:00,223716,8238,163,Unknown,2025-12-01
Slacklining,UCQvq-0fss4lNrmIz7gcPLtQ,How Not To Highline,she8vH1DCBU,Climbing Quad Anchor break test with 240cm Black diamond dyneema sling,2020-06-20 14:54:26+00:00,212945,3356,188,Unknown,2025-12-01
Slacklining,UCQvq-0fss4lNrmIz7gcPLtQ,How Not To Highline,UjYLsya1T9E,What breaks first??? Petzl GriGri or the Ropes? + Beal Birdie Tests!,2021-07-14 13:30:04+00:00,212740,4466,319,Unknown,2025-12-01
Slacklining,UCQvq-0fss4lNrmIz7gcPLtQ,How Not To Highline,BbBi2U8ArPU,How I rigged a complex 291m highline in Yosemite BY MYSELF in 12 hours,2019-11-13 14:30:00+00:00,212092,2574,174,Unknown,2025-12-01
Slacklining,UCQvq-0fss4lNrmIz7gcPLtQ,How Not To Highline,qW2KJ5cLoDQ,The New Edelrid Ohm II! #climbinggear #unboxing,2024-03-11 13:49:03+00:00,211138,4185,101,Unknown,2025-12-01
Slacklining,UCQvq-0fss4lNrmIz7gcPLtQ,How Not To Highline,ZrUfxV231lo,Is this redundant?,2024-12-20 16:52:25+00:00,204772,5108,65,Unknown,2025-12-01
Slacklining,UCQvq-0fss4lNrmIz7gcPLtQ,How Not To Highline,bjxUdS5zSVI,Even Petzl warns us about this thing!,2024-06-12 13:30:35+00:00,202751,3642,248,Unknown,2025-12-01
Slacklining,UCQvq-0fss4lNrmIz7gcPLtQ,How Not To Highline,lhIPeJNWtxE,Are tapering splices that important in Dyneema / HMPE?,2022-07-27 14:13:28+00:00,200359,5083,320,Unknown,2025-12-01
Slacklining,UC_-N507qnw663Lu17YNrlQg,Slacktivity,5ScBP8xC2Bg,Slackline Tutorial: Buddha-Bounce,2013-11-05 11:38:40+00:00,198393,1926,46,Unknown,2025-11-30
Slacklining,UCQvq-0fss4lNrmIz7gcPLtQ,How Not To Highline,Ygks4-GiCrQ,Bending a Handle,2024-04-29 20:48:20+00:00,189534,6298,54,Unknown,2025-12-01
Slacklining,UCQvq-0fss4lNrmIz7gcPLtQ,How Not To Highline,mChzpVZQYjA,Are stick clips aid?,2024-10-09 00:45:52+00:00,188878,3805,74,Unknown,2025-12-01
Slacklining,UCQvq-0fss4lNrmIz7gcPLtQ,How Not To Highline,kxaLgOdIa9o,Cascade Newt knot block #breaktest #climbinggear #canyoning,2024-01-11 18:02:34+00:00,185610,3663,42,Unknown,2025-12-01
Slacklining,UCQvq-0fss4lNrmIz7gcPLtQ,How Not To Highline,q2tmdteja1A,Can you use a PVC pipe as a fiddlestick? #breaktest #climbinggear,2024-02-25 17:16:08+00:00,183382,4590,82,Unknown,2025-12-01
Slacklining,UCQvq-0fss4lNrmIz7gcPLtQ,How Not To Highline,LwlDa_-EH3Y,Would you Trust the Beal Escaper for Rappelling?,2021-09-15 13:25:48+00:00,177288,3303,330,Unknown,2025-12-01
Slacklining,UCQvq-0fss4lNrmIz7gcPLtQ,How Not To Highline,QrxyNYiT4YE,How strong is a ladder? #climbinggear,2023-12-21 16:24:00+00:00,176780,4383,24,Unknown,2025-12-01
Slacklining,UCQvq-0fss4lNrmIz7gcPLtQ,How Not To Highline,R_mOcEGilLo,I wish I knew this 20 years ago!,2025-03-13 18:27:50+00:00,170709,3726,240,Unknown,2025-12-01
Slacklining,UC_-N507qnw663Lu17YNrlQg,Slacktivity,g730mHDtXaA,How the shape of a carabiner influences its breaking load,2015-03-02 14:47:25+00:00,170594,1729,60,Unknown,2025-11-30
Slacklining,UCQvq-0fss4lNrmIz7gcPLtQ,How Not To Highline,4t4rMCCPiTM,You won't believe how strong micro stoppers are!  Climbing nuts tested in real rock,2021-09-01 13:26:47+00:00,170564,3284,169,Unknown,2025-12-01
Slacklining,UCQvq-0fss4lNrmIz7gcPLtQ,How Not To Highline,vFaBhH35yA4,No carabiner? #breaktest,2023-10-20 21:47:38+00:00,169435,3956,59,Unknown,2025-12-01
Slacklining,UCQvq-0fss4lNrmIz7gcPLtQ,How Not To Highline,JufUVyyfBTQ,Climbing Taiwan 316 SS Quicklink Break Test #climbinggear #breaktest,2024-04-26 17:10:54+00:00,161459,4869,54,Unknown,2025-12-01
Slacklining,UCQvq-0fss4lNrmIz7gcPLtQ,How Not To Highline,kR2voG4zKB0,We compromised this ATC... #climbinggear #breaktest,2024-09-20 15:58:48+00:00,161171,3638,62,Unknown,2025-12-01
Slacklining,UCQvq-0fss4lNrmIz7gcPLtQ,How Not To Highline,j_vKlLreY90,Petzl Shock Absorber Tested,2023-03-30 00:30:28+00:00,154984,3934,53,Unknown,2025-12-01
Slacklining,UCQvq-0fss4lNrmIz7gcPLtQ,How Not To Highline,-Ea2jwZoOtw,We destroyed a sport route for science...,2023-08-23 12:58:21+00:00,154872,2672,128,Unknown,2025-12-01
Slacklining,UCQvq-0fss4lNrmIz7gcPLtQ,How Not To Highline,Cb7Is8a_Ils,Breaking Harken's Expectations,2024-08-28 14:15:30+00:00,145994,2771,182,Unknown,2025-12-01
Slacklining,UC_-N507qnw663Lu17YNrlQg,Slacktivity,uKGTJZeQvxY,10 Typical Mistakes Beginners do on a Slackline,2020-01-30 16:17:59+00:00,143029,3047,62,Unknown,2025-11-30
Slacklining,UCQvq-0fss4lNrmIz7gcPLtQ,How Not To Highline,5CAjUi47QMY,Can you get away with less?,2023-12-27 15:59:12+00:00,132851,1604,89,Unknown,2025-12-01
Slacklining,UCQvq-0fss4lNrmIz7gcPLtQ,How Not To Highline,cmwtIrJEPgI,We break test Glacier Black's Cascade Trident in a few different configurations!,2024-01-19 20:39:47+00:00,132842,2750,51,Unknown,2025-12-01
Slacklining,UCQvq-0fss4lNrmIz7gcPLtQ,How Not To Highline,kg2Ocit6XYo,Less is more? #breaktest #climbing,2024-12-27 20:08:40+00:00,131497,3105,41,Unknown,2025-12-01
Slacklining,UCQvq-0fss4lNrmIz7gcPLtQ,How Not To Highline,EtH6iQQNa5s,This trick changes everything,2023-04-29 12:59:51+00:00,129672,2343,165,Unknown,2025-12-01
Slacklining,UCQvq-0fss4lNrmIz7gcPLtQ,How Not To Highline,qjz7zTHIBb8,This tool changes everything,2024-03-13 16:38:30+00:00,129411,3009,273,Unknown,2025-12-01
Slacklining,UCQvq-0fss4lNrmIz7gcPLtQ,How Not To Highline,4QOW5yVpnTM,Wrapped around 2 carabiners,2023-02-13 22:51:24+00:00,128513,2734,30,Unknown,2025-12-01
Slacklining,UCQvq-0fss4lNrmIz7gcPLtQ,How Not To Highline,Re5ZZjc41kQ,Testing Climbing Figure 8s with Hard Is Easy,2020-09-16 13:41:20+00:00,127392,4236,240,Unknown,2025-12-01
Slacklining,UCQvq-0fss4lNrmIz7gcPLtQ,How Not To Highline,J1txB0KWUzY,This is a highly probable situation… if there are two wizards in a room full of gear,2022-02-14 17:14:50+00:00,118018,1640,96,Unknown,2025-12-01
Slacklining,UCQvq-0fss4lNrmIz7gcPLtQ,How Not To Highline,MD5ov-tDV5A,Pulling on stitches,2024-11-12 18:05:16+00:00,117795,4045,62,Unknown,2025-12-01
Slacklining,UCQvq-0fss4lNrmIz7gcPLtQ,How Not To Highline,eHITUAI0wcA,Dumb ways to die #climbing,2023-11-04 13:00:36+00:00,115203,5436,176,Unknown,2025-12-01
Slacklining,UCQvq-0fss4lNrmIz7gcPLtQ,How Not To Highline,R4DLVivJgf8,This is climbing gear?,2023-03-29 12:59:47+00:00,114401,2786,203,Unknown,2025-12-01
Slacklining,UC_-N507qnw663Lu17YNrlQg,Slacktivity,iCwTiW9xKaA,Slackline-Guide: Buttbounce,2012-07-04 09:18:27+00:00,111490,546,34,Unknown,2025-11-30
Slacklining,UCQvq-0fss4lNrmIz7gcPLtQ,How Not To Highline,XhDEsOt9Rs0,Is a 50 year old sling safe??? #breaktest #climbinggear,2024-02-04 18:42:34+00:00,111126,3814,49,Unknown,2025-12-01
Slacklining,UCQvq-0fss4lNrmIz7gcPLtQ,How Not To Highline,1uPSup3UpDQ,"Sketchy carabiners from Amazon, AliExpress, Ebay and Walmart tested!",2022-03-16 14:00:02+00:00,109850,3747,218,Unknown,2025-12-01
Slacklining,UCQvq-0fss4lNrmIz7gcPLtQ,How Not To Highline,KFpdAmzqCSA,When is Redundancy Ridiculous?,2024-05-22 13:21:36+00:00,107752,3169,236,Unknown,2025-12-01
Slacklining,UCQvq-0fss4lNrmIz7gcPLtQ,How Not To Highline,YGcUl1obrWA,They Changed Climbing Forever,2023-08-16 13:04:50+00:00,107724,2521,234,Unknown,2025-12-01
Slacklining,UCQvq-0fss4lNrmIz7gcPLtQ,How Not To Highline,-mM-m0GIJNU,Locking climbing carabiners are bomber 😂,2022-02-14 06:54:31+00:00,107243,1742,129,Unknown,2025-12-01
Slacklining,UCQvq-0fss4lNrmIz7gcPLtQ,How Not To Highline,ka4fouUPaSg,Canyoneering - Fiddlestick Break Tests,2021-06-02 13:17:11+00:00,105681,4106,440,Unknown,2025-12-01
Slacklining,UCQvq-0fss4lNrmIz7gcPLtQ,How Not To Highline,UDQP7NAXyh4,One of the most abrasion resistant materials???,2023-11-30 15:42:14+00:00,104857,3911,46,Unknown,2025-12-01
Slacklining,UCQvq-0fss4lNrmIz7gcPLtQ,How Not To Highline,JkjB6LRT2dw,The difference is INSANE,2023-05-24 14:03:17+00:00,104027,2881,147,Unknown,2025-12-01
Slacklining,UC_-N507qnw663Lu17YNrlQg,Slacktivity,mSfLoJyQY9g,Swiss Slackline Championships 2014 Finals,2014-10-26 10:12:08+00:00,102552,375,0,Unknown,2025-11-30
Slacklining,UCQvq-0fss4lNrmIz7gcPLtQ,How Not To Highline,IYfyVJyxAI8,How do women pee and manage periods while climbing?,2022-11-05 15:08:02+00:00,101028,1172,138,Unknown,2025-12-01
Slacklining,UCQvq-0fss4lNrmIz7gcPLtQ,How Not To Highline,KwLtzfuwzos,How NOT to weave spacenets - fancy ass patterns in the GGBY spacenet,2019-11-06 14:30:00+00:00,100317,1885,42,Unknown,2025-12-01
Slacklining,UC_-N507qnw663Lu17YNrlQg,Slacktivity,w0QirUNOOtQ,Slackline Tutorial: Surfing a Rodeoline,2013-08-26 07:59:10+00:00,98173,688,26,Unknown,2025-11-30
Slacklining,UC_-N507qnw663Lu17YNrlQg,Slacktivity,YKN8RRRGlH4,Slackline-Tutorial: How to Walk a Longline,2016-02-14 17:02:42+00:00,98120,1018,34,Unknown,2025-11-30
Slacklining,UC_-N507qnw663Lu17YNrlQg,Slacktivity,NnReR57c49I,Slackline-Tutorial: Sit-Mount,2016-01-11 17:21:31+00:00,97379,1173,27,Unknown,2025-11-30
Slacklining,UC_-N507qnw663Lu17YNrlQg,Slacktivity,kngiTcdBHFA,Slackline-Tutorial: How to Surf on a Longline (for Beginners!),2016-03-22 12:47:47+00:00,88846,1095,27,Unknown,2025-11-30
Slacklining,UC_-N507qnw663Lu17YNrlQg,Slacktivity,_TV3krj7r4o,Slackline-Tutorial: Chongo-Mount,2015-06-19 08:01:50+00:00,84384,1075,40,Unknown,2025-11-30
Slacklining,UC_-N507qnw663Lu17YNrlQg,Slacktivity,3xaBSEH7V5g,Slackline-Tutorial: Mantle Mount (Getting from below the line onto the top),2015-06-30 21:51:01+00:00,78209,1224,50,Unknown,2025-11-30
Slacklining,UC_-N507qnw663Lu17YNrlQg,Slacktivity,Xf2Z4i3tI78,ONSIGHT OR DIE! - A Highline World Record (1'210m long),2017-06-14 13:03:55+00:00,77814,922,53,Unknown,2025-11-30
Slacklining,UC_-N507qnw663Lu17YNrlQg,Slacktivity,qHFF56EY-TA,Slackline-Tutorial: Rocket Mount,2014-09-11 13:48:04+00:00,77331,661,12,Unknown,2025-11-30
Slacklining,UC_-N507qnw663Lu17YNrlQg,Slacktivity,KQCtx97ZKM0,World Record Slackline  (477m) Highline over the Clouds in Switzerland,2015-11-10 09:19:48+00:00,76568,794,26,Unknown,2025-11-30
Slacklining,UC_-N507qnw663Lu17YNrlQg,Slacktivity,f2ucavit0Ac,Slackline-Tutorial: Learn how to Highline in 5 Steps,2018-03-22 11:08:52+00:00,74349,1436,25,Unknown,2025-11-30
Slacklining,UC_-N507qnw663Lu17YNrlQg,Slacktivity,Kr6qnFv1i1A,No more Gravity!,2013-06-02 09:50:06+00:00,67026,630,21,Unknown,2025-11-30
Slacklining,UC_-N507qnw663Lu17YNrlQg,Slacktivity,EvU53LwadVg,Slackline-Guide: Chestbounce,2013-05-14 20:26:11+00:00,63400,447,14,Unknown,2025-11-30
Slacklining,UC_-N507qnw663Lu17YNrlQg,Slacktivity,HfvSpSk_Y5M,Next Level DWS on a 60m long Slackline,2025-08-29 14:37:18+00:00,61605,1201,23,Unknown,2025-11-30
Slacklining,UC_-N507qnw663Lu17YNrlQg,Slacktivity,4_fn81Xp9gU,Slackline-Guide: Sitzen (inkl. Aufstehen & Hinsetzen),2011-10-24 10:07:37+00:00,58404,299,9,Unknown,2025-11-30
Slacklining,UC_-N507qnw663Lu17YNrlQg,Slacktivity,xEgjdzsU-sg,Slackline-Tutorial: Leash Handling on a Highline,2016-04-14 11:43:27+00:00,57400,574,22,Unknown,2025-11-30
Slacklining,UC_-N507qnw663Lu17YNrlQg,Slacktivity,n4uchx0PG9I,Is Highlining an Extreme Sport? - Playing on 10 Parallel Highlines,2017-11-06 16:51:37+00:00,46252,1049,50,Unknown,2025-11-30
Slacklining,UC_-N507qnw663Lu17YNrlQg,Slacktivity,bed8kgzZzjE,Highline Exposure67,2012-09-28 12:55:21+00:00,45222,296,18,Unknown,2025-11-30
Slacklining,UC_-N507qnw663Lu17YNrlQg,Slacktivity,dQE87eWRGQw,Slackline-Garteninstallation ohne Bäume,2010-04-18 18:30:09+00:00,43969,39,8,Unknown,2025-11-30
Slacklining,UC_-N507qnw663Lu17YNrlQg,Slacktivity,I4kZl2m9_Nw,Slackline-Tutorial: Standing in Exposure,2016-04-08 14:01:51+00:00,42026,555,19,Unknown,2025-11-30
Slacklining,UC_-N507qnw663Lu17YNrlQg,Slacktivity,EONp79-of3U,Crazy Surfs on a Slackline,2015-08-11 14:31:22+00:00,41851,533,16,Unknown,2025-11-30
Slacklining,UC_-N507qnw663Lu17YNrlQg,Slacktivity,CXXXwTBF5cs,Spectacular Waterline-Session in Zurich,2012-08-10 14:26:21+00:00,41754,282,5,Unknown,2025-11-30
Slacklining,UC_-N507qnw663Lu17YNrlQg,Slacktivity,IDkowKPwMVc,Balance-Training on a Slackline - Physiological Changes in the Body,2018-02-09 08:54:02+00:00,40902,777,40,Unknown,2025-11-30
Slacklining,UC_-N507qnw663Lu17YNrlQg,Slacktivity,NIkrY_Mc5CE,DWS Slacklining allows new Tricks - Samuel Volery brings this discipline to the next Level,2025-09-25 16:18:00+00:00,40393,703,20,Unknown,2025-11-30
Slacklining,UC_-N507qnw663Lu17YNrlQg,Slacktivity,nzLh0O4Nvsc,The seaHorse - Slackline-Weblock and Rigging-Plate in One piece,2016-06-06 22:16:23+00:00,37217,270,18,Unknown,2025-11-30
Slacklining,UC_-N507qnw663Lu17YNrlQg,Slacktivity,9Ab1JPDJR-I,Breakdance in the Sky - Crazy Highline Freestyle Moves,2021-06-10 06:09:25+00:00,36134,651,29,Unknown,2025-11-30
Slacklining,UC_-N507qnw663Lu17YNrlQg,Slacktivity,nTqNjvsca44,10 Ways to Mount a Highline,2015-05-25 08:55:58+00:00,35859,386,11,Unknown,2025-11-30
Slacklining,UC_-N507qnw663Lu17YNrlQg,Slacktivity,5EzkLo5Vb4w,Slackline Tutorial: Inverted Knee-Drop-Turn,2014-05-03 13:36:51+00:00,35360,384,5,Unknown,2025-11-30
Slacklining,UC_-N507qnw663Lu17YNrlQg,Slacktivity,62Gz_8_dEyc,Mindblowing Deep Water Solo Slacklining above the sea in Croatia,2025-10-30 17:45:00+00:00,34384,504,18,Unknown,2025-11-30
Slacklining,UC_-N507qnw663Lu17YNrlQg,Slacktivity,VW5eFHOER1c,High above Monaco - Insane Slackline-Moves on a Highline,2016-01-04 17:20:35+00:00,33871,249,11,Unknown,2025-11-30
Slacklining,UC_-N507qnw663Lu17YNrlQg,Slacktivity,QmIGHy6pfOs,Installation der Slackline-Wandhalterung FLAT,2012-03-23 15:43:30+00:00,33354,115,3,Unknown,2025-11-30
Slacklining,UC_-N507qnw663Lu17YNrlQg,Slacktivity,gJbyOhsq_qc,Slackline-Tutorial - Easy Highline Tricks for Beginners #1,2017-07-24 06:35:06+00:00,32062,361,10,Unknown,2025-11-30
Slacklining,UC_-N507qnw663Lu17YNrlQg,Slacktivity,VyiXjukT4aI,Stunning DWS Slackline Combo without a Leash - Perfect Control!,2025-09-17 06:35:30+00:00,31776,661,26,Unknown,2025-11-30
Slacklining,UC_-N507qnw663Lu17YNrlQg,Slacktivity,59asCG_RzHg,Highline-Tutorial: Climb a Leash,2014-04-08 07:43:07+00:00,31389,221,7,Unknown,2025-11-30
Slacklining,UC_-N507qnw663Lu17YNrlQg,Slacktivity,obyxQ2FAAbY,One Day in Magic Wood,2018-08-15 13:26:57+00:00,30974,766,21,Unknown,2025-11-30
Slacklining,UC_-N507qnw663Lu17YNrlQg,Slacktivity,I9aBP9wyX24,Sway-Time!,2014-11-02 19:25:54+00:00,30451,404,21,Unknown,2025-11-30
Slacklining,UC_-N507qnw663Lu17YNrlQg,Slacktivity,TMhWUxRNGcE,Slackline-Tutorial - How to assist a beginner,2015-03-21 09:32:15+00:00,28790,293,17,Unknown,2025-11-30
Slacklining,UC_-N507qnw663Lu17YNrlQg,Slacktivity,_3WWvLpY87g,Slackline Tutorial: Lying on the Back,2013-08-29 11:56:55+00:00,28609,143,8,Unknown,2025-11-30
Slacklining,UC_-N507qnw663Lu17YNrlQg,Slacktivity,o9NH6UMeMVY,Tight Rope vs Slackline - Freddy Nock vs Samuel Volery,2015-02-04 21:17:02+00:00,28496,290,13,Unknown,2025-11-30
Slacklining,UC_-N507qnw663Lu17YNrlQg,Slacktivity,baFWay95Syo,Slackline Tutorial: Baby-Freeze,2014-05-04 06:06:45+00:00,27822,151,3,Unknown,2025-11-30
Slacklining,UC_-N507qnw663Lu17YNrlQg,Slacktivity,DPw969oHWSo,Slackline Tutorial: Nasty-Chest,2013-12-23 10:04:23+00:00,27595,316,8,Unknown,2025-11-30
Slacklining,UC_-N507qnw663Lu17YNrlQg,Slacktivity,o-gbKz-7gt8,Slackline Precision Training,2016-06-13 11:34:42+00:00,27254,346,13,Unknown,2025-11-30
Slacklining,UC_-N507qnw663Lu17YNrlQg,Slacktivity,kQsrpDnOuKU,Slackline-Tutorial: How to take nice Leashfalls on Highlines,2018-03-03 08:19:56+00:00,27064,407,18,Unknown,2025-11-30
Slacklining,UC_-N507qnw663Lu17YNrlQg,Slacktivity,rEdHMDOHbOw,How to use the Slacktivity HangOver-Pulley System (including force measurements),2016-12-14 09:08:53+00:00,26584,314,41,Unknown,2025-11-30
Slacklining,UC_-N507qnw663Lu17YNrlQg,Slacktivity,wkHJnxbb92I,Tutorial: How to build an A Frame for Slacklining,2016-11-14 15:45:05+00:00,25911,269,9,Unknown,2025-11-30
Slacklining,UC_-N507qnw663Lu17YNrlQg,Slacktivity,FdiccEwR9xg,Slackline-Guide: Querstand,2012-03-23 14:53:22+00:00,25295,97,3,Unknown,2025-11-30
Slacklining,UC_-N507qnw663Lu17YNrlQg,Slacktivity,YHDSFHsjrjI,The Zeus Highline - Full Version,2017-04-25 14:28:19+00:00,25170,476,27,Unknown,2025-11-30
Slacklining,UC_-N507qnw663Lu17YNrlQg,Slacktivity,wOOjtE-vIog,Die Aldi-Slackline im Test,2012-07-05 13:32:21+00:00,24729,65,12,Unknown,2025-11-30
Slacklining,UC_-N507qnw663Lu17YNrlQg,Slacktivity,pPbEhzvbgDM,Slackline-Guide: Halbe Drehung,2012-03-26 07:02:30+00:00,24533,71,3,Unknown,2025-11-30
Slacklining,UC_-N507qnw663Lu17YNrlQg,Slacktivity,nfqM4YNFjlk,Slackline-Tutorial: Front- and Back-Roll,2013-08-26 09:25:21+00:00,24354,197,7,Unknown,2025-11-30
Slacklining,UC_-N507qnw663Lu17YNrlQg,Slacktivity,uUkpixumy6M,What is Slacklining? - Much more than just walking between 2 trees!,2017-12-22 12:44:04+00:00,24197,211,12,Unknown,2025-11-30
Slacklining,UC_-N507qnw663Lu17YNrlQg,Slacktivity,B09k6kjwpZY,New Trick on a Slackine: The Kamikaze Shoulder Bounce,2014-08-08 20:21:59+00:00,23191,285,14,Unknown,2025-11-30
Slacklining,UC_-N507qnw663Lu17YNrlQg,Slacktivity,K9bwltOfZ50,The Wind of Change - A Highline World Record Attempt (1150m),2017-06-03 05:41:49+00:00,22893,322,18,Unknown,2025-11-30
Slacklining,UC_-N507qnw663Lu17YNrlQg,Slacktivity,ksTVoS2qHAM,Slackline-Tutorial: Backbounce Mount on a Longline,2015-02-13 23:28:53+00:00,22188,287,12,Unknown,2025-11-30
Slacklining,UC_-N507qnw663Lu17YNrlQg,Slacktivity,rdV2Jhi6U5Y,Slackline-Tutorial: Sit-Bounce,2014-10-02 14:19:39+00:00,22123,230,10,Unknown,2025-11-30
Slacklining,UC_-N507qnw663Lu17YNrlQg,Slacktivity,Res7MCCLRTg,Slackline World Record - 440m Longline on Polyester,2015-06-08 11:30:00+00:00,21829,149,4,Unknown,2025-11-30
Slacklining,UC_-N507qnw663Lu17YNrlQg,Slacktivity,GljefZ2oSeg,Double-Backflip attempts on a Slackline!!!,2013-05-23 07:33:03+00:00,19725,123,17,Unknown,2025-11-30
Slacklining,UC_-N507qnw663Lu17YNrlQg,Slacktivity,solFqJ3ge3w,Slackline-Guide: Chongo-Mount,2012-08-21 13:53:48+00:00,19543,114,10,Unknown,2025-11-30
Slacklining,UC_-N507qnw663Lu17YNrlQg,Slacktivity,aUBnzNqyIO4,Forces in Slacklines 1 - Static Forces & Tensioning,2014-02-08 15:46:31+00:00,19231,143,3,Unknown,2025-11-30
Slacklining,UC_-N507qnw663Lu17YNrlQg,Slacktivity,SOnfcgnMBH4,Surfing on redTube,2015-06-16 15:54:57+00:00,18436,52,4,Unknown,2025-11-30
Slacklining,UC_-N507qnw663Lu17YNrlQg,Slacktivity,QDVWXzGUIMI,Slackline-Tutorial: Circle-Surfs and Push-Surfing,2015-11-25 10:57:57+00:00,17811,205,6,Unknown,2025-11-30
Slacklining,UC_-N507qnw663Lu17YNrlQg,Slacktivity,MVOO-R5bFLE,Flying above Snow,2014-02-22 20:31:12+00:00,17480,217,14,Unknown,2025-11-30
Slacklining,UC_-N507qnw663Lu17YNrlQg,Slacktivity,7F_Jl-PDs7U,Waterline World Record above ice cold Water: 370m walked by Samuel Volery,2016-05-09 16:40:45+00:00,16642,223,7,Unknown,2025-11-30
Slacklining,UC_-N507qnw663Lu17YNrlQg,Slacktivity,WbzGg-H4Rxs,How you can learn walking blindfold on a Slackline,2018-02-11 08:35:05+00:00,16345,289,31,Unknown,2025-11-30
Slacklining,UC_-N507qnw663Lu17YNrlQg,Slacktivity,uswp3_q4lNY,Slackline-Manual: How to set up the SLACKTIVITY - Primitive Kit,2018-10-30 16:38:46+00:00,16293,200,16,Unknown,2025-11-30
Slacklining,UC_-N507qnw663Lu17YNrlQg,Slacktivity,0T-WjhSYIF0,Deep Water Solo Slackline Stunts,2025-04-25 15:30:00+00:00,16027,129,0,Unknown,2025-11-30
Slacklining,UC_-N507qnw663Lu17YNrlQg,Slacktivity,9wJSmUEkKEE,Level Up your Slackline Skills - Basics 1,2024-07-03 08:19:09+00:00,15992,660,26,Unknown,2025-11-30
Slacklining,UC_-N507qnw663Lu17YNrlQg,Slacktivity,vw2Jp-OwV6A,Would you have thought that such Tricks are possible on a 27m long highline?!,2024-11-14 17:00:56+00:00,15937,460,11,Unknown,2025-11-30
Slacklining,UC_-N507qnw663Lu17YNrlQg,Slacktivity,ZIO8Xac7VyA,One year later  -  finally the lightning highline (540m) goes down,2016-09-06 08:25:43+00:00,15750,169,17,Unknown,2025-11-30
Slacklining,UC_-N507qnw663Lu17YNrlQg,Slacktivity,euH2lj1qUY0,How to set up a Highline between Trees,2023-11-23 07:54:46+00:00,15582,373,34,Unknown,2025-11-30
Slacklining,UC_-N507qnw663Lu17YNrlQg,Slacktivity,BgvQzcOloMU,Slackline-Yoga at its best - With Andrea and Louise on the Highline,2019-08-22 08:54:13+00:00,15406,422,16,Unknown,2025-11-30
Slacklining,UC_-N507qnw663Lu17YNrlQg,Slacktivity,8c2aSvnxf-Y,Slackline Tutorial: GambitSwap,2014-04-09 08:14:29+00:00,15346,119,4,Unknown,2025-11-30
Slacklining,UC_-N507qnw663Lu17YNrlQg,Slacktivity,Dcgtvwm4ocw,Guillaume Fontaine - An Artist on the Slackline,2021-02-16 08:06:40+00:00,15252,470,15,Unknown,2025-11-30
Slacklining,UC_-N507qnw663Lu17YNrlQg,Slacktivity,3u2vN9DQmzg,Slackline-Tutorial: Handstand on a Slackline,2018-08-16 13:51:26+00:00,15082,351,22,Unknown,2025-11-30
Slacklining,UC_-N507qnw663Lu17YNrlQg,Slacktivity,xcO1LXoOsfk,Highline Failure - Cutting the Main Line - Part 1,2020-10-26 19:34:19+00:00,15003,245,19,Unknown,2025-11-30
Slacklining,UC_-N507qnw663Lu17YNrlQg,Slacktivity,bKRfw48P4_M,Slackline-Guide: Diagonalstand,2011-11-02 09:12:04+00:00,14704,84,3,Unknown,2025-11-30
Slacklining,UC_-N507qnw663Lu17YNrlQg,Slacktivity,VUsCroYgEKk,10 Typical Mistakes Beginners make on a Highline,2022-12-28 19:54:39+00:00,14415,689,21,Unknown,2025-11-30
Slacklining,UC_-N507qnw663Lu17YNrlQg,Slacktivity,HAMXMXpgXDQ,Forces in Slacklines 3 - Different Slackline-Lengths,2014-02-08 15:57:19+00:00,14350,144,0,Unknown,2025-11-30
Slacklining,UC_-N507qnw663Lu17YNrlQg,Slacktivity,yf_6ODkr3yQ,Highline World Record 1'210m by Samuel Volery - TEASER,2017-05-23 15:22:51+00:00,13154,163,9,Unknown,2025-11-30
Slacklining,UC_-N507qnw663Lu17YNrlQg,Slacktivity,wim0RRfogHY,Slackline Breaking Strength Tests with the seaHorse,2016-08-12 08:55:26+00:00,12670,125,7,Unknown,2025-11-30
Slacklining,UC_-N507qnw663Lu17YNrlQg,Slacktivity,19h1JN0rTvE,Slackline-Tutorial: Standing on 1 or 2 Feet?,2018-01-22 09:53:55+00:00,12629,210,11,Unknown,2025-11-30
Slacklining,UC_-N507qnw663Lu17YNrlQg,Slacktivity,zMNZPcmKTnE,Finale 290 - Polyester Waterline World Record by Sam Volery,2015-05-25 09:40:58+00:00,12033,162,8,Unknown,2025-11-30
Slacklining,UC_-N507qnw663Lu17YNrlQg,Slacktivity,p8v4ayYirbk,A Highline between 2 Cable Cars on the Moléson - Incl a Handstand by Samuel Volery!,2017-07-25 11:21:09+00:00,11802,103,18,Unknown,2025-11-30
Slacklining,UC_-N507qnw663Lu17YNrlQg,Slacktivity,pZihozjqHfc,Slackline-Tutorial: The Panic Roll,2017-03-07 13:46:57+00:00,11554,128,6,Unknown,2025-11-30
Slacklining,UC_-N507qnw663Lu17YNrlQg,Slacktivity,q-kGq4LntmI,Epic Slackline Bounces 2015 - Samuel Volery plays between beautiful Cliffs,2015-05-19 15:59:53+00:00,11492,110,6,Unknown,2025-11-30
Slacklining,UC_-N507qnw663Lu17YNrlQg,Slacktivity,gJu7IyE9EEc,Testing the Rodeo Slackline Bungees in a Handstand Position,2025-02-06 17:00:50+00:00,11346,380,5,Unknown,2025-11-30
Slacklining,UC_-N507qnw663Lu17YNrlQg,Slacktivity,bc9NngoKBis,Acrobatic Dog - Tandem Slackline with a Human,2016-07-17 21:18:40+00:00,11268,275,11,Unknown,2025-11-30
Slacklining,UC_-N507qnw663Lu17YNrlQg,Slacktivity,itDHhOrBqrc,Acro Highline,2014-09-01 11:30:30+00:00,10720,121,5,Unknown,2025-11-30
Slacklining,UC_-N507qnw663Lu17YNrlQg,Slacktivity,ralBLQvsf-g,Highline-Tutorial - The Rocket-Mount,2021-03-12 08:29:30+00:00,10558,233,18,Unknown,2025-11-30
Slacklining,UC_-N507qnw663Lu17YNrlQg,Slacktivity,85E-OgoheQU,Waterline Session - Slackline Zurich,2016-07-29 07:03:29+00:00,10512,125,6,Unknown,2025-11-30
Slacklining,UC_-N507qnw663Lu17YNrlQg,Slacktivity,xKUU_LsOL0M,Slackline-Tutorial - Easy Highline Tricks for Beginners #2 - The Deadman Dive,2021-02-24 07:15:06+00:00,10142,199,8,Unknown,2025-11-30
Snowboarding,UCX9chJwW7gL93LIcC3xP2uQ,Snowboard Addiction,y-pPJzqetTg,How To Tail Butter 180 On A Snowboard (Regular),2014-01-18 02:56:19+00:00,474481,3048,70,Unknown,2025-11-30
Snowboarding,UCX9chJwW7gL93LIcC3xP2uQ,Snowboard Addiction,7KUpodSrZqI,How To Wildcat On A Snowboard,2018-11-01 19:01:33+00:00,154970,3345,87,Unknown,2025-11-30
Snowboarding,UCX9chJwW7gL93LIcC3xP2uQ,Snowboard Addiction,vGDA-rnV5hY,Trick Tip: How to Haakon Flip #shorts,2022-02-01 19:00:30+00:00,108604,4834,37,Unknown,2025-11-30
Snowboarding,UCX9chJwW7gL93LIcC3xP2uQ,Snowboard Addiction,aNoKUtQyx3U,INSANE DOUBLE BACKFLIP!!!,2023-01-28 22:00:00+00:00,104690,3600,59,Unknown,2025-11-30
Snowboarding,UCX9chJwW7gL93LIcC3xP2uQ,Snowboard Addiction,5q2ivIXJx3U,How To Nose & Tail Spin On A Snowboard,2017-07-27 19:53:33+00:00,92961,1010,9,Unknown,2025-11-30
Snowboarding,UCX9chJwW7gL93LIcC3xP2uQ,Snowboard Addiction,KfX1c4dMlYs,Riding With A Flat Base,2020-03-29 18:29:53+00:00,83838,1374,58,Unknown,2025-11-30
Snowboarding,UCX9chJwW7gL93LIcC3xP2uQ,Snowboard Addiction,WRjNFodnOHk,How To Frontside Boardslide On A Snowboard,2017-03-27 19:01:53+00:00,79412,781,24,Unknown,2025-11-30
Snowboarding,UCX9chJwW7gL93LIcC3xP2uQ,Snowboard Addiction,PMDs5iu5y0E,Learn How To Snowboard With Snowboard Addiction,2015-02-22 03:40:41+00:00,77859,104,5,Unknown,2025-11-30
Snowboarding,UCX9chJwW7gL93LIcC3xP2uQ,Snowboard Addiction,tD5Jr2tBfyE,This Makes Backside 360s Easy,2024-12-23 17:20:19+00:00,56271,1985,25,Unknown,2025-11-30
Snowboarding,UCX9chJwW7gL93LIcC3xP2uQ,Snowboard Addiction,axqWkrgXkmE,Tips By Chicks - How To Hit A Jump On A Snowboard,2016-02-08 02:37:18+00:00,54283,869,41,Unknown,2025-11-30
Snowboarding,UCX9chJwW7gL93LIcC3xP2uQ,Snowboard Addiction,ixl1qDX-97s,How To Snowboard: Trampoline Training (Regular),2014-05-08 21:10:56+00:00,53879,470,24,Unknown,2025-11-30
Snowboarding,UCX9chJwW7gL93LIcC3xP2uQ,Snowboard Addiction,LPxoK1ej7r0,How To Ollie On A Snowboard,2018-02-01 02:23:50+00:00,48473,623,26,Unknown,2025-11-30
Snowboarding,UCX9chJwW7gL93LIcC3xP2uQ,Snowboard Addiction,QF3HEkcWTCU,How to Method Grab on a Snowboard - (Goofy) Methods Trick Tip,2013-11-08 21:12:49+00:00,45822,252,17,Unknown,2025-11-30
Snowboarding,UCX9chJwW7gL93LIcC3xP2uQ,Snowboard Addiction,6CZnlvbrmO8,Trick Tip: Backside Handplant #shorts,2022-01-28 19:00:05+00:00,43278,2370,12,Unknown,2025-11-30
Snowboarding,UCX9chJwW7gL93LIcC3xP2uQ,Snowboard Addiction,vWQF51UgtCI,Rotation vs. Counter Rotation On A Snowboard,2016-11-22 21:34:28+00:00,41816,419,15,Unknown,2025-11-30
Snowboarding,UCX9chJwW7gL93LIcC3xP2uQ,Snowboard Addiction,0umEuGxAO6c,Improve Your Backside Boardslides On A Snowboard,2015-11-01 21:43:23+00:00,39878,372,23,Unknown,2025-11-30
Snowboarding,UCX9chJwW7gL93LIcC3xP2uQ,Snowboard Addiction,0dl3zwrX91k,5 life changing carving tips! Teaser.,2023-03-04 23:26:21+00:00,38401,730,56,Unknown,2025-11-30
Snowboarding,UCtDdB-mu47GeMOroAQOb0Sg,SnowboardProCamp,uE-PxVGh20Y,Do you wear your goggles over or under your helmet? @outdoormasterUS #sponsored,2025-11-28 06:06:12+00:00,37105,177,63,Unknown,2025-12-01
Snowboarding,UCX9chJwW7gL93LIcC3xP2uQ,Snowboard Addiction,tjYhJYfaIo0,Backside 360 Showcase,2023-02-26 08:00:32+00:00,33407,1562,30,Unknown,2025-11-30
Snowboarding,UCX9chJwW7gL93LIcC3xP2uQ,Snowboard Addiction,Rz4L5wTP6p8,Live Coaching: Improving Tail Butters Part 1 - Russ,2022-02-03 17:00:31+00:00,32795,907,28,Unknown,2025-11-30
Snowboarding,UCX9chJwW7gL93LIcC3xP2uQ,Snowboard Addiction,mpjqBj94nuk,How To Break In Your Snowboard Boots,2023-11-06 23:08:50+00:00,32002,240,50,Unknown,2025-11-30
Snowboarding,UCX9chJwW7gL93LIcC3xP2uQ,Snowboard Addiction,S6Aaqj-ZZzU,Snowboard Addiction Crash Contest,2019-01-06 00:34:04+00:00,25244,641,15,Unknown,2025-11-30
Snowboarding,UCX9chJwW7gL93LIcC3xP2uQ,Snowboard Addiction,5yGlS6TCRdk,"How to switch frontside 180 on to a rail, Aka Cab 1 On",2023-02-10 17:15:00+00:00,24611,973,25,Unknown,2025-11-30
Snowboarding,UCX9chJwW7gL93LIcC3xP2uQ,Snowboard Addiction,3MJF6jutjcg,Jibboard Showcase,2023-01-19 17:15:00+00:00,23699,644,8,Unknown,2025-11-30
Snowboarding,UCX9chJwW7gL93LIcC3xP2uQ,Snowboard Addiction,MRNWsllu7Ko,Tramp Board vs Jib Board – Which One Should You Train With?,2025-07-25 16:00:22+00:00,23467,308,2,Unknown,2025-11-30
Snowboarding,UCX9chJwW7gL93LIcC3xP2uQ,Snowboard Addiction,GsoigwjGNyU,Tail Press on the Jib Bar,2022-11-04 18:00:06+00:00,23373,740,18,Unknown,2025-11-30
Snowboarding,UCX9chJwW7gL93LIcC3xP2uQ,Snowboard Addiction,nJNVkYumCdk,Learn to Snowboard EP7: Mastering the Side Slip | With Nev,2024-01-05 16:45:02+00:00,23291,320,32,Unknown,2025-11-30
Snowboarding,UCX9chJwW7gL93LIcC3xP2uQ,Snowboard Addiction,5v4L4cN5Np8,How to Ollie on a Snowboard,2015-07-31 23:42:01+00:00,22973,140,14,Unknown,2025-11-30
Snowboarding,UCX9chJwW7gL93LIcC3xP2uQ,Snowboard Addiction,Vo-zjuFGuiY,How To Improve Your Frontside Boardslides On A Snowboard,2015-12-01 22:38:34+00:00,21988,147,8,Unknown,2025-11-30
Snowboarding,UCX9chJwW7gL93LIcC3xP2uQ,Snowboard Addiction,Px2YuKQVS_g,How To Nose Press On A Snowboard,2017-06-13 18:30:21+00:00,21704,207,12,Unknown,2025-11-30
Snowboarding,UCtDdB-mu47GeMOroAQOb0Sg,SnowboardProCamp,haAIABBqr3c,Spend more time riding and less strapping up @clewsnowboarding #snowboarding #sponsored,2025-11-29 02:50:57+00:00,21487,142,11,Unknown,2025-12-01
Snowboarding,UCX9chJwW7gL93LIcC3xP2uQ,Snowboard Addiction,HiklTS44mcE,Roller Action 🏂,2023-12-25 16:45:00+00:00,20968,738,15,Unknown,2025-11-30
Snowboarding,UCX9chJwW7gL93LIcC3xP2uQ,Snowboard Addiction,P10vMIJG7Sc,Trick Tip: CAB CORK 540 -  #snowboarding #howto,2023-09-27 15:30:08+00:00,20065,708,30,Unknown,2025-11-30
Snowboarding,UCX9chJwW7gL93LIcC3xP2uQ,Snowboard Addiction,sLnixky5SSA,Snowboarding Trick Tip - Backside 360 - #howto,2023-09-07 15:30:12+00:00,19506,838,14,Unknown,2025-11-30
Snowboarding,UCX9chJwW7gL93LIcC3xP2uQ,Snowboard Addiction,d3JWMle5jwI,Learn to Snowboard EP9: Learning Your First Turns | With Nev,2024-01-09 16:15:01+00:00,18174,271,25,Unknown,2025-11-30
Snowboarding,UCX9chJwW7gL93LIcC3xP2uQ,Snowboard Addiction,X_hR-kviUO4,How To Choose And Set Up Your Perfect Snowboard - 2024 Nitro Board Review,2023-09-07 20:54:18+00:00,17511,340,64,Unknown,2025-11-30
Snowboarding,UCX9chJwW7gL93LIcC3xP2uQ,Snowboard Addiction,UmDGX2edF8o,Awesome Snowboard Training tool!!!,2023-01-30 17:15:02+00:00,17347,392,1,Unknown,2025-11-30
Snowboarding,UCX9chJwW7gL93LIcC3xP2uQ,Snowboard Addiction,YE0NUO5p100,Snowboard Tramp Series - Ep. 28: Tamedog & Wildcat (Flips),2020-06-30 19:05:40+00:00,16682,256,6,Unknown,2025-11-30
Snowboarding,UCX9chJwW7gL93LIcC3xP2uQ,Snowboard Addiction,3hn0H2FiMck,The Key To Controlling Your Air,2024-11-22 17:05:35+00:00,15434,679,6,Unknown,2025-11-30
Snowboarding,UCX9chJwW7gL93LIcC3xP2uQ,Snowboard Addiction,g0XCshn3iWo,2025 Is The Year To Learn Backflips!!! @powderfluffgurl,2025-03-03 16:55:17+00:00,15059,236,6,Unknown,2025-11-30
Snowboarding,UCX9chJwW7gL93LIcC3xP2uQ,Snowboard Addiction,mTaGerZfXlY,How To Wildcat On A Snowboard,2018-05-23 16:53:42+00:00,14756,182,8,Unknown,2025-11-30
Snowboarding,UCX9chJwW7gL93LIcC3xP2uQ,Snowboard Addiction,A64yBBsAa3w,Workout Like A PRO Snowboarder | 18-min Home Workout (No Equipment Needed),2023-11-16 16:30:00+00:00,14300,361,7,Unknown,2025-11-30
Snowboarding,UCX9chJwW7gL93LIcC3xP2uQ,Snowboard Addiction,7xXwqo6PxVk,Why You Should Bring Your Ollies To Park Jumps! #howto #snowboarding,2023-12-15 16:30:01+00:00,12832,468,6,Unknown,2025-11-30
Snowboarding,UCX9chJwW7gL93LIcC3xP2uQ,Snowboard Addiction,__qWizahZaI,What are you doing to be ready for winter? 🏂 @jamkt #snowboard,2024-07-31 19:27:52+00:00,12119,267,33,Unknown,2025-11-30
Snowboarding,UCX9chJwW7gL93LIcC3xP2uQ,Snowboard Addiction,0hBBoqYnLgA,CAB 270 Showcase,2023-03-02 16:00:02+00:00,12086,470,14,Unknown,2025-11-30
Snowboarding,UCX9chJwW7gL93LIcC3xP2uQ,Snowboard Addiction,UHyRio9ZSJA,Live Coaching: Wildcat Back Flips | With Spencer,2024-10-15 15:45:01+00:00,10937,292,19,Unknown,2025-11-30
Snowboarding,UCX9chJwW7gL93LIcC3xP2uQ,Snowboard Addiction,O6aLYrdG2Gc,Backside 360 Trick Showcase,2023-02-16 17:30:02+00:00,10866,239,29,Unknown,2025-11-30
Snowboarding,UCX9chJwW7gL93LIcC3xP2uQ,Snowboard Addiction,RDzwTUbeSoc,The 3 Different Ways Of Jumping And how to use them like a Pro!,2025-02-24 22:00:18+00:00,10385,339,57,Unknown,2025-11-30
Snowboarding,UCX9chJwW7gL93LIcC3xP2uQ,Snowboard Addiction,sS6RECsgMas,Team SA ripping it up🏂,2024-04-06 03:54:34+00:00,10348,418,4,Unknown,2025-11-30
Snowboarding,UCX9chJwW7gL93LIcC3xP2uQ,Snowboard Addiction,3uVtSo7NK40,Stop Falling Off Features With This Trick Tip 🎯,2024-05-21 15:30:01+00:00,10207,324,12,Unknown,2025-11-30
Snowboarding,UCX9chJwW7gL93LIcC3xP2uQ,Snowboard Addiction,5WkqZezpBGk,Off-season Snowboard training,2025-10-31 16:00:26+00:00,9715,281,8,Unknown,2025-11-30
Snowboarding,UCX9chJwW7gL93LIcC3xP2uQ,Snowboard Addiction,hjJoiYOFoGg,Combo jumping - With Nev,2023-03-07 16:00:21+00:00,9585,406,6,Unknown,2025-11-30
Snowboarding,UCX9chJwW7gL93LIcC3xP2uQ,Snowboard Addiction,QEMZT9U6wQQ,How To Not Get Hurt Crashing On Jumps #Snowboarding,2023-12-19 16:45:02+00:00,9173,330,12,Unknown,2025-11-30
Snowboarding,UCX9chJwW7gL93LIcC3xP2uQ,Snowboard Addiction,xzbReXU75gA,Make sure to hit this position on Every Backside 720!,2025-02-03 17:00:18+00:00,8992,205,3,Unknown,2025-11-30
Snowboarding,UCX9chJwW7gL93LIcC3xP2uQ,Snowboard Addiction,6QiOy_20tws,Tips With Nev: Advanced 50-50s with Domi,2019-08-16 19:01:52+00:00,8771,119,8,Unknown,2025-11-30
Snowboarding,UCX9chJwW7gL93LIcC3xP2uQ,Snowboard Addiction,nfi4deBSO6U,"How To Spin Backside 180's, 360's, 540's & 720's On A Snowboard (Goofy)",2013-12-17 01:37:31+00:00,8552,61,3,Unknown,2025-11-30
Snowboarding,UCX9chJwW7gL93LIcC3xP2uQ,Snowboard Addiction,R2BplKuIN8s,Learn To Nose Butter | #snowboarding,2024-02-16 16:45:01+00:00,8456,276,7,Unknown,2025-11-30
Snowboarding,UCX9chJwW7gL93LIcC3xP2uQ,Snowboard Addiction,UPUFAZxK7kU,How to 5050 on a Turbo Tube - #snowboarding #howto #tricks,2023-04-04 15:00:30+00:00,8373,341,10,Unknown,2025-11-30
Snowboarding,UCX9chJwW7gL93LIcC3xP2uQ,Snowboard Addiction,WBysk5QFYJY,Trick Tip: Cab Cork 540 #shorts,2022-03-03 19:00:14+00:00,8312,402,4,Unknown,2025-11-30
Snowboarding,UCX9chJwW7gL93LIcC3xP2uQ,Snowboard Addiction,c2liGMfPRWE,Live Coaching: Your First Backside 50-50 - Liam,2022-02-24 17:00:31+00:00,8287,269,21,Unknown,2025-11-30
Snowboarding,UCX9chJwW7gL93LIcC3xP2uQ,Snowboard Addiction,M8sfIkJYTeY,80% of Riders Make These Mistakes | Video Analysis,2024-03-27 15:45:01+00:00,8239,313,62,Unknown,2025-11-30
Snowboarding,UCX9chJwW7gL93LIcC3xP2uQ,Snowboard Addiction,qE6sVKpaNpI,Mika training to be a Rail God!!!,2024-04-07 15:44:44+00:00,8223,269,9,Unknown,2025-11-30
Snowboarding,UCX9chJwW7gL93LIcC3xP2uQ,Snowboard Addiction,Jyf7LiZbw0s,Powder Tips - With Nev,2023-03-08 16:00:11+00:00,8219,301,23,Unknown,2025-11-30
Snowboarding,UCX9chJwW7gL93LIcC3xP2uQ,Snowboard Addiction,t8-9RXn38t4,What Is A Blind Landing?,2024-10-14 16:15:15+00:00,8077,258,2,Unknown,2025-11-30
Snowboarding,UCX9chJwW7gL93LIcC3xP2uQ,Snowboard Addiction,mCJT6VSl-x4,How To Improve Your Toe Side Carves | 🏂Nev,2023-12-29 16:45:01+00:00,8076,309,9,Unknown,2025-11-30
Snowboarding,UCX9chJwW7gL93LIcC3xP2uQ,Snowboard Addiction,-Ro4pKPM1fA,How To Cab 270 On | #snowboarding,2023-12-08 16:30:00+00:00,7867,220,12,Unknown,2025-11-30
Snowboarding,UCX9chJwW7gL93LIcC3xP2uQ,Snowboard Addiction,_v1U1xQMcfs,Frontside 50 50s,2022-10-10 19:00:15+00:00,7775,228,6,Unknown,2025-11-30
Snowboarding,UCX9chJwW7gL93LIcC3xP2uQ,Snowboard Addiction,V0H6aS3Z-3s,Trick Tip: Wildcat Tucknee #shorts,2022-03-11 17:00:29+00:00,7739,359,10,Unknown,2025-11-30
Snowboarding,UCX9chJwW7gL93LIcC3xP2uQ,Snowboard Addiction,5WT3BUlY42w,How To Backside 900,2025-06-30 16:00:30+00:00,7486,161,2,Unknown,2025-11-30
Snowboarding,UCX9chJwW7gL93LIcC3xP2uQ,Snowboard Addiction,2URR08nPiOM,Nev Making us Crave Winter - Bring on the Pow Days! #snowboarding,2023-10-30 16:00:02+00:00,7399,281,10,Unknown,2025-11-30
Snowboarding,UCX9chJwW7gL93LIcC3xP2uQ,Snowboard Addiction,gwEGbQFZTwk,Learn to Snowboard EP5: First-Time Snowboarder Essentials | With Nev,2024-01-03 16:45:01+00:00,7299,146,12,Unknown,2025-11-30
Snowboarding,UCX9chJwW7gL93LIcC3xP2uQ,Snowboard Addiction,Q9k39Ws-ruI,Level up your jib game this season,2025-01-20 17:00:21+00:00,6886,126,3,Unknown,2025-11-30
Snowboarding,UCX9chJwW7gL93LIcC3xP2uQ,Snowboard Addiction,PGuy_vhLdcQ,Overcoming Fear after a slam #snowboarding,2024-02-02 16:30:05+00:00,6798,228,15,Unknown,2025-11-30
Snowboarding,UCX9chJwW7gL93LIcC3xP2uQ,Snowboard Addiction,xEIsckw-9pk,Trick Tip: Planning a Route in Powder #shorts,2022-02-14 19:00:31+00:00,6675,207,2,Unknown,2025-11-30
Snowboarding,UCX9chJwW7gL93LIcC3xP2uQ,Snowboard Addiction,O4zusa0f5uA,Choosing between the Tramp Board Pro and the Tramp Board Essentials?,2025-10-08 16:00:40+00:00,6446,90,1,Unknown,2025-11-30
Snowboarding,UCX9chJwW7gL93LIcC3xP2uQ,Snowboard Addiction,-DB395gCjlc,How To Hardway Frontside 270 In On A Training Snowboard,2019-05-01 17:31:35+00:00,6437,83,1,Unknown,2025-11-30
Snowboarding,UCX9chJwW7gL93LIcC3xP2uQ,Snowboard Addiction,C2EJwuxG4Fs,How To Perfect Your Backside 720,2024-11-28 16:45:00+00:00,6279,174,18,Unknown,2025-11-30
Snowboarding,UCX9chJwW7gL93LIcC3xP2uQ,Snowboard Addiction,kYnzmeiDnXI,Perfect Your Frontside Spin Windup,2024-12-26 17:10:18+00:00,6213,166,0,Unknown,2025-11-30
Snowboarding,UCX9chJwW7gL93LIcC3xP2uQ,Snowboard Addiction,T9F05oCHaA4,Are You Thinking About Snowboarding?,2024-10-07 15:55:20+00:00,6200,150,5,Unknown,2025-11-30
Snowboarding,UCX9chJwW7gL93LIcC3xP2uQ,Snowboard Addiction,pKRev-vr0Ls,Snowboard Addiction Membership,2014-10-23 23:16:40+00:00,6104,36,15,Unknown,2025-11-30
Snowboarding,UCX9chJwW7gL93LIcC3xP2uQ,Snowboard Addiction,0px-nEz87GA,The Tramp Board Pro is built to handle real training 💪🏂,2025-11-19 17:00:36+00:00,5883,61,1,Unknown,2025-11-30
Snowboarding,UCX9chJwW7gL93LIcC3xP2uQ,Snowboard Addiction,cRH55HFciw0,Snowboard Tramp Series - Ep. 8: Frontside 180's,2020-06-01 19:37:31+00:00,5725,59,1,Unknown,2025-11-30
Snowboarding,UCX9chJwW7gL93LIcC3xP2uQ,Snowboard Addiction,5_oXiKbQ8vg,How To Frontside Boardslide On Your Training Board,2017-07-19 19:16:45+00:00,5478,26,3,Unknown,2025-11-30
Snowboarding,UCX9chJwW7gL93LIcC3xP2uQ,Snowboard Addiction,BAPfrEr7NXk,Make Back Dub 1080's Look Easy,2024-12-21 16:45:02+00:00,5466,102,29,Unknown,2025-11-30
Snowboarding,UCX9chJwW7gL93LIcC3xP2uQ,Snowboard Addiction,FknPDSvgnLo,How To Method On Your Training Board,2018-03-11 19:33:19+00:00,5373,87,1,Unknown,2025-11-30
Snowboarding,UCX9chJwW7gL93LIcC3xP2uQ,Snowboard Addiction,Epf7jyDIOR8,It’s time to lock in your tricks🏂,2024-06-06 19:02:07+00:00,5128,129,3,Unknown,2025-11-30
Snowboarding,UCX9chJwW7gL93LIcC3xP2uQ,Snowboard Addiction,pnTefVKJlZY,The Ultimate Snowboard Workout | Beginner Rail Tricks - EP 1,2024-06-03 22:00:34+00:00,4965,139,25,Unknown,2025-11-30
Snowboarding,UCX9chJwW7gL93LIcC3xP2uQ,Snowboard Addiction,Kagt3R913n4,How To 50-50 a Box,2024-04-04 15:30:05+00:00,4851,119,4,Unknown,2025-11-30
Snowboarding,UCX9chJwW7gL93LIcC3xP2uQ,Snowboard Addiction,fLdEKb_WuOA,Front Blunt 270 Out - Trick Tip,2024-03-26 15:45:03+00:00,4719,216,1,Unknown,2025-11-30
Snowboarding,UCX9chJwW7gL93LIcC3xP2uQ,Snowboard Addiction,gFVhRFqsP1c,Miracle of a last day at RIDE WEEK!!!!,2024-04-02 20:47:29+00:00,4705,199,7,Unknown,2025-11-30
Snowboarding,UCX9chJwW7gL93LIcC3xP2uQ,Snowboard Addiction,eiAPSXnf_7k,Nev showing us how to make it down any Kink #snowboarding,2023-11-01 15:45:01+00:00,4587,178,4,Unknown,2025-11-30
Snowboarding,UCX9chJwW7gL93LIcC3xP2uQ,Snowboard Addiction,XpACWtBVBCk,How To Add Grabs To Spins On A Tramp Board,2018-06-27 16:32:33+00:00,4273,62,2,Unknown,2025-11-30
Snowboarding,UCX9chJwW7gL93LIcC3xP2uQ,Snowboard Addiction,rewdlI0V6gE,Check out this awesome Set-up!,2024-09-20 16:20:33+00:00,4139,205,7,Unknown,2025-11-30
Snowboarding,UCX9chJwW7gL93LIcC3xP2uQ,Snowboard Addiction,tjs6K6QyTCA,The Ultimate Snowboard Workout | Boardslide Focused - EP 2,2024-07-02 18:00:27+00:00,4081,103,5,Unknown,2025-11-30
Snowboarding,UCtDdB-mu47GeMOroAQOb0Sg,SnowboardProCamp,8Hcl-bncWmM,How to get the right size snowboard outerwear @o@outdoormasterUScle@clewsnowboardingowboarding,2025-11-30 23:58:11+00:00,4008,48,1,Unknown,2025-12-01
Snowboarding,UCX9chJwW7gL93LIcC3xP2uQ,Snowboard Addiction,Yjo5ZweUcFI,Whistler Blackcomb 2024 Park Tour | Lap 3,2024-03-08 16:45:02+00:00,3953,161,11,Unknown,2025-11-30
Snowboarding,UCX9chJwW7gL93LIcC3xP2uQ,Snowboard Addiction,rjOX146IEXE,How to cheat a back 9 🤔,2025-06-16 16:00:25+00:00,3891,67,0,Unknown,2025-11-30
Snowboarding,UCX9chJwW7gL93LIcC3xP2uQ,Snowboard Addiction,vNVusaJ7D_Y,The Constant Spot Explained | Deep Diving Snowboarding,2024-06-10 19:46:23+00:00,3651,134,23,Unknown,2025-11-30
Snowboarding,UCtDdB-mu47GeMOroAQOb0Sg,SnowboardProCamp,hQfp_avt9ZE,Snowboarding into a Volcano in Chile,2025-11-25 20:00:07+00:00,3633,131,7,Unknown,2025-12-01
Snowboarding,UCX9chJwW7gL93LIcC3xP2uQ,Snowboard Addiction,Rdf-P7DO9GQ,Snowboard Tramp Series - Ep. 22: Frontside 360's,2020-06-19 23:03:10+00:00,3602,65,7,Unknown,2025-11-30
Snowboarding,UCX9chJwW7gL93LIcC3xP2uQ,Snowboard Addiction,8ikkRniPlTc,Why You Should Wax Your Jib Board,2023-10-08 19:04:50+00:00,3021,72,11,Unknown,2025-11-30
Snowboarding,UCX9chJwW7gL93LIcC3xP2uQ,Snowboard Addiction,GD8Ve_OWEJI,Popping off a Jump - Trick Tip,2024-08-29 15:45:01+00:00,2475,101,4,Unknown,2025-11-30
Snowboarding,UCX9chJwW7gL93LIcC3xP2uQ,Snowboard Addiction,w9q18NZuDpw,Live chat with Nev Lapwood from Snowboard Addiction,2019-05-02 01:39:10+00:00,2267,52,1,Unknown,2025-11-30
Snowboarding,UCX9chJwW7gL93LIcC3xP2uQ,Snowboard Addiction,0luOaDmSTW4,The Key For Frontside 1080's,2024-12-16 16:45:01+00:00,2195,47,9,Unknown,2025-11-30
Snowboarding,UCtDdB-mu47GeMOroAQOb0Sg,SnowboardProCamp,aV-4lvzS_Co,My Go-To Snowboard Goggle - The Outdoor Master Falcon Dual Zeiss Goggle,2025-12-01 00:00:07+00:00,697,20,6,Unknown,2025-12-01
Spearfishing,UCEmG3R9sdQ_UceqwKm-XFdw,Spearing Magazine,0fskmAjHmVA,How to beach launch a boat in the surf.,2012-11-19 22:39:27+00:00,477419,1030,74,Unknown,2025-11-30
Spearfishing,UCEmG3R9sdQ_UceqwKm-XFdw,Spearing Magazine,ljuewxZERFc,Building a speargun from spare parts.,2012-11-20 04:54:08+00:00,352832,716,46,Unknown,2025-11-30
Spearfishing,UCEmG3R9sdQ_UceqwKm-XFdw,Spearing Magazine,1BuE4E-fxws,How To Sharpen A Spear For Your Speargun.,2012-11-20 00:56:37+00:00,24766,126,16,Unknown,2025-11-30
Spearfishing,UC_4mnBMvfLYS5nrNZ5uciQg,Noob Spearo,skwzD2akvWQ,Accessories for GoPro (for spearfishing),2019-06-01 08:16:02+00:00,15442,246,25,Unknown,2025-12-01
Spearfishing,UCEmG3R9sdQ_UceqwKm-XFdw,Spearing Magazine,57GKGTs3NsA,How to rig a spear for your speargun.,2012-11-19 23:34:35+00:00,9282,19,3,Unknown,2025-11-30
Spearfishing,UCEmG3R9sdQ_UceqwKm-XFdw,Spearing Magazine,LNVW4HzJgoY,How To Prepare a Fresh Crayfish or Lobster,2012-11-20 03:03:23+00:00,8357,24,2,Unknown,2025-11-30
Spearfishing,UC_4mnBMvfLYS5nrNZ5uciQg,Noob Spearo,Ic0RmbU4yjE,NSP:123 DIY Wooden Speargun 101 | Ed Martin,2020-04-15 11:23:39+00:00,5430,78,16,Unknown,2025-12-01
Spearfishing,UCEmG3R9sdQ_UceqwKm-XFdw,Spearing Magazine,Jni0NoMqheI,Spearfishing Downunder TV Cover DVD,2011-03-02 00:03:55+00:00,4193,8,2,Unknown,2025-11-30
Spearfishing,UCEmG3R9sdQ_UceqwKm-XFdw,Spearing Magazine,DEoUdzWHO2A,Spearfishing Pearlies,2010-08-13 00:59:36+00:00,4023,5,1,Unknown,2025-11-30
Spearfishing,UCEmG3R9sdQ_UceqwKm-XFdw,Spearing Magazine,rv665DEkpt0,The Marine Park debate. NPA Address - John Featherstone,2012-07-13 03:01:38+00:00,3705,67,14,Unknown,2025-11-30
Spearfishing,UCEmG3R9sdQ_UceqwKm-XFdw,Spearing Magazine,nSOqaBzWCuo,Spearfishing Downunder DVD Issue #39 Intro,2012-10-09 00:36:14+00:00,3585,10,3,Unknown,2025-11-30
Spearfishing,UC_4mnBMvfLYS5nrNZ5uciQg,Noob Spearo,3Mzvh-ny8ek,Guide to Spearfishing Southern Queensland | Gold Coast | Sunshine Coast | Brisbane,2019-05-06 11:02:17+00:00,3416,57,14,Unknown,2025-12-01
Spearfishing,UC_4mnBMvfLYS5nrNZ5uciQg,Noob Spearo,IK1Zj7PoMDA,NSP:106 GoPro Settings for Spearfishing | + Editing Tips with Daniel Mann,2019-07-01 21:58:49+00:00,3331,78,26,Unknown,2025-12-01
Spearfishing,UC_4mnBMvfLYS5nrNZ5uciQg,Noob Spearo,9J9lLBWVUpM,99 Tips To Get Better At Spearfishing on Kickstarter,2018-03-28 12:30:04+00:00,3062,9,6,Unknown,2025-12-01
Spearfishing,UCEmG3R9sdQ_UceqwKm-XFdw,Spearing Magazine,uIQLF-Ub8Pc,Spearfishing DVD Issue #41 SDMtv,2013-02-07 01:57:29+00:00,2805,6,0,Unknown,2025-11-30
Spearfishing,UC_4mnBMvfLYS5nrNZ5uciQg,Noob Spearo,JjhIRc8X360,"NSP 012: Valentine Thomas, French Canadian Huntress, World Record Holder",2016-07-10 10:31:37+00:00,2781,15,0,Unknown,2025-12-01
Spearfishing,UCEmG3R9sdQ_UceqwKm-XFdw,Spearing Magazine,Ts49XWtMXkQ,Spearfishing DVD Issue 40 SDMtv,2012-12-06 23:38:15+00:00,2709,15,1,Unknown,2025-11-30
Spearfishing,UC_4mnBMvfLYS5nrNZ5uciQg,Noob Spearo,FdViPNc3SXw,Noob Spearo Spearfishing Course Testimonial | Rachel from Dog and Gun Coffee,2023-12-21 06:40:38+00:00,2703,7,0,Unknown,2025-12-01
Spearfishing,UC_4mnBMvfLYS5nrNZ5uciQg,Noob Spearo,ywq60lLea9w,"Noob Spearo LOST....? on a Freediving Retreat (@ Kilsby Sinkhole, South Australia)",2021-04-17 08:13:05+00:00,2534,67,17,Unknown,2025-12-01
Spearfishing,UC_4mnBMvfLYS5nrNZ5uciQg,Noob Spearo,4XRHdmGH9PY,NSP:055 101 Coastal Bar Crossing with Bill Corten,2017-05-16 01:44:04+00:00,2482,4,0,Unknown,2025-12-01
Spearfishing,UCEmG3R9sdQ_UceqwKm-XFdw,Spearing Magazine,M1PDJ1mikEQ,Spearfishing Downunder #38 Intro,2012-07-06 00:35:50+00:00,2471,9,2,Unknown,2025-11-30
Spearfishing,UCEmG3R9sdQ_UceqwKm-XFdw,Spearing Magazine,F2TEMvuf9R0,Spearfishing Downunder Issue #35 SDMtv,2011-11-14 03:32:24+00:00,2423,3,0,Unknown,2025-11-30
Spearfishing,UC_4mnBMvfLYS5nrNZ5uciQg,Noob Spearo,1APjU_If8Yo,NSP:071 5 Spearfishing Tips to Shorten Your Learning Curve,2018-01-15 02:29:46+00:00,2348,33,1,Unknown,2025-12-01
Spearfishing,UCEmG3R9sdQ_UceqwKm-XFdw,Spearing Magazine,OZ5GYBqXQQU,E-TEC G2 Promotion Spearfishing Downunder Magazine,2014-07-10 04:27:24+00:00,2300,3,2,Unknown,2025-11-30
Spearfishing,UC_4mnBMvfLYS5nrNZ5uciQg,Noob Spearo,lBIBI0evGtA,NSP:051 101 6 Tips To Improve Your Bottom Time,2017-03-19 03:33:32+00:00,2187,41,5,Unknown,2025-12-01
Spearfishing,UC_4mnBMvfLYS5nrNZ5uciQg,Noob Spearo,_ysLVQP5hLE,Top 20 Spearfishing YouTube Channels | VIDEO PODCAST,2022-09-22 08:21:52+00:00,2181,66,38,Unknown,2025-12-01
Spearfishing,UC_4mnBMvfLYS5nrNZ5uciQg,Noob Spearo,r5bgrJC6q14,Noob Spearo SPEARFISHING COURSE | Noob Spearo,2023-02-24 09:10:58+00:00,2134,44,5,Unknown,2025-12-01
Spearfishing,UC_4mnBMvfLYS5nrNZ5uciQg,Noob Spearo,Rf0Hin1J5bM,Welcome to the Noob Spearo!,2021-08-03 02:22:46+00:00,1895,36,12,Unknown,2025-12-01
Spearfishing,UCEmG3R9sdQ_UceqwKm-XFdw,Spearing Magazine,UJzqwoWSVDs,Spearfishing Downunder SDMtv #33 Teaser! On Sale 13th July,2011-06-28 02:58:04+00:00,1835,4,1,Unknown,2025-11-30
Spearfishing,UCEmG3R9sdQ_UceqwKm-XFdw,Spearing Magazine,QKUhex1biDQ,Spearfishing Dogtooth Tuna in Solomon Islands,2012-10-30 01:11:43+00:00,1832,7,0,Unknown,2025-11-30
Spearfishing,UC_4mnBMvfLYS5nrNZ5uciQg,Noob Spearo,DdOAyQNDXBw,Who is the Noob Spearo? | What is the Noob Spearo Podcast?,2017-12-13 12:21:53+00:00,1820,13,0,Unknown,2025-12-01
Spearfishing,UC_4mnBMvfLYS5nrNZ5uciQg,Noob Spearo,psxCQMbTFI0,NOOB SPEARO in WA! Spearfishing ADVENTURE!,2023-01-13 08:00:18+00:00,1800,69,15,Unknown,2025-12-01
Spearfishing,UC_4mnBMvfLYS5nrNZ5uciQg,Noob Spearo,ie6MqxR6IR8,NSP:031 101 Spearfishing Beginner Setup,2016-11-23 07:34:08+00:00,1765,25,4,Unknown,2025-12-01
Spearfishing,UC_4mnBMvfLYS5nrNZ5uciQg,Noob Spearo,-Sregs_XV5E,An Ogre with a Roller Pole Spear?,2025-01-09 08:56:46+00:00,1690,61,7,Unknown,2025-12-01
Spearfishing,UC_4mnBMvfLYS5nrNZ5uciQg,Noob Spearo,22zBF6pGpLA,How To Dive Better for Spearfishing,2023-09-19 08:00:02+00:00,1577,25,5,Unknown,2025-12-01
Spearfishing,UCEmG3R9sdQ_UceqwKm-XFdw,Spearing Magazine,ifx85GAFQW8,Spearfishing Downunder Magazine TV #34 Preview,2011-09-27 00:04:55+00:00,1571,3,0,Unknown,2025-11-30
Spearfishing,UCEmG3R9sdQ_UceqwKm-XFdw,Spearing Magazine,pIXjXsG_oUs,Pearl Perch - Contour HD Sample,2010-08-09 09:12:21+00:00,1552,4,2,Unknown,2025-11-30
Spearfishing,UCEmG3R9sdQ_UceqwKm-XFdw,Spearing Magazine,q6L62Zhew6E,Happy Wife - Her First Decent Snapper,2009-07-15 05:08:23+00:00,1512,1,0,Unknown,2025-11-30
Spearfishing,UC_4mnBMvfLYS5nrNZ5uciQg,Noob Spearo,r4jxBf98rEY,"Spearfishing Australia | Sharks, Spanish Mackerel and .....Sunscreen",2019-09-23 07:55:11+00:00,1495,45,8,Unknown,2025-12-01
Spearfishing,UC_4mnBMvfLYS5nrNZ5uciQg,Noob Spearo,wXt8YVHG908,NSP:099 Tim Kavermann How Spearfishing Can Help You Overcome Anxiety,2019-03-12 03:31:04+00:00,1412,38,7,Unknown,2025-12-01
Spearfishing,UCEmG3R9sdQ_UceqwKm-XFdw,Spearing Magazine,yVDalIsZWmY,Spearfishing Downunder SDMtv #36,2012-02-13 22:04:17+00:00,1367,6,3,Unknown,2025-11-30
Spearfishing,UC_4mnBMvfLYS5nrNZ5uciQg,Noob Spearo,czU_R-On9FM,NSP:063 Overcoming Common Spearfishing Issues,2017-09-06 10:20:39+00:00,1333,23,5,Unknown,2025-12-01
Spearfishing,UC_4mnBMvfLYS5nrNZ5uciQg,Noob Spearo,vqPG0XE-aas,"NSP:117 Catherine Sayce | Disqualification, Wahoo & Banter",2020-03-08 04:50:32+00:00,1292,20,6,Unknown,2025-12-01
Spearfishing,UCEmG3R9sdQ_UceqwKm-XFdw,Spearing Magazine,SvSkqVV0GQI,snapper.mp4,2012-11-19 22:06:54+00:00,1277,13,3,Unknown,2025-11-30
Spearfishing,UC_4mnBMvfLYS5nrNZ5uciQg,Noob Spearo,xWiSGPegn6w,NSP:098 Justin Lee | the Mindset of a Lifelong Spearfishing Learner,2019-03-06 21:32:07+00:00,1266,25,1,Unknown,2025-12-01
Spearfishing,UC_4mnBMvfLYS5nrNZ5uciQg,Noob Spearo,C8U0ENk6RRw,NSP:032 Dwayne Herbert New Zealand Spearfishing Champion,2016-12-22 13:36:44+00:00,1253,8,4,Unknown,2025-12-01
Spearfishing,UC_4mnBMvfLYS5nrNZ5uciQg,Noob Spearo,9Dx4vlC_2tc,The EASIEST way to load a speargun | LoadEZY,2024-06-19 10:00:08+00:00,1236,31,7,Unknown,2025-12-01
Spearfishing,UC_4mnBMvfLYS5nrNZ5uciQg,Noob Spearo,KZPw8lUygBU,How to choose a Spearfishing Mask and Snorkel,2017-11-17 16:14:07+00:00,1216,20,3,Unknown,2025-12-01
Spearfishing,UC_4mnBMvfLYS5nrNZ5uciQg,Noob Spearo,izXMCWPQHDo,"NSP 017: Daniel Mann, Mann-Made Spearguns and SDM Films contributor",2016-07-10 10:08:10+00:00,1212,20,0,Unknown,2025-12-01
Spearfishing,UCEmG3R9sdQ_UceqwKm-XFdw,Spearing Magazine,j7Tl9eVBI7E,Spearfishing DVD,2012-05-31 03:45:02+00:00,1181,6,3,Unknown,2025-11-30
Spearfishing,UC_4mnBMvfLYS5nrNZ5uciQg,Noob Spearo,curBvZNnG00,NSP:103 Guide to Spearfishing Southern Queensland + GoPro Accessories,2019-05-28 00:53:54+00:00,1066,14,0,Unknown,2025-12-01
Spearfishing,UC_4mnBMvfLYS5nrNZ5uciQg,Noob Spearo,zMhL1bSTXc4,"Part 1: WA Nationals, Cray Loops & Sharks  | WA Trip 2024",2024-09-17 07:00:38+00:00,997,36,8,Unknown,2025-12-01
Spearfishing,UC_4mnBMvfLYS5nrNZ5uciQg,Noob Spearo,trOfeDLwmSQ,NSP:070 Tim McDonald | Targeting Species Spearfishing,2017-12-12 00:00:36+00:00,988,9,0,Unknown,2025-12-01
Spearfishing,UC_4mnBMvfLYS5nrNZ5uciQg,Noob Spearo,uqzv3_dj4Oc,Spearfishing with a Reelgun vs Floatline?,2023-08-12 08:00:32+00:00,982,20,2,Unknown,2025-12-01
Spearfishing,UC_4mnBMvfLYS5nrNZ5uciQg,Noob Spearo,MfqxI29eKKA,NSP:116 Adam Freediver Stern | Equalizing Masterclass,2020-02-19 13:39:18+00:00,965,27,11,Unknown,2025-12-01
Spearfishing,UC_4mnBMvfLYS5nrNZ5uciQg,Noob Spearo,iQPiP6NDk7s,NSP:124 Valentine Thomas Making a Living Spearfishing,2020-04-26 04:07:56+00:00,945,12,2,Unknown,2025-12-01
Spearfishing,UC_4mnBMvfLYS5nrNZ5uciQg,Noob Spearo,t3DuyHFYt8Q,NSP:059 101 Spearfishing with sharks,2017-07-14 09:47:34+00:00,899,12,0,Unknown,2025-12-01
Spearfishing,UC_4mnBMvfLYS5nrNZ5uciQg,Noob Spearo,2Jr08JxhPE0,Spearfishing fails,2018-04-02 02:46:04+00:00,899,21,1,Unknown,2025-12-01
Spearfishing,UC_4mnBMvfLYS5nrNZ5uciQg,Noob Spearo,2nu72zohcXE,Tourniquet Tip for Spearfishing | First Aid Kit for Shark Attacks and Major Trauma,2021-02-22 01:30:29+00:00,897,25,9,Unknown,2025-12-01
Spearfishing,UC_4mnBMvfLYS5nrNZ5uciQg,Noob Spearo,ELkvNJwVTdU,101 Smoking Fish with Shrek,2022-01-10 10:21:08+00:00,891,35,16,Unknown,2025-12-01
Spearfishing,UC_4mnBMvfLYS5nrNZ5uciQg,Noob Spearo,zwQx9QDKYqE,NSP:022 101 Shorediving Spearfishing,2016-07-10 10:05:37+00:00,875,17,4,Unknown,2025-12-01
Spearfishing,UC_4mnBMvfLYS5nrNZ5uciQg,Noob Spearo,u46u7tzezxQ,NSP:087 Wayne Judge Spearfishing Training,2018-09-29 04:18:02+00:00,872,17,2,Unknown,2025-12-01
Spearfishing,UC_4mnBMvfLYS5nrNZ5uciQg,Noob Spearo,2ncZfF4tYVk,NSP:148 Adam Stern How to Increase Breath-hold + Burning Questions,2021-02-09 00:46:35+00:00,851,13,3,Unknown,2025-12-01
Spearfishing,UC_4mnBMvfLYS5nrNZ5uciQg,Noob Spearo,w-rIpWBdkic,"NSP:019 Jaga Crossingham, Freedive Fiji Guide",2016-07-10 10:06:19+00:00,791,2,0,Unknown,2025-12-01
Spearfishing,UCEmG3R9sdQ_UceqwKm-XFdw,Spearing Magazine,fCq0AtrQFLQ,Zodiac,2011-06-28 05:54:08+00:00,789,2,0,Unknown,2025-11-30
Spearfishing,UC_4mnBMvfLYS5nrNZ5uciQg,Noob Spearo,4MNhUWKOWQ4,NSP:108 Duncan Henderson Geeking out on Spearguns,2019-09-01 22:57:31+00:00,776,16,5,Unknown,2025-12-01
Spearfishing,UC_4mnBMvfLYS5nrNZ5uciQg,Noob Spearo,zrmJFfI_1XM,NSP:107 Alistair Cooke | The Art of Taking Noobs Spearfishing,2019-07-17 09:39:37+00:00,758,13,3,Unknown,2025-12-01
Spearfishing,UC_4mnBMvfLYS5nrNZ5uciQg,Noob Spearo,Be0SgH4vdcE,Huge Great White Shark | Why Do People Spearfish?,2021-02-23 10:05:22+00:00,729,36,2,Unknown,2025-12-01
Spearfishing,UC_4mnBMvfLYS5nrNZ5uciQg,Noob Spearo,kGtlW9HxO-A,Cold Water Spearfishing and Freedive Tips from Chris Adair,2022-04-22 07:00:12+00:00,727,28,8,Unknown,2025-12-01
Spearfishing,UC_4mnBMvfLYS5nrNZ5uciQg,Noob Spearo,KUXFJERGCeA,"NSP 015: Rob Allen, spearfishing equipment pioneer",2016-07-10 10:05:58+00:00,722,12,1,Unknown,2025-12-01
Spearfishing,UC_4mnBMvfLYS5nrNZ5uciQg,Noob Spearo,LDXxt7DoiQo,Why you should take a spearfishing course with Noob Spearo,2023-06-02 03:21:58+00:00,711,19,3,Unknown,2025-12-01
Spearfishing,UC_4mnBMvfLYS5nrNZ5uciQg,Noob Spearo,Vw51Y-rPoSE,NSP:025 101 Ciguatera and Spearfishing,2016-07-23 12:24:09+00:00,708,5,0,Unknown,2025-12-01
Spearfishing,UC_4mnBMvfLYS5nrNZ5uciQg,Noob Spearo,VPKBjcchxbY,NSP:053 Nat Davey Spearfishing 50kg Yellowtail Kingfish,2017-04-19 01:25:42+00:00,708,2,0,Unknown,2025-12-01
Spearfishing,UC_4mnBMvfLYS5nrNZ5uciQg,Noob Spearo,fJugnZH4UdQ,NSP:001 Simon Trippe Australian Spearfishing Academy Instructor,2016-07-10 09:38:36+00:00,707,16,0,Unknown,2025-12-01
Spearfishing,UC_4mnBMvfLYS5nrNZ5uciQg,Noob Spearo,Jovvx71g_y4,How to SPEARFISH Southern Bluefin Tuna,2023-06-06 22:00:07+00:00,704,6,3,Unknown,2025-12-01
Spearfishing,UC_4mnBMvfLYS5nrNZ5uciQg,Noob Spearo,80IqLc1k7QM,"NSP:095 Jaap Verbaas | Myoglobin, Hypoxic Squats and Going Longer and Deeper",2019-01-29 05:55:49+00:00,703,9,4,Unknown,2025-12-01
Spearfishing,UC_4mnBMvfLYS5nrNZ5uciQg,Noob Spearo,7WYUo-uouGE,Top reasons to do a spearfishing course!,2023-07-22 22:00:03+00:00,682,6,0,Unknown,2025-12-01
Spearfishing,UC_4mnBMvfLYS5nrNZ5uciQg,Noob Spearo,RQpeFUbSpic,"NSP 013: Larry Gray Penetrator Fins, Manufacturer of high quality carbon and fibreglass composites",2016-07-10 10:07:22+00:00,676,12,0,Unknown,2025-12-01
Spearfishing,UC_4mnBMvfLYS5nrNZ5uciQg,Noob Spearo,67iTufPXHKg,"NSP:173 Daniel Mann Reelguns, YouTube, Europe & 99 Spearo Recipes",2021-11-17 10:59:57+00:00,670,18,1,Unknown,2025-12-01
Spearfishing,UC_4mnBMvfLYS5nrNZ5uciQg,Noob Spearo,vv6GLPziTf8,NSP:086 Nikki Watt Strayan Spearfisherwoman. Hunting pelagic tips for spearfishing and Fingermark,2018-09-11 09:52:18+00:00,655,5,0,Unknown,2025-12-01
Spearfishing,UC_4mnBMvfLYS5nrNZ5uciQg,Noob Spearo,4uz1rPKsBaA,NSP:002 Darren Shields 6 Time New Zealand Spearfishing Champion,2016-07-10 09:41:57+00:00,648,8,0,Unknown,2025-12-01
Spearfishing,UC_4mnBMvfLYS5nrNZ5uciQg,Noob Spearo,SzPIkBQdDSQ,NSP:298 Inside the Coatesmans Speargun Workshop | VIDEO PODCAST,2025-05-21 08:24:28+00:00,623,17,13,Unknown,2025-12-01
Spearfishing,UC_4mnBMvfLYS5nrNZ5uciQg,Noob Spearo,zGlZyEmzfk8,NSP:057 Ant Judge Freedive Training for Spearfishing,2017-06-16 12:28:01+00:00,615,7,0,Unknown,2025-12-01
Spearfishing,UC_4mnBMvfLYS5nrNZ5uciQg,Noob Spearo,uGzFv6pqS0g,"NSP:069 James Nestor | Deep Author | Freediver, Spearo & Journalist",2017-11-30 13:51:25+00:00,605,6,4,Unknown,2025-12-01
Spearfishing,UC_4mnBMvfLYS5nrNZ5uciQg,Noob Spearo,oxE-c7WpcfU,NSP:073 Cris Dillon spearfishing hunting techniques,2018-02-13 02:15:55+00:00,598,8,3,Unknown,2025-12-01
Spearfishing,UC_4mnBMvfLYS5nrNZ5uciQg,Noob Spearo,qFSITeyOTNs,John Pengelly Toughest Situation,2018-03-18 12:16:20+00:00,597,8,0,Unknown,2025-12-01
Spearfishing,UC_4mnBMvfLYS5nrNZ5uciQg,Noob Spearo,HvG2QxqxvK8,NSP:145 Ryan Myers Deep Reef Hunting,2020-12-19 12:43:06+00:00,592,21,4,Unknown,2025-12-01
Spearfishing,UC_4mnBMvfLYS5nrNZ5uciQg,Noob Spearo,MZOFlYLR0KQ,NSP:080 Spearjunkies Spearfishing Video Series,2018-05-02 03:06:57+00:00,586,3,2,Unknown,2025-12-01
Spearfishing,UCEmG3R9sdQ_UceqwKm-XFdw,Spearing Magazine,eorVy6iKpeI,No Tuna but some VERY Cool Dolphins,2009-07-29 23:28:46+00:00,572,0,1,Unknown,2025-11-30
Spearfishing,UC_4mnBMvfLYS5nrNZ5uciQg,Noob Spearo,PTJfqlNdsgU,"NSP 011: David Ochoa Producer of Inhale, the Azores in One Breath",2016-07-10 10:06:47+00:00,572,6,0,Unknown,2025-12-01
Spearfishing,UC_4mnBMvfLYS5nrNZ5uciQg,Noob Spearo,sntKPcXC5ww,NSP:065 Travis Hogan Aimrite Spearfishing Australia,2017-10-09 07:05:12+00:00,571,10,0,Unknown,2025-12-01
Spearfishing,UC_4mnBMvfLYS5nrNZ5uciQg,Noob Spearo,KmWM-soolbs,NSP:301 The Deep Man Behind DiveR | Ray Powell | VIDEO PODCAST,2025-07-01 09:17:57+00:00,564,19,13,Unknown,2025-12-01
Spearfishing,UC_4mnBMvfLYS5nrNZ5uciQg,Noob Spearo,ct5sWowx3Xg,NSP:030 Ian Puckeridge Australian Spearfishing Champion,2016-11-23 07:37:05+00:00,560,9,0,Unknown,2025-12-01
Spearfishing,UC_4mnBMvfLYS5nrNZ5uciQg,Noob Spearo,SKcVsdWaVLk,NSP:068 Gerasimos Kavvadias the Greek Dynamic Ambush Maestro,2017-11-15 14:09:19+00:00,548,6,0,Unknown,2025-12-01
Spearfishing,UC_4mnBMvfLYS5nrNZ5uciQg,Noob Spearo,4ToppLdDdDQ,Forrest Galante on his Spearfishing World Records | The Noob Spearo Podcast,2022-03-02 10:50:28+00:00,546,8,3,Unknown,2025-12-01
Spearfishing,UC_4mnBMvfLYS5nrNZ5uciQg,Noob Spearo,3GoYbjB_yTU,"""You'll never dive again"" | Matthew Novakovich on Barotrauma in Spearfishing - Noob Spearo",2022-03-16 09:53:10+00:00,545,10,1,Unknown,2025-12-01
Spearfishing,UC_4mnBMvfLYS5nrNZ5uciQg,Noob Spearo,YM6i17-KeoA,NSP:238 From 0 - 2.3 Million YouTube Subs | Aquatic Apes aka Lenny Logsdail,2023-09-27 09:24:55+00:00,530,9,5,Unknown,2025-12-01
Spearfishing,UC_4mnBMvfLYS5nrNZ5uciQg,Noob Spearo,lxaH2YbLkkU,Jamie Ryves on Hunting Dogtooth Tuna | The Noob Spearo Podcast,2022-03-24 10:57:28+00:00,522,17,0,Unknown,2025-12-01
Spearfishing,UC_4mnBMvfLYS5nrNZ5uciQg,Noob Spearo,EbFQEBTF3ks,"Part 2: Coral Trout, Crayfish and Breakdowns!  | WA Trip 2024",2024-10-15 08:30:05+00:00,518,22,5,Unknown,2025-12-01
Spearfishing,UC_4mnBMvfLYS5nrNZ5uciQg,Noob Spearo,CJU_PvHzcOI,"NSP:201 Captain Aaron Young aka @dibsonbottom_adventures | Slickers, Wahoo Hunting &...",2022-09-14 12:01:00+00:00,517,29,4,Unknown,2025-12-01
Spearfishing,UCEmG3R9sdQ_UceqwKm-XFdw,Spearing Magazine,ryJ54D0ZpBc,Feather Nek Nomination,2014-02-23 09:44:07+00:00,514,1,1,Unknown,2025-11-30
Spearfishing,UC_4mnBMvfLYS5nrNZ5uciQg,Noob Spearo,utvyX2qYtn0,"NSP:021 Chris Coates Spearfishing Guide, Writer, Photohrapher & More",2016-07-10 10:08:00+00:00,513,11,3,Unknown,2025-12-01
Spearfishing,UC_4mnBMvfLYS5nrNZ5uciQg,Noob Spearo,4m9ak5-EdT0,NSP:102 Boating Reconnaissance for Spearfishing  (Interview Q&A),2019-05-09 00:59:35+00:00,511,16,1,Unknown,2025-12-01
Spearfishing,UC_4mnBMvfLYS5nrNZ5uciQg,Noob Spearo,C4mfzHs7g0s,NSP:299 Nikki Watt SUPER SLAM | VIDEO PODCAST,2025-06-02 08:55:14+00:00,510,6,4,Unknown,2025-12-01
Spearfishing,UC_4mnBMvfLYS5nrNZ5uciQg,Noob Spearo,UucuPDdW8Ts,"SHARKS, TAUTOG, ANTI-BLACKOUT DEVICE | Daly Dose of Spearfishing E6",2022-03-31 08:21:08+00:00,507,17,3,Unknown,2025-12-01
Spearfishing,UC_4mnBMvfLYS5nrNZ5uciQg,Noob Spearo,QhDIen9Z6Eg,NSP:056 Sean Hascup Costa Rica Spearfishing Guide,2017-05-31 15:30:38+00:00,504,4,0,Unknown,2025-12-01
Spearfishing,UC_4mnBMvfLYS5nrNZ5uciQg,Noob Spearo,yZ8HTX4rNGo,Welcome to the Noob Spearo! 🐟🎙️🤿,2025-03-03 21:44:02+00:00,494,32,23,Unknown,2025-12-01
Spearfishing,UC_4mnBMvfLYS5nrNZ5uciQg,Noob Spearo,uyMzMaleiQg,NSP:104 Sam Dawson Scrounging Masterclass,2019-06-15 06:29:48+00:00,474,8,0,Unknown,2025-12-01
Spearfishing,UC_4mnBMvfLYS5nrNZ5uciQg,Noob Spearo,OcDTmSdFfyI,NSP:035 Emanuel Bova from MannySub Spearfishing Equipment,2020-10-25 14:00:07+00:00,469,7,2,Unknown,2025-12-01
Spearfishing,UC_4mnBMvfLYS5nrNZ5uciQg,Noob Spearo,u31Wt12n50w,NSP:113 James Beckman | Southern Bluefin Tuna,2019-12-13 03:11:37+00:00,466,17,7,Unknown,2025-12-01
Spearfishing,UC_4mnBMvfLYS5nrNZ5uciQg,Noob Spearo,dXMqjdb5yZ8,NSP:304 Aiming Up At Worlds In Brazil | Bryson Sheehy | VIDEO PODCAST,2025-07-30 12:22:18+00:00,461,14,5,Unknown,2025-12-01
Spearfishing,UC_4mnBMvfLYS5nrNZ5uciQg,Noob Spearo,KuExxJvpjyo,NSP:089 Sam Blount Spearfishing First Aid | Frontline Freediving,2018-10-31 06:58:25+00:00,453,8,1,Unknown,2025-12-01
Spearfishing,UC_4mnBMvfLYS5nrNZ5uciQg,Noob Spearo,W6KSrffMnag,NSP281 Shark Shield REBORN | Noob Spearo VIDEO PODCAST,2024-11-27 07:58:34+00:00,452,8,8,Unknown,2025-12-01
Spearfishing,UC_4mnBMvfLYS5nrNZ5uciQg,Noob Spearo,sLnYMGlWInw,Daly Dose of Spearfishing E1 | The Noob Spearo,2022-01-12 13:16:54+00:00,451,49,12,Unknown,2025-12-01
Spearfishing,UC_4mnBMvfLYS5nrNZ5uciQg,Noob Spearo,WNC3K3euPVU,99 Spearo Recipes Video,2021-11-07 02:00:16+00:00,446,22,0,Unknown,2025-12-01
Spearfishing,UC_4mnBMvfLYS5nrNZ5uciQg,Noob Spearo,gy6MAjyUqik,NSP:078 Andre Rerekura Terra Australis,2018-04-06 05:40:50+00:00,443,5,3,Unknown,2025-12-01
Spearfishing,UC_4mnBMvfLYS5nrNZ5uciQg,Noob Spearo,KfzSIOvwJSY,NSP:084 12 Tips to Improve Your Spearfishing,2018-08-11 19:49:04+00:00,436,12,0,Unknown,2025-12-01
Spearfishing,UC_4mnBMvfLYS5nrNZ5uciQg,Noob Spearo,J4A0WJY-4jw,Daly Dose of Spearfishing E5 | The Noob Spearo,2022-02-16 13:36:54+00:00,434,23,0,Unknown,2025-12-01
Spearfishing,UC_4mnBMvfLYS5nrNZ5uciQg,Noob Spearo,PCWQOruA5Ng,Weighting yourself correctly for spearfishing,2023-08-14 08:00:19+00:00,432,11,1,Unknown,2025-12-01
Spearfishing,UC_4mnBMvfLYS5nrNZ5uciQg,Noob Spearo,m3e3ENjwzEU,NSP:094 Justin Baker Fort Pierce Spearfishing,2019-01-15 08:05:30+00:00,423,7,2,Unknown,2025-12-01
Spearfishing,UC_4mnBMvfLYS5nrNZ5uciQg,Noob Spearo,NOBDEU58_H0,Why would I do a spearfishing course?!,2023-07-15 22:00:08+00:00,415,5,2,Unknown,2025-12-01
Spearfishing,UC_4mnBMvfLYS5nrNZ5uciQg,Noob Spearo,Ky813M6GpiM,@dinnerstix and his GREAT WHITE SHARK encounter,2024-04-25 07:00:15+00:00,414,6,2,Unknown,2025-12-01
Spearfishing,UC_4mnBMvfLYS5nrNZ5uciQg,Noob Spearo,4rfw8kBuTks,NSP273 Don Solomon | VIDEO PODCAST,2024-09-04 09:58:28+00:00,413,14,7,Unknown,2025-12-01
Spearfishing,UC_4mnBMvfLYS5nrNZ5uciQg,Noob Spearo,bn4JUmlmqm4,NSP:193 Rodney Pacitti | How to Get 421k YouTube subs with RoKKiT KiT,2022-06-15 08:31:01+00:00,407,8,4,Unknown,2025-12-01
Spearfishing,UC_4mnBMvfLYS5nrNZ5uciQg,Noob Spearo,Z_PRalAe2cw,NSP:023 Louie Van Senden spearfishing writer and drystore co-founder,2016-07-23 12:24:14+00:00,405,5,0,Unknown,2025-12-01
Spearfishing,UCEmG3R9sdQ_UceqwKm-XFdw,Spearing Magazine,aPAKnWb0CuY,Pearl Perch - Contour HD Video Sample,2010-08-09 10:01:28+00:00,387,2,0,Unknown,2025-11-30
Spearfishing,UCEmG3R9sdQ_UceqwKm-XFdw,Spearing Magazine,fWh5xePR5UE,Bird.mp4,2011-06-02 00:42:46+00:00,348,3,0,Unknown,2025-11-30
Spearfishing,UCEmG3R9sdQ_UceqwKm-XFdw,Spearing Magazine,kZlUqMaaIo4,Club BRP 2010 - Featherstones.mp4,2010-10-27 22:03:41+00:00,293,1,0,Unknown,2025-11-30
Spearfishing,UCEmG3R9sdQ_UceqwKm-XFdw,Spearing Magazine,e-udKBoG90I,Safety.mp4,2012-03-01 21:24:37+00:00,128,0,0,Unknown,2025-11-30
Surfing,UCvOh9i-BOFzu51rpj33fGag,How To Surf,0hM7jmiwGz8,Isn't this the dreamiest looking wave? #shorts,2023-02-14 20:30:00+00:00,8495057,243142,1883,Unknown,2025-11-30
Surfing,UCvOh9i-BOFzu51rpj33fGag,How To Surf,k_Vd9SYg4wI,How to Catch an Unbroken Wave | How to Surf - Paddling into Green Waves,2018-03-18 15:30:36+00:00,2803080,61570,780,Unknown,2025-11-30
Surfing,UCvOh9i-BOFzu51rpj33fGag,How To Surf,KCLWvAcPcPk,How to Pop Up on a Surfboard | Beginner Take Off Technique,2018-02-02 18:11:17+00:00,2005895,42069,529,Unknown,2025-11-30
Surfing,UCvOh9i-BOFzu51rpj33fGag,How To Surf,PBmijBB57Go,How to Surf | 7 Tips Beginners Need to Know to Start Surfing,2019-12-03 15:53:15+00:00,1316043,24806,389,Unknown,2025-11-30
Surfing,UCvOh9i-BOFzu51rpj33fGag,How To Surf,6I3en3t5CZg,Try these Tips to Get into Waves More Easily,2022-12-11 20:00:02+00:00,1140526,32526,108,Unknown,2025-11-30
Surfing,UCvOh9i-BOFzu51rpj33fGag,How To Surf,XCaiQYVEut4,Surf Etiquette | Top 9 Surf Rules you Need to Know,2018-07-13 04:03:40+00:00,1109269,21068,756,Unknown,2025-11-30
Surfing,UCvOh9i-BOFzu51rpj33fGag,How To Surf,yEI8IVZV46s,How to Duck Dive | Surfing Tutorial to Pass the Break Efficiently,2019-12-14 22:07:13+00:00,985931,16569,249,Unknown,2025-11-30
Surfing,UCvOh9i-BOFzu51rpj33fGag,How To Surf,9rz-ucDwjVU,How to Pop Up like Advanced Surfers - The Standard Take Off | How to Surf,2020-12-15 11:22:04+00:00,792121,13852,163,Unknown,2025-11-30
Surfing,UCvOh9i-BOFzu51rpj33fGag,How To Surf,j1AQ_s-y52M,7 tips to transition from beginner to intermediate | How to Surf,2022-07-16 19:00:13+00:00,764822,8834,108,Unknown,2025-11-30
Surfing,UCvOh9i-BOFzu51rpj33fGag,How To Surf,c28p-v7kDN8,How to Surf | Top 15 Tips for Intermediate Surfers | Improve your Technique,2019-12-05 21:57:45+00:00,691742,12122,136,Unknown,2025-11-30
Surfing,UCvOh9i-BOFzu51rpj33fGag,How To Surf,zAen5cU29j8,Tips to Paddle Better? How to Paddle?,2022-10-11 17:00:38+00:00,672908,20749,91,Unknown,2025-11-30
Surfing,UCvOh9i-BOFzu51rpj33fGag,How To Surf,CJ8SFD0IX44,Tips to Help Get Into Waves,2023-01-08 20:00:04+00:00,646924,14593,82,Unknown,2025-11-30
Surfing,UCvOh9i-BOFzu51rpj33fGag,How To Surf,mUfVLl9mZ64,Wait for it…,2022-12-17 20:00:12+00:00,620300,15434,197,Unknown,2025-11-30
Surfing,UCvOh9i-BOFzu51rpj33fGag,How To Surf,lMuZESyiKPQ,Positioning tips for catching waves,2023-03-22 19:00:18+00:00,580982,17496,80,Unknown,2025-11-30
Surfing,UCvOh9i-BOFzu51rpj33fGag,How To Surf,RfPpfWnDjMc,How to Pass the Break on a Longboard | How to Surf,2022-06-13 19:00:18+00:00,526068,6008,197,Unknown,2025-11-30
Surfing,UCvOh9i-BOFzu51rpj33fGag,How To Surf,k-AkoZP8MKw,How to Practice you Take Offs at home | How to Surf | The Standard Pop Up and more.,2021-06-21 19:00:21+00:00,433845,9604,68,Unknown,2025-11-30
Surfing,UCvOh9i-BOFzu51rpj33fGag,How To Surf,Xr9lAQrbZHE,How to Get into Wave More Easily...,2022-12-01 21:00:17+00:00,403016,9331,31,Unknown,2025-11-30
Surfing,UC4i3-yfVazfuqwoz71T79Sw,Surfline,hm9iAviOZ20,"LIVE Surf Cams 24/7 | Hawaii, California, Bali & More",2025-11-07 18:25:48+00:00,394098,4918,0,Unknown,2025-12-01
Surfing,UCvOh9i-BOFzu51rpj33fGag,How To Surf,yMFDmbnAofg,Tips for catching soft waves,2023-10-07 19:00:23+00:00,377855,11291,46,Unknown,2025-11-30
Surfing,UCvOh9i-BOFzu51rpj33fGag,How To Surf,pphjxiTbEao,This Longboard Wave is Just Perfect,2022-11-19 21:00:34+00:00,374016,7044,62,Unknown,2025-11-30
Surfing,UCvOh9i-BOFzu51rpj33fGag,How To Surf,JbSVDTpFscU,How to Paddle on a Surfboard - Top 2 concepts to optimize your paddling technique | How to surf,2022-01-12 16:00:08+00:00,320716,4896,67,Unknown,2025-11-30
Surfing,UCvOh9i-BOFzu51rpj33fGag,How To Surf,KMRJh29r3EA,10 Angling the Take Off Mistakes | How to Surf,2021-09-01 18:00:05+00:00,317717,4735,48,Unknown,2025-11-30
Surfing,UCvOh9i-BOFzu51rpj33fGag,How To Surf,qMeMKyJDWxA,How to catch waves - (A Comprehensive Guide for Beginners),2022-11-30 19:00:15+00:00,292196,6779,61,Unknown,2025-11-30
Surfing,UCvOh9i-BOFzu51rpj33fGag,How To Surf,K85iw0PMg4w,How to Generate Speed | The Pumping Technique - Learn How Advanced Surfers Accelerate.,2021-05-25 19:00:11+00:00,287760,4424,110,Unknown,2025-11-30
Surfing,UCvOh9i-BOFzu51rpj33fGag,How To Surf,KzFzRDRx7EE,In her element,2023-04-03 16:00:10+00:00,240804,5562,55,Unknown,2025-11-30
Surfing,UCvOh9i-BOFzu51rpj33fGag,How To Surf,dGQa1B3J6Mo,How to Get to your Feet in the OPTIMAL Position - The Post Take Off Position - How to Surf,2021-04-20 18:00:09+00:00,237854,4024,53,Unknown,2025-11-30
Surfing,UCvOh9i-BOFzu51rpj33fGag,How To Surf,j34kC2BqtxQ,Surfing the Mentawais as an Intermediate - What Guests Say,2025-04-24 22:00:52+00:00,215688,3754,41,Unknown,2025-11-30
Surfing,UCvOh9i-BOFzu51rpj33fGag,How To Surf,12iKcyYGvuk,How to Take Off on a Surfboard | 4 Different Techniques: Which One is Right for You?,2020-11-28 12:01:31+00:00,212564,4593,61,Unknown,2025-11-30
Surfing,UCvOh9i-BOFzu51rpj33fGag,How To Surf,_g3EAGRzg_s,Do you often get stuck in the whitewater instead of gliding down the line?,2025-05-31 12:45:51+00:00,162767,5640,38,Unknown,2025-11-30
Surfing,UCvOh9i-BOFzu51rpj33fGag,How To Surf,MziLz-opJKI,Fix your Pop Up with these Tips,2024-04-23 18:30:22+00:00,152314,4190,29,Unknown,2025-11-30
Surfing,UCvOh9i-BOFzu51rpj33fGag,How To Surf,r9Pc-9N-v-Q,How to Catch More Waves with Less Effort | Positioning,2022-03-24 19:00:15+00:00,150448,2556,36,Unknown,2025-11-30
Surfing,UCvOh9i-BOFzu51rpj33fGag,How To Surf,_RhBGCRc5Kw,How to create space during Pop Up using your back foot | Take off mistakes explained. How to surf.,2021-06-07 18:00:09+00:00,149292,2572,40,Unknown,2025-11-30
Surfing,UCvOh9i-BOFzu51rpj33fGag,How To Surf,iqkkFWi7l18,This guy has flow.,2024-01-12 19:00:30+00:00,143405,4964,23,Unknown,2025-11-30
Surfing,UCvOh9i-BOFzu51rpj33fGag,How To Surf,cgTCIC5stx4,Tips to read and position yourself for a wave,2024-06-28 20:00:12+00:00,130064,3700,16,Unknown,2025-11-30
Surfing,UCvOh9i-BOFzu51rpj33fGag,How To Surf,Px3CwJ7dv2Q,6 Tips for Catching Green Waves - How to Surf,2022-09-13 10:00:24+00:00,119794,4951,19,Unknown,2025-11-30
Surfing,UCvOh9i-BOFzu51rpj33fGag,How To Surf,nxm9QyHcwIU,The Pop Up Step by Step - Try these Surf Tips!,2022-09-20 17:00:35+00:00,116664,3353,25,Unknown,2025-11-30
Surfing,UCvOh9i-BOFzu51rpj33fGag,How To Surf,uCoI9chGBuk,Catching and Angling on a Wave,2023-03-14 19:00:30+00:00,108704,4183,32,Unknown,2025-11-30
Surfing,UCvOh9i-BOFzu51rpj33fGag,How To Surf,bM1vvsYpQoQ,How to Duck Dive,2022-11-03 21:00:17+00:00,107823,2815,18,Unknown,2025-11-30
Surfing,UCvOh9i-BOFzu51rpj33fGag,How To Surf,h9jkf82tbsA,Catch more waves with better positioning,2025-09-16 22:00:59+00:00,95532,2173,30,Unknown,2025-11-30
Surfing,UC4i3-yfVazfuqwoz71T79Sw,Surfline,pddhxLEYK6M,What nightmares are made of. Manuel Garcia 🤏🏼 close to making it under. 🎥: Ciolko Arts,2025-11-28 20:25:23+00:00,95068,1276,92,Unknown,2025-12-01
Surfing,UCvOh9i-BOFzu51rpj33fGag,How To Surf,OzUzAwLONXY,Surfing in a Crowd - 5 Tips to Catch More Waves,2022-03-31 18:00:06+00:00,88064,1495,44,Unknown,2025-11-30
Surfing,UCvOh9i-BOFzu51rpj33fGag,How To Surf,UijkenvuamU,How to Turn on a Longboard - Beginner's guide to Carving,2023-07-24 19:00:22+00:00,82237,1505,25,Unknown,2025-11-30
Surfing,UCvOh9i-BOFzu51rpj33fGag,How To Surf,A1JvHnek4O0,Beautiful Little Longboard Wave,2022-10-30 21:00:03+00:00,77935,2039,26,Unknown,2025-11-30
Surfing,UCvOh9i-BOFzu51rpj33fGag,How To Surf,oWDtFbdHzBE,5 Surfboard Types Explained,2022-10-22 21:00:32+00:00,76101,3564,26,Unknown,2025-11-30
Surfing,UCvOh9i-BOFzu51rpj33fGag,How To Surf,E40M2VVPSLI,Why you Need to Stop Looking Down during Pop Up - How to Surf - Take Off Mistakes Explained,2021-02-17 13:00:08+00:00,70276,1447,23,Unknown,2025-11-30
Surfing,UCvOh9i-BOFzu51rpj33fGag,How To Surf,BK9t0bv9I_Y,Why you Need to Stop Using your Knees to Pop Up | Take Off Mistakes Explained - How to Surf,2021-03-08 19:30:01+00:00,68788,838,24,Unknown,2025-11-30
Surfing,UCvOh9i-BOFzu51rpj33fGag,How To Surf,Cuz_Qa_uToQ,2 Mistakes when Catching Waves,2023-03-06 16:00:11+00:00,66756,2254,19,Unknown,2025-11-30
Surfing,UCvOh9i-BOFzu51rpj33fGag,How To Surf,WppStjLb-aM,10 STANCE Mistakes that are keeping you from progressing,2023-07-13 19:00:16+00:00,62260,1272,19,Unknown,2025-11-30
Surfing,UCvOh9i-BOFzu51rpj33fGag,How To Surf,TV30Mjy9Xx0,How to transform your turns (For Beginners),2023-12-04 19:00:20+00:00,56882,1021,17,Unknown,2025-11-30
Surfing,UCvOh9i-BOFzu51rpj33fGag,How To Surf,uK0jAfLHOzU,How beautiful is this wave?,2023-02-22 16:00:37+00:00,56583,1689,16,Unknown,2025-11-30
Surfing,UCvOh9i-BOFzu51rpj33fGag,How To Surf,RIiGah_Ud5A,How to Pop Up like Pros - Surf tips,2022-10-15 17:00:25+00:00,55982,1569,5,Unknown,2025-11-30
Surfing,UCvOh9i-BOFzu51rpj33fGag,How To Surf,ERoUDWIt3bM,Learning to Surf Better. Is it All About Practice?,2021-02-09 16:11:49+00:00,54216,953,21,Unknown,2025-11-30
Surfing,UCvOh9i-BOFzu51rpj33fGag,How To Surf,SJPobHG_xbk,Dancing on water,2023-06-06 19:00:20+00:00,52168,1604,18,Unknown,2025-11-30
Surfing,UCvOh9i-BOFzu51rpj33fGag,How To Surf,ft_l1OEV5sA,Sit inside in the lineup and catch more waves,2025-09-14 14:01:09+00:00,50156,1277,27,Unknown,2025-11-30
Surfing,UCvOh9i-BOFzu51rpj33fGag,How To Surf,WZCsAOSQB9w,Clean crisp days like these 🙌🏼,2025-09-20 14:00:59+00:00,50082,795,14,Unknown,2025-11-30
Surfing,UCvOh9i-BOFzu51rpj33fGag,How To Surf,n_riqERGxvA,Maximize your Paddle Strokes,2023-06-02 19:00:31+00:00,47840,1624,6,Unknown,2025-11-30
Surfing,UCvOh9i-BOFzu51rpj33fGag,How To Surf,8VfBrcxTUH4,Why to angle your Take Off?,2021-12-08 09:39:36+00:00,42713,1486,6,Unknown,2025-11-30
Surfing,UCvOh9i-BOFzu51rpj33fGag,How To Surf,6I6Caq0H8mc,?/10 for this wave setup,2024-06-17 20:45:00+00:00,42007,962,12,Unknown,2025-11-30
Surfing,UCvOh9i-BOFzu51rpj33fGag,How To Surf,3766vhS5_Pw,The Top Turn with Erin Brooks - How to Surf,2022-09-16 22:00:01+00:00,41094,1585,7,Unknown,2025-11-30
Surfing,UCvOh9i-BOFzu51rpj33fGag,How To Surf,cpJ3RxLT2q4,10 Things you SHOULD NOT DO when Catching Waves,2023-02-07 19:00:23+00:00,40842,753,13,Unknown,2025-11-30
Surfing,UCvOh9i-BOFzu51rpj33fGag,How To Surf,KhZV22mPEf4,How to Overcome The Fear of Big Waves (Beginner & Intermediate Surfers),2025-10-04 01:00:51+00:00,38911,1480,23,Unknown,2025-11-30
Surfing,UCvOh9i-BOFzu51rpj33fGag,How To Surf,RpNmLF7BS7Y,Learn how to surf. Online. Anytime.,2020-07-02 20:46:03+00:00,38702,269,13,Unknown,2025-11-30
Surfing,UCvOh9i-BOFzu51rpj33fGag,How To Surf,zUpZCZJyPxU,How to Overcome The Fear of Big Waves (Beginner & Intermediate Surfers),2025-08-13 18:08:14+00:00,37083,781,34,Unknown,2025-11-30
Surfing,UCvOh9i-BOFzu51rpj33fGag,How To Surf,XtY2YDZpr9E,Surfing Mentawai perfection,2023-03-02 16:00:17+00:00,36759,1009,10,Unknown,2025-11-30
Surfing,UCvOh9i-BOFzu51rpj33fGag,How To Surf,sBk6PweATzI,Perfect Longboard Playground,2022-12-30 20:00:26+00:00,36091,1330,36,Unknown,2025-11-30
Surfing,UCvOh9i-BOFzu51rpj33fGag,How To Surf,Q5Nb_T02iTk,Tips to Backside Top Turn - Try these!,2022-11-15 21:00:22+00:00,35889,914,11,Unknown,2025-11-30
Surfing,UCvOh9i-BOFzu51rpj33fGag,How To Surf,83upyCGHJE4,Tips to Match the Speed of The Wave,2023-02-26 16:00:04+00:00,34693,1350,7,Unknown,2025-11-30
Surfing,UCvOh9i-BOFzu51rpj33fGag,How To Surf,GK5xCCsLHoA,How to catch unbroken waves,2025-09-10 12:34:33+00:00,34019,1072,12,Unknown,2025-11-30
Surfing,UCvOh9i-BOFzu51rpj33fGag,How To Surf,BPKkNgJkOpM,Matching the Speed of the Wave,2023-05-01 16:00:05+00:00,32087,961,7,Unknown,2025-11-30
Surfing,UCvOh9i-BOFzu51rpj33fGag,How To Surf,-l2YEq9ODWQ,The Pop Up step by step,2023-04-23 16:00:00+00:00,31729,870,11,Unknown,2025-11-30
Surfing,UCvOh9i-BOFzu51rpj33fGag,How To Surf,6y6TFRJV3VY,Surf Coaching Retreats | What our Travellers Have to Say,2018-10-11 11:02:19+00:00,31164,256,6,Unknown,2025-11-30
Surfing,UCvOh9i-BOFzu51rpj33fGag,How To Surf,sBG7xgpc9hg,How to Top Turn,2022-11-07 21:00:32+00:00,30823,862,6,Unknown,2025-11-30
Surfing,UCvOh9i-BOFzu51rpj33fGag,How To Surf,PBxwluFPc48,The Floater - Tips Step by Step,2023-05-25 16:00:17+00:00,26808,931,4,Unknown,2025-11-30
Surfing,UCvOh9i-BOFzu51rpj33fGag,How To Surf,mCMFh0Szu08,Are you doing this when catching waves? #surfing #surf #learntosurf,2024-04-14 19:00:17+00:00,26547,1088,13,Unknown,2025-11-30
Surfing,UCvOh9i-BOFzu51rpj33fGag,How To Surf,cXh23RT0IsI,5 Tips to Avoid Acting Like a Kook when Surfing,2025-09-03 18:14:06+00:00,26387,364,56,Unknown,2025-11-30
Surfing,UCvOh9i-BOFzu51rpj33fGag,How To Surf,CjFwP1CNK2Y,Use your head to get into waves with more ease.,2023-05-05 16:00:12+00:00,26346,961,10,Unknown,2025-11-30
Surfing,UCvOh9i-BOFzu51rpj33fGag,How To Surf,CZBfT52G1Yo,How to Angle the Take Off? Try these Tips!,2022-10-07 17:00:07+00:00,25799,800,8,Unknown,2025-11-30
Surfing,UCvOh9i-BOFzu51rpj33fGag,How To Surf,uNPG4ANNMWw,Tips Angling The Take Off - Step by Step,2022-10-13 17:00:26+00:00,25695,722,12,Unknown,2025-11-30
Surfing,UCvOh9i-BOFzu51rpj33fGag,How To Surf,Y--fFqanhEA,Do this when your feet land of center,2024-05-05 16:00:20+00:00,25544,812,12,Unknown,2025-11-30
Surfing,UCvOh9i-BOFzu51rpj33fGag,How To Surf,CfSxFXZ8l_Q,Keys to a good turn surfing,2025-06-28 21:00:11+00:00,25518,801,9,Unknown,2025-11-30
Surfing,UCvOh9i-BOFzu51rpj33fGag,How To Surf,vKbm8GX2Rzs,How to Surf Down the Line,2025-05-26 14:12:20+00:00,25448,564,10,Unknown,2025-11-30
Surfing,UCvOh9i-BOFzu51rpj33fGag,How To Surf,ntqnxVnEOII,Taking Off on Steeper Waves,2022-11-27 21:00:30+00:00,24209,679,6,Unknown,2025-11-30
Surfing,UCvOh9i-BOFzu51rpj33fGag,How To Surf,_CqihNv07jU,Try these tips to catch waves effortlessly,2024-05-19 01:00:14+00:00,23393,884,14,Unknown,2025-11-30
Surfing,UCvOh9i-BOFzu51rpj33fGag,How To Surf,-18n29Orsms,Practice makes perfect,2023-05-13 16:00:00+00:00,23027,942,15,Unknown,2025-11-30
Surfing,UCvOh9i-BOFzu51rpj33fGag,How To Surf,OOM4vZAucRs,Top Turn Tips,2023-05-09 19:00:17+00:00,22954,1080,7,Unknown,2025-11-30
Surfing,UCvOh9i-BOFzu51rpj33fGag,How To Surf,72okOVdOK4E,The Standard Pop Up on Repeat. Surf Tips,2022-10-09 17:00:09+00:00,22227,798,11,Unknown,2025-11-30
Surfing,UCvOh9i-BOFzu51rpj33fGag,How To Surf,cqZezt5OEnk,SURF TIPS OF THE STANDARD POP UP,2024-10-05 15:00:39+00:00,21776,681,7,Unknown,2025-11-30
Surfing,UCvOh9i-BOFzu51rpj33fGag,How To Surf,Weg_kAxXFkc,3 Traps keeping you from progressing  | From beginner to intermediate,2024-04-11 18:45:03+00:00,21505,349,4,Unknown,2025-11-30
Surfing,UCvOh9i-BOFzu51rpj33fGag,How To Surf,ZsJ4NDRQXfM,Daily Tips: Surf the Right Board for you,2024-01-05 19:00:14+00:00,21100,659,3,Unknown,2025-11-30
Surfing,UCvOh9i-BOFzu51rpj33fGag,How To Surf,Zmibfp_4SyE,Tips for Catching Green Waves,2024-01-02 19:00:22+00:00,20152,896,3,Unknown,2025-11-30
Surfing,UCvOh9i-BOFzu51rpj33fGag,How To Surf,IOAqMeRHNco,Bali local ripper in Bingin,2023-05-29 19:00:07+00:00,20082,619,5,Unknown,2025-11-30
Surfing,UCvOh9i-BOFzu51rpj33fGag,How To Surf,nKzKJcD5530,Nias on a Longboard 😍,2022-09-17 13:03:14+00:00,19172,596,0,Unknown,2025-11-30
Surfing,UCvOh9i-BOFzu51rpj33fGag,How To Surf,kS4QQQT5gYY,Tips for Catching waves with Tedi,2024-07-03 21:15:02+00:00,19053,752,6,Unknown,2025-11-30
Surfing,UCvOh9i-BOFzu51rpj33fGag,How To Surf,p9ND7O98Wek,Empty Perfection,2023-01-02 20:00:14+00:00,18931,753,9,Unknown,2025-11-30
Surfing,UCvOh9i-BOFzu51rpj33fGag,How To Surf,HRlVgep-qLY,Solo session somewhere in Indo,2023-11-09 19:00:14+00:00,18923,691,4,Unknown,2025-11-30
Surfing,UCvOh9i-BOFzu51rpj33fGag,How To Surf,t9lB6U_7yvw,You NEED to build this habit,2023-05-17 19:00:24+00:00,18612,961,5,Unknown,2025-11-30
Surfing,UCvOh9i-BOFzu51rpj33fGag,How To Surf,iZ4ikaHX0Ro,Turning Basics - New Course Release,2023-05-26 23:43:12+00:00,18490,518,1,Unknown,2025-11-30
Surfing,UCvOh9i-BOFzu51rpj33fGag,How To Surf,zCR5kvyO3yw,"Small waves, big moments",2023-10-15 19:00:25+00:00,18354,836,11,Unknown,2025-11-30
Surfing,UCvOh9i-BOFzu51rpj33fGag,How To Surf,G2ccCh5Gpkw,How to Cross Step,2022-09-22 17:00:12+00:00,18085,666,3,Unknown,2025-11-30
Surfing,UCvOh9i-BOFzu51rpj33fGag,How To Surf,dNWb8TmlEVo,Proper board care includes...,2023-06-08 21:02:56+00:00,17996,371,2,Unknown,2025-11-30
Surfing,UCvOh9i-BOFzu51rpj33fGag,How To Surf,-JYmxVeBrH8,One of Mentawai’s Funnest Wave,2022-12-05 19:00:00+00:00,17038,529,9,Unknown,2025-11-30
Surfing,UCvOh9i-BOFzu51rpj33fGag,How To Surf,drs_q4c1pWc,Day dreaming of these perfect peelers,2023-04-11 19:00:16+00:00,16600,942,25,Unknown,2025-11-30
Trail Running,UCSxqXJj9btSS3nrmBg8GXdQ,The Ginger Runner,NDZdsqbcGTU,WHERE DREAMS GO TO DIE - Gary Robbins and The Barkley Marathons,2018-05-31 19:06:40+00:00,3839664,55015,2895,Unknown,2025-11-30
Trail Running,UCSxqXJj9btSS3nrmBg8GXdQ,The Ginger Runner,4r-H9iyPZds,THE SQUAMISH 50/50 | A Ginger Runner Film,2014-10-01 06:13:06+00:00,484741,7693,801,Unknown,2025-11-30
Trail Running,UCSxqXJj9btSS3nrmBg8GXdQ,The Ginger Runner,9ZQf3aiiYJE,ALTERING EXPECTATIONS - Kimberley Teshima & The Oregon Coast 50k | A Ginger Runner Film,2014-12-13 05:55:26+00:00,262540,4472,397,Unknown,2025-11-30
Trail Running,UCSxqXJj9btSS3nrmBg8GXdQ,The Ginger Runner,yhZfItsRmMY,BEST RUNNING NUTRITION TIPS | The Ginger Runner,2014-10-31 14:53:39+00:00,237705,2632,212,Unknown,2025-11-30
Trail Running,UCSxqXJj9btSS3nrmBg8GXdQ,The Ginger Runner,VHxfwBT1d4Q,NIKE ZOOM FLY REVIEW | The Ginger Runner,2017-09-17 08:31:42+00:00,225824,2520,284,Unknown,2025-11-30
Trail Running,UCSxqXJj9btSS3nrmBg8GXdQ,The Ginger Runner,WV4aByWNGfY,WELCOME TO GINGERRUNNER.COM!,2011-01-26 03:42:36+00:00,222041,382,27,Unknown,2025-11-30
Trail Running,UCSxqXJj9btSS3nrmBg8GXdQ,The Ginger Runner,EZLfbJPk8Ug,THE LAST MILE: Kaytlyn Gerbin & The 2019 Western States 100,2020-06-27 19:30:10+00:00,201125,4754,261,Unknown,2025-11-30
Trail Running,UCSxqXJj9btSS3nrmBg8GXdQ,The Ginger Runner,sRwFmsoqcSs,APPLE WATCH SERIES 2 NIKE+ REVIEW | The Ginger Runner,2016-12-10 16:42:35+00:00,181279,2130,357,Unknown,2025-11-30
Trail Running,UCSxqXJj9btSS3nrmBg8GXdQ,The Ginger Runner,VOFUi7C82Kw,NIKE ZOOM PEGASUS 32 REVIEW | The Ginger Runner,2015-09-26 07:15:13+00:00,178341,1121,147,Unknown,2025-11-30
Trail Running,UCSxqXJj9btSS3nrmBg8GXdQ,The Ginger Runner,A-idkhIJ2Fg,ON RUNNING CLOUDSURFER & CLOUDFLYER REVIEW | The Ginger Runner,2016-04-23 06:45:06+00:00,152591,1108,149,Unknown,2025-11-30
Trail Running,UCSxqXJj9btSS3nrmBg8GXdQ,The Ginger Runner,gMyli9CJows,QUALIFIER: The 2015 Quicksilver 100k | The Ginger Runner & The Western States 100,2015-06-20 06:03:32+00:00,145635,2250,174,Unknown,2025-11-30
Trail Running,UCSxqXJj9btSS3nrmBg8GXdQ,The Ginger Runner,odTa5W9j6W8,SALOMON SPEEDCROSS 3 - GingerRunner.com Review,2012-01-04 07:04:15+00:00,144437,579,77,Unknown,2025-11-30
Trail Running,UCSxqXJj9btSS3nrmBg8GXdQ,The Ginger Runner,0ZVCZ1Jhw4E,TOP 10 FAVORITE RUNNING GEAR ITEMS OF 2017 | The Ginger Runner,2017-12-07 09:39:27+00:00,143966,2701,167,Unknown,2025-11-30
Trail Running,UCSxqXJj9btSS3nrmBg8GXdQ,The Ginger Runner,3WIY4klwfn0,HOKA ONE ONE CLIFTON 6 REVIEW | The Ginger Runner,2019-08-10 06:09:53+00:00,141735,1864,194,Unknown,2025-11-30
Trail Running,UCSxqXJj9btSS3nrmBg8GXdQ,The Ginger Runner,DP0yEqa8kkk,HOKA ONE ONE CLIFTON 4 REVIEW | The Ginger Runner,2017-07-16 05:52:10+00:00,138355,1166,212,Unknown,2025-11-30
Trail Running,UCSxqXJj9btSS3nrmBg8GXdQ,The Ginger Runner,ShBwr6u1w6M,HOKA ONE ONE CLIFTON REVIEW | The Ginger Runner,2014-08-22 19:16:07+00:00,131850,944,200,Unknown,2025-11-30
Trail Running,UCSxqXJj9btSS3nrmBg8GXdQ,The Ginger Runner,85yco0i0Y3I,SUMMER OF WONDER (Director's Cut) // Mt Rainier's Wonderland Trail FKT,2021-03-10 00:00:14+00:00,123834,3401,197,Unknown,2025-11-30
Trail Running,UCSxqXJj9btSS3nrmBg8GXdQ,The Ginger Runner,XvbTgJn41B8,NIKE REACT INFINITY RUN FLYKNIT REVIEW | The Ginger Runner,2020-04-25 05:01:01+00:00,116512,1829,190,Unknown,2025-11-30
Trail Running,UCSxqXJj9btSS3nrmBg8GXdQ,The Ginger Runner,FY5FNC9-VKU,HOKA ONE ONE SPEEDGOAT 2 REVIEW | The Ginger Runner,2017-07-16 05:52:08+00:00,116311,1238,159,Unknown,2025-11-30
Trail Running,UCSxqXJj9btSS3nrmBg8GXdQ,The Ginger Runner,6uJu0Y4MrZU,THE 2015 ORCAS ISLAND 50k | The Ginger Runner,2015-03-07 04:03:49+00:00,116259,1757,184,Unknown,2025-11-30
Trail Running,UCSxqXJj9btSS3nrmBg8GXdQ,The Ginger Runner,2Vi9NAZXRLc,HOKA ONE ONE MACH 4 REVIEW | The Ginger Runner,2021-02-09 19:34:43+00:00,111896,2695,276,Unknown,2025-11-30
Trail Running,UCSxqXJj9btSS3nrmBg8GXdQ,The Ginger Runner,TwNSGPgXH7c,THE 2014 SAN FRANCISCO MARATHON | The Ginger Runner,2014-09-13 01:31:54+00:00,99717,1627,124,Unknown,2025-11-30
Trail Running,UCSxqXJj9btSS3nrmBg8GXdQ,The Ginger Runner,HIVh_BZcWCg,THE 2016 HURT 100 | The Ginger Runner,2016-03-12 17:32:03+00:00,98541,1567,102,Unknown,2025-11-30
Trail Running,UCSxqXJj9btSS3nrmBg8GXdQ,The Ginger Runner,RWJtV_L8OG0,BROOKS HYPERION TEMPO REVIEW | The Ginger Runner,2020-02-21 23:12:12+00:00,95199,1622,142,Unknown,2025-11-30
Trail Running,UCSxqXJj9btSS3nrmBg8GXdQ,The Ginger Runner,Akqf4EOQGrw,NIKE PEGASUS 36 TRAIL REVIEW | The Ginger Runner,2019-07-20 23:52:30+00:00,93497,1525,134,Unknown,2025-11-30
Trail Running,UCSxqXJj9btSS3nrmBg8GXdQ,The Ginger Runner,CZJVnwSu8Hk,MY GEAR FROM THE HEADLANDS 100 MILER | The Ginger Runner,2019-09-28 01:25:23+00:00,90397,1773,150,Unknown,2025-11-30
Trail Running,UCSxqXJj9btSS3nrmBg8GXdQ,The Ginger Runner,2PBX1p0o8w8,HOKA ONE ONE CLAYTON REVIEW | The Ginger Runner,2016-04-09 02:00:21+00:00,88308,775,170,Unknown,2025-11-30
Trail Running,UCSxqXJj9btSS3nrmBg8GXdQ,The Ginger Runner,weBIc0MTvts,This is a great daily trainer! // NEW BALANCE FUELCELL REBEL v4 // Ginger Runner Review,2024-03-07 22:13:18+00:00,87308,1530,113,Unknown,2025-11-30
Trail Running,UCSxqXJj9btSS3nrmBg8GXdQ,The Ginger Runner,4aqqAhg4oLs,SAUCONY KINVARA 7 REVIEW | The Ginger Runner,2016-04-16 02:58:56+00:00,86499,909,120,Unknown,2025-11-30
Trail Running,UCSxqXJj9btSS3nrmBg8GXdQ,The Ginger Runner,klOlSg4yT8w,NIKE LUNAREPIC FLYKNIT REVIEW | The Ginger Runner,2016-11-05 07:22:57+00:00,86464,843,144,Unknown,2025-11-30
Trail Running,UCSxqXJj9btSS3nrmBg8GXdQ,The Ginger Runner,xfEVH1t2mpE,HOKA RINCON 3 REVIEW | The Ginger Runner,2021-09-12 15:22:48+00:00,86255,1543,156,Unknown,2025-11-30
Trail Running,UCSxqXJj9btSS3nrmBg8GXdQ,The Ginger Runner,aiS1-7gs43g,SAUCONY KINVARA 11 REVIEW | The Ginger Runner,2020-02-01 01:45:56+00:00,85384,1357,222,Unknown,2025-11-30
Trail Running,UCSxqXJj9btSS3nrmBg8GXdQ,The Ginger Runner,6t8ucFzec6c,THE 2015 GORGE WATERFALLS 50k | The Ginger Runner,2015-04-24 23:39:26+00:00,85162,1572,132,Unknown,2025-11-30
Trail Running,UCSxqXJj9btSS3nrmBg8GXdQ,The Ginger Runner,b7yYpfW3KTE,HOKA ONE ONE HUPANA REVIEW | The Ginger Runner,2017-01-14 07:01:23+00:00,85043,918,118,Unknown,2025-11-30
Trail Running,UCSxqXJj9btSS3nrmBg8GXdQ,The Ginger Runner,BvdMshjTF5U,INOV-8 X-TALON 212 REVIEW | The Ginger Runner,2014-08-08 20:09:57+00:00,83312,351,69,Unknown,2025-11-30
Trail Running,UCSxqXJj9btSS3nrmBg8GXdQ,The Ginger Runner,GljLbSKYQXU,SUUNTO AMBIT 3 VERTICAL GPS WATCH REVIEW | The Ginger Runner,2016-03-19 01:57:18+00:00,79976,678,101,Unknown,2025-11-30
Trail Running,UCSxqXJj9btSS3nrmBg8GXdQ,The Ginger Runner,I-1_4Oo0-zU,THE 100 MILE TRAINING WEEK - 2020 EDITION | The Ginger Runner,2021-01-02 21:57:48+00:00,78998,2618,251,Unknown,2025-11-30
Trail Running,UCSxqXJj9btSS3nrmBg8GXdQ,The Ginger Runner,wX4Al-tv538,ASICS NOVABLAST 2 REVIEW | The Ginger Runner,2021-06-21 18:57:49+00:00,77247,1330,94,Unknown,2025-11-30
Trail Running,UCSxqXJj9btSS3nrmBg8GXdQ,The Ginger Runner,iUe8soHc9Bc,The perfect road to trail shoe?! // NIKE REACT PEGASUS TRAIL 4 // Ginger Runner Review,2022-08-21 21:02:08+00:00,75292,1055,115,Unknown,2025-11-30
Trail Running,UCSxqXJj9btSS3nrmBg8GXdQ,The Ginger Runner,1g93G2uY3LQ,SALOMON ULTRA GLIDE REVIEW | The Ginger Runner,2021-07-26 19:21:57+00:00,72796,1300,140,Unknown,2025-11-30
Trail Running,UCSxqXJj9btSS3nrmBg8GXdQ,The Ginger Runner,4JWfg6ua1VI,NEW BALANCE FUELCELL REBEL REVIEW | The Ginger Runner,2019-07-27 06:31:02+00:00,71529,1222,118,Unknown,2025-11-30
Trail Running,UCSxqXJj9btSS3nrmBg8GXdQ,The Ginger Runner,DiIcpR0Ohic,SAUCONY KINVARA 8 REVIEW | The Ginger Runner,2017-07-23 05:38:48+00:00,70481,896,155,Unknown,2025-11-30
Trail Running,UCSxqXJj9btSS3nrmBg8GXdQ,The Ginger Runner,ZuzRMQXCK0g,A TEASER.,2017-03-29 19:35:24+00:00,70076,1442,126,Unknown,2025-11-30
Trail Running,UCSxqXJj9btSS3nrmBg8GXdQ,The Ginger Runner,5ohHNVB_CRw,NEW BALANCE FRESH FOAM 980 REVIEW | The Ginger Runner,2014-03-22 20:19:02+00:00,69846,397,101,Unknown,2025-11-30
Trail Running,UCSxqXJj9btSS3nrmBg8GXdQ,The Ginger Runner,UudLnpK3OTg,NATHAN VAPORAIR HYDRATION PACK REVIEW | The Ginger Runner,2016-05-20 16:37:25+00:00,67925,883,102,Unknown,2025-11-30
Trail Running,UCSxqXJj9btSS3nrmBg8GXdQ,The Ginger Runner,IEIktuVt0G8,THE HIGH ROUTE: Official Emmy Winning Director's Cut,2024-12-26 17:00:07+00:00,67559,1816,79,Unknown,2025-11-30
Trail Running,UCSxqXJj9btSS3nrmBg8GXdQ,The Ginger Runner,6uNDURSvwHo,SALOMON SENSE PRO REVIEW | The Ginger Runner,2014-03-08 16:00:04+00:00,66720,420,87,Unknown,2025-11-30
Trail Running,UCSxqXJj9btSS3nrmBg8GXdQ,The Ginger Runner,_t1pc6kJTI0,HOKA CARBON X 3 REVIEW | The Ginger Runner,2022-02-26 20:19:09+00:00,65511,947,74,Unknown,2025-11-30
Trail Running,UCSxqXJj9btSS3nrmBg8GXdQ,The Ginger Runner,igNWLiNEkaE,NEW BALANCE ZANTE v2 REVIEW | The Ginger Runner,2016-08-06 09:23:02+00:00,63962,513,95,Unknown,2025-11-30
Trail Running,UCSxqXJj9btSS3nrmBg8GXdQ,The Ginger Runner,ouXpPXy1jeQ,2014 SEAN O'BRIEN 50 MILE / 50K / 26.2 RACE,2014-02-07 17:51:33+00:00,63950,875,153,Unknown,2025-11-30
Trail Running,UCSxqXJj9btSS3nrmBg8GXdQ,The Ginger Runner,scuMOuaAAGs,HOKA ONE ONE NAPALI & NAPALI ATR REVIEW | The Ginger Runner,2018-02-18 05:43:25+00:00,63224,1125,191,Unknown,2025-11-30
Trail Running,UCSxqXJj9btSS3nrmBg8GXdQ,The Ginger Runner,BtZFYGHHRjw,HOKA ONE ONE SPEEDGOAT REVIEW | The Ginger Runner,2015-08-15 03:18:43+00:00,63207,529,98,Unknown,2025-11-30
Trail Running,UCSxqXJj9btSS3nrmBg8GXdQ,The Ginger Runner,QPLS0bkBiRs,NEW BALANCE FUELCELL REBEL v2 REVIEW | The Ginger Runner,2021-06-14 15:30:03+00:00,59768,1166,99,Unknown,2025-11-30
Trail Running,UCSxqXJj9btSS3nrmBg8GXdQ,The Ginger Runner,HNgo1YkLIT8,TRAIL TESTED - Nike ZoomX Zegama vs Hoka Mafate Speed 4 // GINGER RUNNER REVIEW,2022-10-21 01:54:50+00:00,58712,1192,87,Unknown,2025-11-30
Trail Running,UCSxqXJj9btSS3nrmBg8GXdQ,The Ginger Runner,_vI-eNi-D-M,BROOKS CASCADIA 16 REVIEW | The Ginger Runner,2021-10-17 05:34:58+00:00,58528,1010,112,Unknown,2025-11-30
Trail Running,UCSxqXJj9btSS3nrmBg8GXdQ,The Ginger Runner,YuHfIxIsrGY,NIKE TERRA KIGER 7 REVIEW | The Ginger Runner,2021-05-23 15:30:04+00:00,57181,947,93,Unknown,2025-11-30
Trail Running,UCSxqXJj9btSS3nrmBg8GXdQ,The Ginger Runner,-0oXu7yf9N4,NIKE ZOOM KIGER 4 REVIEW | The Ginger Runner,2017-05-13 09:10:51+00:00,57082,569,67,Unknown,2025-11-30
Trail Running,UCSxqXJj9btSS3nrmBg8GXdQ,The Ginger Runner,FmJUx5_6jGI,MY 2018 GOALS | The Ginger Runner,2018-01-18 04:43:02+00:00,56092,1808,284,Unknown,2025-11-30
Trail Running,UCSxqXJj9btSS3nrmBg8GXdQ,The Ginger Runner,fYqg6NX1FqU,SALOMON SENSE 4 PRO REVIEW | The Ginger Runner,2020-07-05 16:00:12+00:00,55858,1003,102,Unknown,2025-11-30
Trail Running,UCSxqXJj9btSS3nrmBg8GXdQ,The Ginger Runner,_Y9ULmnWIAA,HOKA ONE ONE HUAKA REVIEW | The Ginger Runner,2014-08-22 19:28:59+00:00,55846,360,36,Unknown,2025-11-30
Trail Running,UCSxqXJj9btSS3nrmBg8GXdQ,The Ginger Runner,xKhZnPiYpTU,MY 2017 GOALS | The Ginger Runner,2017-01-07 05:55:45+00:00,54203,1297,207,Unknown,2025-11-30
Trail Running,UCSxqXJj9btSS3nrmBg8GXdQ,The Ginger Runner,5-wfdnyFO2M,ALTRA TIMP 1.5 REVIEW | The Ginger Runner,2018-12-06 08:07:41+00:00,53115,848,137,Unknown,2025-11-30
Trail Running,UCSxqXJj9btSS3nrmBg8GXdQ,The Ginger Runner,kClufBAwnfA,CACTUS TO CLOUDS - One of the hardest hikes in the US - GingerRunner.com,2013-11-09 02:52:44+00:00,52626,1192,103,Unknown,2025-11-30
Trail Running,UCSxqXJj9btSS3nrmBg8GXdQ,The Ginger Runner,F7hF3BKFQT4,2014 SUMMER RUNNING SHORTS SHOWDOWN | The Ginger Runner,2014-05-24 13:16:47+00:00,51423,417,72,Unknown,2025-11-30
Trail Running,UCSxqXJj9btSS3nrmBg8GXdQ,The Ginger Runner,7wZJnSslDLI,NEW BALANCE 1010v2 REVIEW - GingerRunner.com Review,2013-12-06 01:51:59+00:00,51326,425,79,Unknown,2025-11-30
Trail Running,UCSxqXJj9btSS3nrmBg8GXdQ,The Ginger Runner,2fIdEI4YKEU,INOV-8 ULTRA TRAIL 290 REVIEW | The Ginger Runner,2014-08-08 20:04:00+00:00,51078,218,37,Unknown,2025-11-30
Trail Running,UCSxqXJj9btSS3nrmBg8GXdQ,The Ginger Runner,v9y_zDuBj9k,2014 NEWTON DISTANCE III (3) REVIEW | The Ginger Runner,2014-05-31 16:48:44+00:00,50921,390,53,Unknown,2025-11-30
Trail Running,UCSxqXJj9btSS3nrmBg8GXdQ,The Ginger Runner,leClBSa04wc,TRAINING FOR TRANSROCKIES 2016 - Episode 1 | The Ginger Runner,2016-04-30 11:45:49+00:00,49500,1217,131,Unknown,2025-11-30
Trail Running,UCSxqXJj9btSS3nrmBg8GXdQ,The Ginger Runner,cgOePhJfkCY,The Road To Trail Pegasus is growing on me // NIKE PEGASUS TRAIL 5 REVIEW // Ginger Runner,2024-10-25 20:22:20+00:00,46848,658,42,Unknown,2025-11-30
Trail Running,UCSxqXJj9btSS3nrmBg8GXdQ,The Ginger Runner,Fi1zfThoKiM,ALTRA TIMP 4 REVIEW | The Ginger Runner,2022-04-23 19:42:03+00:00,46820,942,95,Unknown,2025-11-30
Trail Running,UCSxqXJj9btSS3nrmBg8GXdQ,The Ginger Runner,6xSvfslWEPY,ALTRA OLYMPUS REVIEW | The Ginger Runner,2014-06-21 02:30:10+00:00,46410,290,65,Unknown,2025-11-30
Trail Running,UCSxqXJj9btSS3nrmBg8GXdQ,The Ginger Runner,u4p5Zaoe0RQ,ALTRA TIMP REVIEW | The Ginger Runner,2017-08-12 21:08:59+00:00,46238,496,79,Unknown,2025-11-30
Trail Running,UCSxqXJj9btSS3nrmBg8GXdQ,The Ginger Runner,3YTcJjKp_us,ALTRA LONE PEAK 2.0 REVIEW | The Ginger Runner,2014-10-10 23:22:24+00:00,46213,293,53,Unknown,2025-11-30
Trail Running,UCSxqXJj9btSS3nrmBg8GXdQ,The Ginger Runner,41IZxULcGss,SALOMON SENSE HYDRO S-LAB SET REVIEW - GingerRunner.com Review,2013-05-11 23:27:18+00:00,45677,247,28,Unknown,2025-11-30
Trail Running,UCSxqXJj9btSS3nrmBg8GXdQ,The Ginger Runner,e1L1XyFXXjU,2014 NEWTON GRAVITY III (3) REVIEW | The Ginger Runner,2014-05-31 17:00:09+00:00,45158,261,38,Unknown,2025-11-30
Trail Running,UCSxqXJj9btSS3nrmBg8GXdQ,The Ginger Runner,dxhHzkAt0Ew,HOKA ONE ONE SPEED INSTINCT 2 REVIEW | The Ginger Runner,2017-09-24 19:23:12+00:00,44813,694,107,Unknown,2025-11-30
Trail Running,UCSxqXJj9btSS3nrmBg8GXdQ,The Ginger Runner,VO5Glu2WgtU,NEW BALANCE FRESH FOAM MORE TRAIL REVIEW | The Ginger Runner,2020-10-31 01:48:50+00:00,44462,865,99,Unknown,2025-11-30
Trail Running,UCSxqXJj9btSS3nrmBg8GXdQ,The Ginger Runner,kzPe5BGJBjA,SALOMON XA SKIN PRO 10+3 HYDRATION PACK REVIEW & GIVEAWAY - GingerRunner.com Review,2013-03-21 02:06:41+00:00,43922,180,27,Unknown,2025-11-30
Trail Running,UCSxqXJj9btSS3nrmBg8GXdQ,The Ginger Runner,imeHN6ARCaY,New Balance FuelCell RC Elite v2 Review | The Ginger Runner,2021-08-09 18:12:01+00:00,43781,1046,112,Unknown,2025-11-30
Trail Running,UCSxqXJj9btSS3nrmBg8GXdQ,The Ginger Runner,b_paRn4MnhM,Finding Timothy Olson on the Pacific Crest Trail  //  The Ginger Runner,2021-07-19 03:00:27+00:00,43764,1330,99,Unknown,2025-11-30
Trail Running,UCSxqXJj9btSS3nrmBg8GXdQ,The Ginger Runner,CuErFXzReeo,GRL 369 | COURTNEY DAUWALTER - The 2021 UTMB Women's Champion,2021-09-08 01:08:23+00:00,43090,934,69,Unknown,2025-11-30
Trail Running,UCSxqXJj9btSS3nrmBg8GXdQ,The Ginger Runner,lxfxQt0JQtw,SAUCONY PEREGRINE 12 REVIEW | The Ginger Runner,2022-05-04 04:37:06+00:00,42920,816,80,Unknown,2025-11-30
Trail Running,UCSxqXJj9btSS3nrmBg8GXdQ,The Ginger Runner,mjansFvwjm8,INOV-8 TERRACLAW 250 REVIEW | The Ginger Runner,2016-01-15 18:00:02+00:00,42565,318,38,Unknown,2025-11-30
Trail Running,UCSxqXJj9btSS3nrmBg8GXdQ,The Ginger Runner,slufVqkr4SI,TRAINING FOR SQUAMISH - Episode 1 | The Ginger Runner,2014-06-14 18:31:47+00:00,41527,578,67,Unknown,2025-11-30
Trail Running,UCSxqXJj9btSS3nrmBg8GXdQ,The Ginger Runner,lfz0Y8wb5Xo,Topo is BACK! // TOPO ULTRAVENTURE 3 REVIEW // Ginger Runner Review,2022-11-27 22:42:28+00:00,40961,786,84,Unknown,2025-11-30
Trail Running,UCSxqXJj9btSS3nrmBg8GXdQ,The Ginger Runner,t33Zi7Pe-jk,"GINGER RUNNER LIVE #137 | Jim Walmsley, New Grand Canyon R2R2R FKT!",2016-10-11 03:05:25+00:00,40837,462,29,Unknown,2025-11-30
Trail Running,UCSxqXJj9btSS3nrmBg8GXdQ,The Ginger Runner,UnIyJo9TFiM,ASICS GEL-LYTE33 v3 REVIEW | The Ginger Runner,2014-12-05 17:07:09+00:00,40748,260,108,Unknown,2025-11-30
Trail Running,UCSxqXJj9btSS3nrmBg8GXdQ,The Ginger Runner,PpanQ0DTato,BEHIND THE RUN - ep1 - YASSINE DIBOUN | The Ginger Runner,2017-09-10 04:48:46+00:00,40381,2016,167,Unknown,2025-11-30
Trail Running,UCSxqXJj9btSS3nrmBg8GXdQ,The Ginger Runner,V7hLGkSeCJM,2021 SUMMER SHORTS SHOWDOWN | The Ginger Runner,2021-09-22 16:00:16+00:00,40363,807,195,Unknown,2025-11-30
Trail Running,UCSxqXJj9btSS3nrmBg8GXdQ,The Ginger Runner,UO5clXFII1s,COROS VERTIX 2 REVIEW | The Ginger Runner,2021-12-03 04:00:13+00:00,40138,983,88,Unknown,2025-11-30
Trail Running,UCSxqXJj9btSS3nrmBg8GXdQ,The Ginger Runner,wYUD5JDyk7E,GNGRBTS #014 | Trail running on Orcas Island - my favorite episode yet.,2017-03-05 21:00:28+00:00,39763,1062,115,Unknown,2025-11-30
Trail Running,UCSxqXJj9btSS3nrmBg8GXdQ,The Ginger Runner,XCKo4XmFQX4,BROOKS NEURO REVIEW | The Ginger Runner,2016-02-05 18:36:08+00:00,39573,391,65,Unknown,2025-11-30
Trail Running,UCSxqXJj9btSS3nrmBg8GXdQ,The Ginger Runner,DV0Sel0uYeQ,BROOKS CATAMOUNT REVIEW | The Ginger Runner,2020-07-19 16:00:03+00:00,38977,830,105,Unknown,2025-11-30
Trail Running,UCSxqXJj9btSS3nrmBg8GXdQ,The Ginger Runner,epHden-Ti28,NIKE ZOOM TERRA KIGER 2 REVIEW | The Ginger Runner,2014-09-26 23:29:40+00:00,38664,244,46,Unknown,2025-11-30
Trail Running,UCSxqXJj9btSS3nrmBg8GXdQ,The Ginger Runner,ExitLDIRP9M,THE 2014 ASICS LA MARATHON | The Ginger Runner,2014-03-15 03:53:05+00:00,38607,536,91,Unknown,2025-11-30
Trail Running,UCSxqXJj9btSS3nrmBg8GXdQ,The Ginger Runner,Y51dvSPGjZM,ALTRA OLYMPUS 3.5 REVIEW | The Ginger Runner,2019-09-07 01:45:47+00:00,37818,738,78,Unknown,2025-11-30
Trail Running,UCSxqXJj9btSS3nrmBg8GXdQ,The Ginger Runner,LMU1B6dSy2s,SALOMON S-LAB X-SERIES REVIEW | The Ginger Runner,2015-07-25 02:18:30+00:00,37681,391,36,Unknown,2025-11-30
Trail Running,UCSxqXJj9btSS3nrmBg8GXdQ,The Ginger Runner,Bh0jlEXBdhU,We're all in this together.,2020-03-14 02:14:35+00:00,37582,2758,280,Unknown,2025-11-30
Trail Running,UCSxqXJj9btSS3nrmBg8GXdQ,The Ginger Runner,3Ndor13_FfQ,BROOKS MAZAMA REVIEW | The Ginger Runner,2016-08-19 17:00:01+00:00,37373,379,95,Unknown,2025-11-30
Trail Running,UCSxqXJj9btSS3nrmBg8GXdQ,The Ginger Runner,pgO7wQonYdI,It's still the softest shoe around! // NIKE INVINCIBLE RUN 3 REVIEW // Ginger Runner,2023-11-28 21:03:13+00:00,37036,637,60,Unknown,2025-11-30
Wingfoiling,UCQf8qievrZ8vF680-Ksrq7A,Wing Foil Magazine,poMgeeUmtHI,How to Wing Foil #1 All in the Prep,2021-09-08 14:08:43+00:00,349521,6039,244,Unknown,2025-11-30
Wingfoiling,UCPKTLpvmGrT0JN_NGHv4BNQ,Alan Cadiz,vcGubw9qsHQ,Getting up fast with Alan Cadiz,2021-04-21 18:41:16+00:00,295480,4004,163,Unknown,2025-12-01
Wingfoiling,UCQf8qievrZ8vF680-Ksrq7A,Wing Foil Magazine,GIUfoEH_sG4,How to Wing Foil #2 Getting Up on the Foil,2021-12-21 12:02:53+00:00,145782,2210,120,Unknown,2025-11-30
Wingfoiling,UCPKTLpvmGrT0JN_NGHv4BNQ,Alan Cadiz,Jk8gIRJigpA,Learning to Wingsurf on Maui with Alan Cadiz Part II,2020-05-19 19:59:54+00:00,133852,1699,157,Unknown,2025-12-01
Wingfoiling,UCPKTLpvmGrT0JN_NGHv4BNQ,Alan Cadiz,-e6llUN4noE,Learning to Wing Surf on Maui with Alan Cadiz Part 1,2020-04-22 21:53:13+00:00,122988,772,47,Unknown,2025-12-01
Wingfoiling,UCPKTLpvmGrT0JN_NGHv4BNQ,Alan Cadiz,DIP0-wEQiP8,Wing Foiling with Alan Cadiz: High-Wind Waterstarting,2020-04-26 05:29:02+00:00,75647,610,61,Unknown,2025-12-01
Wingfoiling,UCPKTLpvmGrT0JN_NGHv4BNQ,Alan Cadiz,NyJRcxoc-Ew,"Maalaea, ""Freight trains""",2022-07-18 19:11:29+00:00,74153,616,71,Unknown,2025-12-01
Wingfoiling,UCQf8qievrZ8vF680-Ksrq7A,Wing Foil Magazine,u4bJY6z9DzQ,How to Wing Foil #3 Learning to Wing Foil Gybe Part 1 - Heel to Toe Gybe off the Foil,2022-03-02 11:11:04+00:00,67189,863,36,Unknown,2025-11-30
Wingfoiling,UCPKTLpvmGrT0JN_NGHv4BNQ,Alan Cadiz,mbPD3QdX7QM,"How to Wing Foil Jibe with Alan Cadiz on Maui, Trailer",2020-09-23 07:26:58+00:00,53186,701,36,Unknown,2025-12-01
Wingfoiling,UCPKTLpvmGrT0JN_NGHv4BNQ,Alan Cadiz,kPAtqKzeeCU,"Staying Centered, Learning to wing foil",2021-10-29 18:41:04+00:00,50086,844,28,Unknown,2025-12-01
Wingfoiling,UCPKTLpvmGrT0JN_NGHv4BNQ,Alan Cadiz,L1O8DUHRZXc,Wing foiling in the Marshall Islands,2024-04-28 21:19:24+00:00,45218,615,59,Unknown,2025-12-01
Wingfoiling,UCPKTLpvmGrT0JN_NGHv4BNQ,Alan Cadiz,9L02dL5Eqtg,Duotone Slick with Alan Cadiz,2021-03-18 21:19:13+00:00,42500,629,59,Unknown,2025-12-01
Wingfoiling,UCQf8qievrZ8vF680-Ksrq7A,Wing Foil Magazine,ceOf57SEK74,How to Wing Foil #4 Learning to Wing Foil Gybe Part 2 - Steering on the Foil,2022-07-06 20:26:20+00:00,40526,468,15,Unknown,2025-11-30
Wingfoiling,UCPKTLpvmGrT0JN_NGHv4BNQ,Alan Cadiz,SPalWCpbVWM,Learn to fly a handheld wing: in 8 minutes,2023-05-05 01:58:43+00:00,38983,853,37,Unknown,2025-12-01
Wingfoiling,UCQf8qievrZ8vF680-Ksrq7A,Wing Foil Magazine,2PMmXZNmbG8,How to Wing Foil #5 Learning to Wing Foil Gybe Part 3 - Foiling Heel to Toe Gybe,2023-01-17 12:42:11+00:00,34910,423,23,Unknown,2025-11-30
Wingfoiling,UCPKTLpvmGrT0JN_NGHv4BNQ,Alan Cadiz,69Yjzo_s0cY,"Alan Cadiz, the Duotone Unit and D Lab foil wing",2022-02-11 20:44:29+00:00,30369,347,48,Unknown,2025-12-01
Wingfoiling,UCQf8qievrZ8vF680-Ksrq7A,Wing Foil Magazine,SVgOg8r6zbg,Where Should I Put My Foil In The Mast Track?,2022-10-19 18:18:46+00:00,27863,1110,48,Unknown,2025-11-30
Wingfoiling,UCPKTLpvmGrT0JN_NGHv4BNQ,Alan Cadiz,hhUYFvdeV9k,WingFoiling with a Harness on Maui with Alan Cadiz,2020-07-02 07:14:35+00:00,26933,354,52,Unknown,2025-12-01
Wingfoiling,UCPKTLpvmGrT0JN_NGHv4BNQ,Alan Cadiz,wxDPxbhGIhs,Basic wing skills and tight radius turns,2020-04-27 08:00:21+00:00,25611,303,12,Unknown,2025-12-01
Wingfoiling,UCPKTLpvmGrT0JN_NGHv4BNQ,Alan Cadiz,PiS2hDIG7-s,Paddle Imua 2023,2023-07-28 01:51:41+00:00,25606,276,29,Unknown,2025-12-01
Wingfoiling,UCQf8qievrZ8vF680-Ksrq7A,Wing Foil Magazine,Qn9_rgXzkNo,"How to Wing Foil #9 First Foiling Foot Switch, Heel to Toe",2023-09-05 17:27:00+00:00,25446,574,38,Unknown,2025-11-30
Wingfoiling,UCPKTLpvmGrT0JN_NGHv4BNQ,Alan Cadiz,xyQg7WV4vRE,Alan Cadiz and the Duotone Slick SLS 2022,2022-07-30 18:03:32+00:00,25433,410,26,Unknown,2025-12-01
Wingfoiling,UCQf8qievrZ8vF680-Ksrq7A,Wing Foil Magazine,_PdWeRhMSbk,How to Wing Foil #8 - Riding Toeside,2023-07-27 12:33:24+00:00,24334,554,15,Unknown,2025-11-30
Wingfoiling,UCPKTLpvmGrT0JN_NGHv4BNQ,Alan Cadiz,DpnsD2WJgJc,The year in review... Wing foiling with Alan Cadiz - YouTube and Patreon.com,2023-12-29 08:04:27+00:00,21739,342,14,Unknown,2025-12-01
Wingfoiling,UCPKTLpvmGrT0JN_NGHv4BNQ,Alan Cadiz,MO35XekZURE,Wing surf session 4 2020,2020-04-18 20:58:43+00:00,21081,271,25,Unknown,2025-12-01
Wingfoiling,UCPKTLpvmGrT0JN_NGHv4BNQ,Alan Cadiz,RDwJFGRP3d0,"Trailer, Wing foiling and the Heineken Jibe",2022-03-25 19:04:38+00:00,18973,209,7,Unknown,2025-12-01
Wingfoiling,UCPKTLpvmGrT0JN_NGHv4BNQ,Alan Cadiz,HFFpWkV2xb8,Hawaii wing foil state championships,2023-09-03 18:21:12+00:00,18341,248,38,Unknown,2025-12-01
Wingfoiling,UCPKTLpvmGrT0JN_NGHv4BNQ,Alan Cadiz,pR5AGh4NcOM,October wingsurf session with Alan Cadiz on Maui,2020-10-28 07:58:28+00:00,17554,331,45,Unknown,2025-12-01
Wingfoiling,UCPKTLpvmGrT0JN_NGHv4BNQ,Alan Cadiz,gPPpPjB_35k,Maui SUP and Wing foil coast run.,2023-02-11 06:09:55+00:00,16296,251,24,Unknown,2025-12-01
Wingfoiling,UCQf8qievrZ8vF680-Ksrq7A,Wing Foil Magazine,It_iuoOvcQE,SUP Technique - Balance Control and Efficiency,2017-10-09 09:17:49+00:00,16154,107,3,Unknown,2025-11-30
Wingfoiling,UCPKTLpvmGrT0JN_NGHv4BNQ,Alan Cadiz,Sv2TselnJFw,The way I rig the Duotone Echo,2020-07-31 07:18:01+00:00,14819,151,40,Unknown,2025-12-01
Wingfoiling,UCPKTLpvmGrT0JN_NGHv4BNQ,Alan Cadiz,5NBpREEC6l0,Wingfoil Maui Coast Runs June 2020,2020-06-19 20:33:09+00:00,14623,211,29,Unknown,2025-12-01
Wingfoiling,UCPKTLpvmGrT0JN_NGHv4BNQ,Alan Cadiz,MbGShPNzsSk,Speed on the water!,2021-01-14 08:29:52+00:00,12661,178,15,Unknown,2025-12-01
Wingfoiling,UCPKTLpvmGrT0JN_NGHv4BNQ,Alan Cadiz,3LnrsxFwKm8,Summer Fun,2020-08-09 00:12:22+00:00,11937,203,21,Unknown,2025-12-01
Wingfoiling,UCPKTLpvmGrT0JN_NGHv4BNQ,Alan Cadiz,jH9VFeLUuUk,Paddle Imua 2024 Wing Foil Division,2024-07-19 04:35:35+00:00,11363,213,12,Unknown,2025-12-01
Wingfoiling,UCPKTLpvmGrT0JN_NGHv4BNQ,Alan Cadiz,nScYUkusW7k,Wing Foiling on Maui with the GoFoil Crew,2020-07-27 05:57:53+00:00,11210,157,14,Unknown,2025-12-01
Wingfoiling,UCQf8qievrZ8vF680-Ksrq7A,Wing Foil Magazine,UKW-R6RCBqU,How to Wing Foil #14 - Toe to Heel Tack,2025-09-09 15:45:03+00:00,10866,313,19,Unknown,2025-11-30
Wingfoiling,UCQf8qievrZ8vF680-Ksrq7A,Wing Foil Magazine,CAjTh-thr7I,How to Wing Foil #7 Learning to Wing Foil Gybe Part 5 - Foiling Toe to Heel Gybe,2023-04-18 14:19:00+00:00,10656,135,7,Unknown,2025-11-30
Wingfoiling,UCPKTLpvmGrT0JN_NGHv4BNQ,Alan Cadiz,fIW1SG_1WgM,Run to the Mokuluas,2023-01-09 21:33:58+00:00,10648,280,26,Unknown,2025-12-01
Wingfoiling,UCQf8qievrZ8vF680-Ksrq7A,Wing Foil Magazine,3Kesm4xUbKo,How to Wing Foil #10 – Tacking Off The Foil,2024-02-19 07:22:56+00:00,10644,152,8,Unknown,2025-11-30
Wingfoiling,UCPKTLpvmGrT0JN_NGHv4BNQ,Alan Cadiz,W1GtdrAfd2A,Pumping up on foil,2021-03-01 22:49:41+00:00,10163,152,20,Unknown,2025-12-01
Wingfoiling,UCPKTLpvmGrT0JN_NGHv4BNQ,Alan Cadiz,9Ax4OcYjxaw,"Learning how to Get up and stay up on Foil, Trailer",2020-08-28 01:01:01+00:00,8753,56,8,Unknown,2025-12-01
Wingfoiling,UCQf8qievrZ8vF680-Ksrq7A,Wing Foil Magazine,w9GoU5DP3V4,F-ONE Seven Seas 1400 2023 Review,2022-12-04 09:57:56+00:00,8262,124,8,Unknown,2025-11-30
Wingfoiling,UCQf8qievrZ8vF680-Ksrq7A,Wing Foil Magazine,m96S8X8lVh4,How to Wing Foil #11 -  Foot Switch Toe to Heel,2024-04-02 11:29:40+00:00,8210,122,14,Unknown,2025-11-30
Wingfoiling,UCQf8qievrZ8vF680-Ksrq7A,Wing Foil Magazine,U_awgkOCtx4,How to Wingfoil #12 - The Duck Gybe,2024-08-30 20:00:23+00:00,7841,174,8,Unknown,2025-11-30
Wingfoiling,UCPKTLpvmGrT0JN_NGHv4BNQ,Alan Cadiz,93Mm6I1Ed68,Starfishing,2021-07-24 06:43:46+00:00,7709,249,6,Unknown,2025-12-01
Wingfoiling,UCPKTLpvmGrT0JN_NGHv4BNQ,Alan Cadiz,KpEP8ouCVOU,"Coast run, John and Kane",2022-04-23 04:51:22+00:00,7176,142,8,Unknown,2025-12-01
Wingfoiling,UCQf8qievrZ8vF680-Ksrq7A,Wing Foil Magazine,JsKc-hnlTcw,How to Wingfoil #13 - Pumping,2025-07-28 10:45:04+00:00,6324,159,13,Unknown,2025-11-30
Wingfoiling,UCPKTLpvmGrT0JN_NGHv4BNQ,Alan Cadiz,U28UtxNrqyQ,Volume all the way up so you can hear what its like.,2020-09-03 22:17:24+00:00,6170,64,5,Unknown,2025-12-01
Wingfoiling,UCQf8qievrZ8vF680-Ksrq7A,Wing Foil Magazine,45dLcbNwb-c,Brainchild Production - A Glimpse Into The Future - Sustainable Manufacturing In Europe,2022-11-17 18:59:21+00:00,5514,80,6,Unknown,2025-11-30
Wingfoiling,UCPKTLpvmGrT0JN_NGHv4BNQ,Alan Cadiz,uInkUWjlgi8,"Maui Coast Run, Wing and SUP Foil June 2020",2020-06-08 21:48:54+00:00,5072,88,16,Unknown,2025-12-01
Wingfoiling,UCPKTLpvmGrT0JN_NGHv4BNQ,Alan Cadiz,a2XWYVOAjZg,Pe'ahi from the channel,2021-01-18 05:55:24+00:00,4928,87,15,Unknown,2025-12-01
Wingfoiling,UCQf8qievrZ8vF680-Ksrq7A,Wing Foil Magazine,hBE9C_i2d94,Armstrong HA880 & HA1180 Review,2024-02-15 17:59:09+00:00,4848,50,6,Unknown,2025-11-30
Wingfoiling,UCPKTLpvmGrT0JN_NGHv4BNQ,Alan Cadiz,BIEGUqQM21c,"South of the equator, YouTube",2025-06-17 00:00:11+00:00,4708,132,6,Unknown,2025-12-01
Wingfoiling,UCQf8qievrZ8vF680-Ksrq7A,Wing Foil Magazine,VCpNBYE6qR0,Testing the F-ONE Eagle 990 & Rocket Wing S 5’0,2022-05-08 22:59:22+00:00,3926,12,6,Unknown,2025-11-30
Wingfoiling,UCPKTLpvmGrT0JN_NGHv4BNQ,Alan Cadiz,iqoy1lIwTCY,Scooter's big day!,2020-05-22 20:09:41+00:00,3724,103,9,Unknown,2025-12-01
Wingfoiling,UCQf8qievrZ8vF680-Ksrq7A,Wing Foil Magazine,9XOgoz22ssI,"Testing the F-ONE Strike CWC 7m in 7-11 knots. Old Harry Rocks, Dorset.",2021-08-10 16:43:00+00:00,3664,9,6,Unknown,2025-11-30
Wingfoiling,UCPKTLpvmGrT0JN_NGHv4BNQ,Alan Cadiz,r3G6bnnH1zk,Patti's wing summer,2020-12-11 23:42:23+00:00,3514,51,10,Unknown,2025-12-01
Wingfoiling,UCPKTLpvmGrT0JN_NGHv4BNQ,Alan Cadiz,rTzboE_Zt0E,Dream at 2am,2021-02-19 06:41:42+00:00,3316,66,7,Unknown,2025-12-01
Wingfoiling,UCPKTLpvmGrT0JN_NGHv4BNQ,Alan Cadiz,1KW_-eOGnRc,Maui Coast Run,2021-02-27 07:08:08+00:00,2923,46,6,Unknown,2025-12-01
Wingfoiling,UCPKTLpvmGrT0JN_NGHv4BNQ,Alan Cadiz,tmEOUE6JRTY,Wing Foil Tacking in Kahului Harbor - POV,2020-04-29 08:26:14+00:00,2849,39,3,Unknown,2025-12-01
Wingfoiling,UCQf8qievrZ8vF680-Ksrq7A,Wing Foil Magazine,VH9xHs6_rTw,North Foils Seek 2024 Wingfoil Board Review,2024-01-28 08:57:24+00:00,2570,25,1,Unknown,2025-11-30
Wingfoiling,UCQf8qievrZ8vF680-Ksrq7A,Wing Foil Magazine,hpFTfCWkIVo,Armstrong Downwind SUP 7'7 - Flat Water Starts,2023-06-01 19:28:08+00:00,2146,22,1,Unknown,2025-11-30
Wingfoiling,UCQf8qievrZ8vF680-Ksrq7A,Wing Foil Magazine,qddA1eZ8glY,F-ONE Rocket Surf 4’6. Testing the 33L Rocket Surf in glamour conditions in Cornwall.,2022-07-24 19:41:24+00:00,2062,14,3,Unknown,2025-11-30
Wingfoiling,UCQf8qievrZ8vF680-Ksrq7A,Wing Foil Magazine,G4rB7rV0DOk,Mode Pro Wing  2024 Review | North Foils,2024-01-26 22:39:41+00:00,1912,18,1,Unknown,2025-11-30
Wingfoiling,UCQf8qievrZ8vF680-Ksrq7A,Wing Foil Magazine,zo5GH2Rzbjo,How to Wingfoil #12 - The Duck Gybe,2025-02-09 16:28:00+00:00,1829,9,2,Unknown,2025-11-30
Wingfoiling,UCQf8qievrZ8vF680-Ksrq7A,Wing Foil Magazine,sv7s_dsVfio,Beach Starts on the Armstrong MA1750,2023-08-31 21:36:07+00:00,1729,15,1,Unknown,2025-11-30
Wingfoiling,UCQf8qievrZ8vF680-Ksrq7A,Wing Foil Magazine,TkoHmnuM-P8,AFS Whitebird 7'8 2025 Review,2025-03-12 14:17:48+00:00,1717,34,1,Unknown,2025-11-30
Wingfoiling,UCQf8qievrZ8vF680-Ksrq7A,Wing Foil Magazine,dF9_7frpqNI,"Testing the Cabrinha H-Series 1000, Code 5’0 & Crosswing X3",2022-05-20 20:38:46+00:00,1630,3,3,Unknown,2025-11-30
Wingfoiling,UCQf8qievrZ8vF680-Ksrq7A,Wing Foil Magazine,bCKaoTgfBBU,Wake thieving the Dorset Belle,2022-05-31 21:50:53+00:00,1562,4,0,Unknown,2025-11-30
Wingfoiling,UCQf8qievrZ8vF680-Ksrq7A,Wing Foil Magazine,taEyoroS77w,AFS Blackbird test raw footage. Wing drop downwinding.,2023-06-01 19:27:15+00:00,1562,13,0,Unknown,2025-11-30
Wingfoiling,UCQf8qievrZ8vF680-Ksrq7A,Wing Foil Magazine,hbe--qtErRo,AFS Foils Whitebird Review,2025-03-12 20:21:18+00:00,1520,21,0,Unknown,2025-11-30
Wingfoiling,UCQf8qievrZ8vF680-Ksrq7A,Wing Foil Magazine,DfZlwHFJhhk,ION Seek Select 5/4mm Front Zip 2023 Review,2023-12-21 05:50:46+00:00,1498,9,1,Unknown,2025-11-30
Wingfoiling,UCQf8qievrZ8vF680-Ksrq7A,Wing Foil Magazine,Sx3A5MD-5dA,Testing the new Armstrong CF950 V2 & the FG 4’10,2022-07-26 09:22:57+00:00,1245,5,0,Unknown,2025-11-30
Wingfoiling,UCQf8qievrZ8vF680-Ksrq7A,Wing Foil Magazine,YQbBkinb700,Armstrong WKT Wake Kite Tow 109 2023 on water dock start review,2023-01-12 20:47:30+00:00,1220,13,1,Unknown,2025-11-30
Wingfoiling,UCQf8qievrZ8vF680-Ksrq7A,Wing Foil Magazine,5uaMMGVyvGU,Ozone Apex V1 MA 1250 & 1500 2022,2022-11-22 20:45:27+00:00,1136,11,0,Unknown,2025-11-30
Wingfoiling,UCQf8qievrZ8vF680-Ksrq7A,Wing Foil Magazine,CU7z2DCPGlo,Freedom Foil Boards FTW Pro 2023 Review,2022-11-19 07:42:33+00:00,1099,8,2,Unknown,2025-11-30
Wingfoiling,UCQf8qievrZ8vF680-Ksrq7A,Wing Foil Magazine,GEnXR1x9dIk,Core Roamer 2023 Review,2023-08-10 08:07:58+00:00,1031,12,1,Unknown,2025-11-30
Wingfoiling,UCQf8qievrZ8vF680-Ksrq7A,Wing Foil Magazine,CAiRZDnAs_0,Raw footage shooting the pier while testing Naish 2022 gear,2022-02-16 23:33:00+00:00,1029,12,0,Unknown,2025-11-30
Wingfoiling,UCQf8qievrZ8vF680-Ksrq7A,Wing Foil Magazine,sVphH5XkRys,Cabrinha Union Prestige 905 Full Review,2025-11-12 13:01:51+00:00,902,21,5,Unknown,2025-11-30
Wingfoiling,UCQf8qievrZ8vF680-Ksrq7A,Wing Foil Magazine,uG6A5k-2HXw,Cabrinha Mantis Apex 2026 Review,2025-08-05 14:05:48+00:00,896,10,0,Unknown,2025-11-30
Wingfoiling,UCQf8qievrZ8vF680-Ksrq7A,Wing Foil Magazine,__ukQHWHH4g,Cabrinha Mantis Apex 2026 Review,2025-08-05 13:01:09+00:00,894,11,0,Unknown,2025-11-30
Wingfoiling,UCQf8qievrZ8vF680-Ksrq7A,Wing Foil Magazine,Qbatd5uvYy0,Prone Foiling with Rick Parkhouse,2021-08-10 13:57:32+00:00,856,5,0,Unknown,2025-11-30
Wingfoiling,UCQf8qievrZ8vF680-Ksrq7A,Wing Foil Magazine,TUI8R2-yso4,Testing the new Cabrinha X-Series Mk ll foil,2022-07-26 09:17:43+00:00,856,1,1,Unknown,2025-11-30
Wingfoiling,UCQf8qievrZ8vF680-Ksrq7A,Wing Foil Magazine,--Tz6GKtV9A,Ozone Flux V2 review - V2 Ultra-X model Vs V2 Dacron Model,2025-08-12 15:53:40+00:00,815,23,3,Unknown,2025-11-30
Wingfoiling,UCQf8qievrZ8vF680-Ksrq7A,Wing Foil Magazine,35zxOG51gQI,Ladder Club shooting the Pier!,2021-10-17 19:43:57+00:00,768,8,0,Unknown,2025-11-30
Wingfoiling,UCQf8qievrZ8vF680-Ksrq7A,Wing Foil Magazine,LTqjA0erQ6c,AFS Foils Tech Talk with Paul Wakelin,2024-07-02 20:33:40+00:00,766,11,2,Unknown,2025-11-30
Wingfoiling,UCQf8qievrZ8vF680-Ksrq7A,Wing Foil Magazine,6YCC_1e3-ak,Raw footage - AFS Silk 850 & Chipri Pro 4'4 2023 Review,2023-11-22 23:28:57+00:00,759,8,0,Unknown,2025-11-30
Wingfoiling,UCQf8qievrZ8vF680-Ksrq7A,Wing Foil Magazine,kPGaCucUe3Y,Testing the Shinn Resurector in chunky swell off Hengistbury Head,2021-08-10 16:44:09+00:00,706,6,1,Unknown,2025-11-30
Wingfoiling,UCQf8qievrZ8vF680-Ksrq7A,Wing Foil Magazine,WOA1vVetWxo,@RouChater walks us through @corewatersport Halo Pro 2024. 🔥,2024-09-18 18:59:35+00:00,682,8,1,Unknown,2025-11-30
Wingfoiling,UCQf8qievrZ8vF680-Ksrq7A,Wing Foil Magazine,ZCO3xGh9EAI,Armstrong Downwind Ocean 7’8: LIVE REVIEW,2025-05-21 21:25:56+00:00,633,14,1,Unknown,2025-11-30
Wingfoiling,UCQf8qievrZ8vF680-Ksrq7A,Wing Foil Magazine,dKaPQugoxIA,Lulworth Cove Ladder Club,2021-10-17 20:02:23+00:00,599,7,2,Unknown,2025-11-30
Wingfoiling,UCQf8qievrZ8vF680-Ksrq7A,Wing Foil Magazine,B0U1MDJpMdk,Dryrobe Advance Long Sleeve 2025 Review,2025-09-02 06:52:42+00:00,527,6,1,Unknown,2025-11-30
Wingfoiling,UCQf8qievrZ8vF680-Ksrq7A,Wing Foil Magazine,NTVnQI-ckvk,CORE Halo Pro 2024 Review,2024-09-18 18:53:28+00:00,481,9,1,Unknown,2025-11-30
Wingfoiling,UCQf8qievrZ8vF680-Ksrq7A,Wing Foil Magazine,-64fXkxK4zc,Armstrong Alloy Foil Mast 2024 Review,2024-05-21 13:17:02+00:00,446,4,1,Unknown,2025-11-30
Wingfoiling,UCQf8qievrZ8vF680-Ksrq7A,Wing Foil Magazine,trqq5rPUHwM,Cabrinha Mantis 2025 Review,2025-08-11 13:45:18+00:00,419,4,0,Unknown,2025-11-30
Wingfoiling,UCQf8qievrZ8vF680-Ksrq7A,Wing Foil Magazine,QYnXw7EmKjU,Testing the FFB Nugget - Raw Footage,2023-06-01 19:29:06+00:00,403,2,0,Unknown,2025-11-30
Wingfoiling,UCQf8qievrZ8vF680-Ksrq7A,Wing Foil Magazine,h7KE9natp74,Armstrong Foils Tech Talk with Joe Adams,2024-07-02 09:59:28+00:00,379,7,2,Unknown,2025-11-30
Wingfoiling,UCQf8qievrZ8vF680-Ksrq7A,Wing Foil Magazine,8IUt7mEKQ30,Ozone Wings Tech Talk with Jim Gaunt,2024-07-03 16:41:18+00:00,271,4,0,Unknown,2025-11-30
Wingfoiling,UCQf8qievrZ8vF680-Ksrq7A,Wing Foil Magazine,vB3aMMgwYho,Cabrinha AER 2025 Review,2025-08-11 13:59:00+00:00,241,7,0,Unknown,2025-11-30
Wingfoiling,UCQf8qievrZ8vF680-Ksrq7A,Wing Foil Magazine,r0D5YBr3qjA,Littlehampton 2024 IKSURFMAG & Tonic Mag Demo Weekend - Ozone Wings,2024-09-17 12:04:44+00:00,158,4,0,Unknown,2025-11-30
Wingfoiling,UCQf8qievrZ8vF680-Ksrq7A,Wing Foil Magazine,oquO5A5zQNU,The Foil Pod #2 Jon Modica / Chariman of the Board at Cabrinha talks about the new Prestige Foil!,2025-11-11 10:30:20+00:00,134,6,0,Unknown,2025-11-30
Wingfoiling,UCQf8qievrZ8vF680-Ksrq7A,Wing Foil Magazine,TDN5N4fnBGg,"The Foil Pod #1 / Connor Bainbridge / Olympic Foil Racer, Ozone Designer, Wing Foil Addict!",2025-11-05 09:56:56+00:00,107,3,2,Unknown,2025-11-30
Wingfoiling,UCQf8qievrZ8vF680-Ksrq7A,Wing Foil Magazine,y9uUDyygnXk,The Foil Pod #3 Ben Beholz / YouTuber / Foiler / Dock Start Addict,2025-11-27 10:30:35+00:00,94,3,0,Unknown,2025-11-30
